#ifndef EPD_BITMAP_ALLARRAY_H
#define EPD_BITMAP_ALLARRAY_H
#include <Arduino.h>
// ===== BOOT IMAGE =====
const uint16_t epd_bitmap_BOOT [] PROGMEM = {
	0xbf5d, 0xbf5d, 0xbf5d, 0xbf5d, 0xbf5d, 0xbf5d, 0xbf5d, 0xbf5d, 0xbf5d, 0xbf5d, 0xbf5d, 0xbf5d, 0xbf5d, 0xbf5d, 0xbf5d, 0xbf5d, 
	0xbf5d, 0xbf5d, 0xbf5d, 0xbf5d, 0xbf5d, 0xbf5d, 0xbf5d, 0xbf5d, 0xbf5d, 0xbf5d, 0xbf5d, 0xbf5d, 0xbf5d, 0xbf5d, 0xbf5d, 0xbf5d, 
	0xbf5d, 0xbf5d, 0xbf5d, 0xbf5d, 0xbf5d, 0xbf5d, 0xbf5d, 0xbf5d, 0xbf5d, 0xbf5d, 0xbf5d, 0xbf5d, 0xbf5d, 0xbf5d, 0xbf5d, 0xbf5d, 
	0xbf5d, 0xbf5d, 0xbf5d, 0xbf5d, 0xbf5d, 0xbf5d, 0xbf5d, 0xbf5d, 0xbf5d, 0xbf5d, 0xbf5d, 0xbf5d, 0xbf5d, 0xbf5d, 0xbf5d, 0xbf5d, 
	0xbf5d, 0xbf5d, 0xbf5d, 0xbf5d, 0xbf5d, 0xbf5d, 0xbf5d, 0xbf5d, 0xbf5d, 0xbf5d, 0xbf5d, 0xbf5d, 0xbf5d, 0xbf5d, 0xbf5d, 0xbf5d, 
	0xbf5d, 0xbf5d, 0xbf5d, 0xbf5d, 0xbf5d, 0xbf5d, 0xbf5d, 0xbf5d, 0xbf5d, 0xbf5d, 0xbf5d, 0xbf5d, 0xbf5d, 0xbf5d, 0xbf5d, 0xbf5d, 
	0xbf5d, 0xbf5d, 0xbf5d, 0xbf5d, 0xbf5d, 0xbf5d, 0xbf5d, 0xbf5d, 0xbf5d, 0xbf5d, 0xbf5d, 0xbf5d, 0xbf5d, 0xbf5d, 0xbf5d, 0xbf5d, 
	0xbf5d, 0xbf5d, 0xbf5d, 0xbf5d, 0xbf5d, 0xbf5d, 0xbf5d, 0xbf5d, 0xbf5d, 0xbf5d, 0xbf5d, 0xbf5d, 0xbf5d, 0xbf5d, 0xbf5d, 0xbf5d, 
	0xbf5d, 0xbf5d, 0xbf5d, 0xbf5d, 0xbf5d, 0xbf5d, 0xbf5d, 0xbf5d, 0xbf5d, 0xbf5d, 0xbf5d, 0xbf5d, 0xbf5d, 0xbf5d, 0xbf5d, 0xbf5d, 
	0xbf5d, 0xbf5d, 0xbf5d, 0xbf5d, 0xbf5d, 0xbf5d, 0xbf5d, 0xbf5d, 0xbf5d, 0xbf5d, 0xbf5d, 0xbf5d, 0xbf5d, 0xbf5d, 0xbf5d, 0xbf5d, 
	0xbf5d, 0xbf5d, 0xbf5d, 0xbf5d, 0xbf5d, 0xbf5d, 0xbf5d, 0xbf5d, 0xbf5d, 0xbf5d, 0xbf5d, 0xbf5d, 0xbf5d, 0xbf5d, 0xbf5d, 0xbf5d, 
	0xbf5d, 0xbf5d, 0xbf5d, 0xbf5d, 0xbf5d, 0xbf5d, 0xbf5d, 0xbf5d, 0xbf5d, 0xbf5d, 0xbf5d, 0xbf5d, 0xbf5d, 0xbf5d, 0xbf5d, 0xbf5d, 
	0xbf5d, 0xbf5d, 0xbf5d, 0xbf5d, 0xbf5d, 0xbf5d, 0xbf5d, 0xbf5d, 0xbf5d, 0xbf5d, 0xbf5d, 0xbf5d, 0xbf5d, 0xbf5d, 0xbf5d, 0xbf5d, 
	0xbf5d, 0xbf5d, 0xbf5d, 0xbf5d, 0xbf5d, 0xbf5d, 0xbf5d, 0xbf5d, 0xbf5d, 0xbf5d, 0xbf5d, 0xbf5d, 0xbf5d, 0xbf5d, 0xbf5d, 0xbf5d, 
	0xbf5d, 0xbf5d, 0xbf5d, 0xbf5d, 0xbf5d, 0xbf5d, 0xbf5d, 0xbf5d, 0xbf5d, 0xbf5d, 0xbf5d, 0xbf5d, 0xbf5d, 0xbf5d, 0xbf5d, 0xbf5d, 
	0xbf5d, 0xbf5d, 0xbf5d, 0xbf5d, 0xbf5d, 0xbf5d, 0xbf5d, 0xbf5d, 0xbf5d, 0xbf5d, 0xbf5d, 0xbf5d, 0xbf5d, 0xbf5d, 0xbf5d, 0xbf5d, 
	0xbf5d, 0xbf5d, 0xbf5d, 0xbf5d, 0xbf5d, 0xbf5d, 0xbf5d, 0xbf5d, 0xbf5d, 0xbf5d, 0xbf5d, 0xbf5d, 0xbf5d, 0xbf5d, 0xbf5d, 0xbf5d, 
	0xbf5d, 0xbf5d, 0xbf5d, 0xbf5d, 0xbf5d, 0xbf5d, 0xbf5d, 0xbf5d, 0xbf5d, 0xbf5d, 0xbf5d, 0xbf5d, 0xbf5d, 0xbf5d, 0xbf5d, 0xbf5d, 
	0xbf5d, 0xbf5d, 0xbf5d, 0xbf5d, 0xbf5d, 0xbf5d, 0xbf5d, 0xbf5d, 0xbf5d, 0xbf5d, 0xbf5d, 0xbf5d, 0xbf5d, 0xbf5d, 0xbf5d, 0xbf5d, 
	0xbf5d, 0xbf5d, 0xbf5d, 0xbf5d, 0xbf5d, 0xbf5d, 0xbf5d, 0xbf5d, 0xbf5d, 0xbf5c, 0xbf5c, 0xbf5c, 0xbf5c, 0xbf5c, 0xbf5c, 0xbf5c, 
	0xbf5c, 0xbf5c, 0xbf5c, 0xbf5c, 0xbf5d, 0xbf5d, 0xbf5d, 0xbf5d, 0xbf5d, 0xbf5d, 0xbf5d, 0xbf5d, 0xbf5d, 0xbf5d, 0xbf5d, 0xbf5d, 
	0xbf5d, 0xbf5d, 0xbf5d, 0xbf5d, 0xbf5d, 0xbf5d, 0xbf5d, 0xbf5d, 0xbf5d, 0xbf5d, 0xbf5d, 0xbf5d, 0xbf5d, 0xbf5d, 0xbf5d, 0xbf5d, 
	0xbf5d, 0xbf5d, 0xbf5d, 0xbf5d, 0xbf5d, 0xbf5d, 0xbf5d, 0xbf5d, 0xbf5d, 0xbf5d, 0xbf5d, 0xbf5d, 0xbf5d, 0xbf5d, 0xbf5d, 0xbf5d, 
	0xbf5d, 0xbf5d, 0xbf5d, 0xbf5d, 0xbf5d, 0xbf5d, 0xbf5d, 0xbf5d, 0xbf5d, 0xbf5d, 0xbf5d, 0xbf5d, 0xbf5d, 0xbf5d, 0xbf5d, 0xbf5d, 
	0xbf5d, 0xbf5d, 0xbf5d, 0xbf5d, 0xbf5d, 0xbf5d, 0xbf5d, 0xbf5d, 0xbf5d, 0xbf5d, 0xbf5d, 0xbf5d, 0xbf5d, 0xbf5d, 0xbf5d, 0xbf5d, 
	0xbf5d, 0xbf5d, 0xbf5d, 0xbf5d, 0xbf5d, 0xbf5d, 0xbf5d, 0xbf5d, 0xbf5d, 0xbf5d, 0xbf5d, 0xbf5d, 0xbf5d, 0xbf5d, 0xbf5d, 0xbf5d, 
	0xbf5d, 0xbf5d, 0xbf5d, 0xbf5d, 0xbf5d, 0xbf5d, 0xbf5d, 0xbf5d, 0xbf5d, 0xbf5d, 0xbf5d, 0xbf5d, 0xbf5d, 0xbf5d, 0xbf5d, 0xbf5d, 
	0xbf5d, 0xbf5c, 0xbf5c, 0xbf5c, 0xbf3c, 0xbf3c, 0xbf3c, 0xbf3c, 0xbf3c, 0xbf3c, 0xb73c, 0xb73c, 0xb73c, 0xb73c, 0xb73c, 0xb73c, 
	0xb73c, 0xb73c, 0xb73c, 0xbf3c, 0xbf3c, 0xbf3c, 0xbf3c, 0xbf3c, 0xbf5c, 0xbf5c, 0xbf5c, 0xbf5c, 0xbf5c, 0xbf5d, 0xbf5d, 0xbf5d, 
	0xbf5d, 0xbf5d, 0xbf5d, 0xbf5d, 0xbf5d, 0xbf5d, 0xbf5d, 0xbf5d, 0xbf5d, 0xbf5d, 0xbf5d, 0xbf5d, 0xbf5d, 0xbf5d, 0xbf5d, 0xbf5d, 
	0xbf5d, 0xbf5d, 0xbf5d, 0xbf5d, 0xbf5d, 0xbf5d, 0xbf5d, 0xbf5d, 0xbf5d, 0xbf5d, 0xbf5d, 0xbf5d, 0xbf5d, 0xbf5d, 0xbf5d, 0xbf5d, 
	0xbf5d, 0xbf5d, 0xbf5d, 0xbf5d, 0xbf5d, 0xbf5d, 0xbf5d, 0xbf5d, 0xbf5d, 0xbf5d, 0xbf5d, 0xbf5d, 0xbf5d, 0xbf5d, 0xbf5d, 0xbf5d, 
	0xbf5d, 0xbf5d, 0xbf5d, 0xbf5d, 0xbf5d, 0xbf5d, 0xbf5d, 0xbf5d, 0xbf5d, 0xbf5d, 0xbf5d, 0xbf5d, 0xbf5d, 0xbf5d, 0xbf5d, 0xbf5d, 
	0xbf5d, 0xbf5d, 0xbf5d, 0xbf5d, 0xbf5d, 0xbf5d, 0xbf5d, 0xbf5d, 0xbf5d, 0xbf5d, 0xbf5d, 0xbf5d, 0xbf5d, 0xbf5d, 0xbf5d, 0xbf5d, 
	0xbf5d, 0xbf5d, 0xbf5d, 0xbf5d, 0xbf5d, 0xbf5d, 0xbf5d, 0xbf5d, 0xbf5d, 0xbf5d, 0xbf5d, 0xbf5d, 0xbf5c, 0xbf5c, 0xbf3c, 0xbf3c, 
	0xbf3c, 0xb73c, 0xb73c, 0xb73b, 0xb73b, 0xb73b, 0xb73b, 0xb71b, 0xb71b, 0xb71b, 0xb71b, 0xb71b, 0xaf1b, 0xb71b, 0xb71b, 0xaf1b, 
	0xb71b, 0xb71b, 0xb71b, 0xb71b, 0xb71b, 0xb71b, 0xb71b, 0xb71b, 0xb73b, 0xb73b, 0xb73c, 0xb73c, 0xbf3c, 0xbf3c, 0xbf5c, 0xbf5c, 
	0xbf5d, 0xbf5d, 0xbf5d, 0xbf5d, 0xbf5d, 0xbf5d, 0xbf5d, 0xbf5d, 0xbf5d, 0xbf5d, 0xbf5d, 0xbf5d, 0xbf5d, 0xbf5d, 0xbf5d, 0xbf5d, 
	0xbf5d, 0xbf5d, 0xbf5d, 0xbf5d, 0xbf5d, 0xbf5d, 0xbf5d, 0xbf5d, 0xbf5d, 0xbf5d, 0xbf5d, 0xbf5d, 0xbf5d, 0xbf5d, 0xbf5d, 0xbf5d, 
	0xbf5d, 0xbf5d, 0xbf5d, 0xbf5d, 0xbf5d, 0xbf5d, 0xbf5d, 0xbf5d, 0xbf5d, 0xbf5d, 0xbf5d, 0xbf5d, 0xbf5d, 0xbf5d, 0xbf5d, 0xbf5d, 
	0xbf5d, 0xbf5d, 0xbf5d, 0xbf5d, 0xbf5d, 0xbf5d, 0xbf5d, 0xbf5d, 0xbf5d, 0xbf5d, 0xbf5d, 0xbf5d, 0xbf5d, 0xbf5d, 0xbf5d, 0xbf5d, 
	0xbf5d, 0xbf5d, 0xbf5d, 0xbf5d, 0xbf5d, 0xbf5d, 0xbf5d, 0xbf5d, 0xbf5d, 0xbf5d, 0xbf5d, 0xbf5d, 0xbf5d, 0xbf5d, 0xbf5d, 0xbf5d, 
	0xbf5d, 0xbf5d, 0xbf5d, 0xbf5d, 0xbf5d, 0xbf5d, 0xbf5d, 0xbf5d, 0xbf5c, 0xbf5c, 0xbf5c, 0xbf3c, 0xb73c, 0xb73c, 0xb73b, 0xb71b, 
	0xb71b, 0xb71b, 0xaf1b, 0xaf1b, 0xaf1b, 0xaf1b, 0xaf1a, 0xaf1a, 0xaf1a, 0xaefa, 0xaefa, 0xaefa, 0xaefa, 0xaefa, 0xaefa, 0xaefa, 
	0xaefa, 0xaefa, 0xaefa, 0xaf1a, 0xaf1a, 0xaf1a, 0xaf1b, 0xaf1b, 0xaf1b, 0xaf1b, 0xb71b, 0xb71b, 0xb71b, 0xb73b, 0xb73b, 0xb73c, 
	0xb73c, 0xbf3c, 0xbf3c, 0xbf5c, 0xbf5d, 0xbf5d, 0xbf5d, 0xbf5d, 0xbf5d, 0xbf5d, 0xbf5d, 0xbf5d, 0xbf5d, 0xbf5d, 0xbf5d, 0xbf5d, 
	0xbf5d, 0xbf5d, 0xbf5d, 0xbf5d, 0xbf5d, 0xbf5d, 0xbf5d, 0xbf5d, 0xbf5d, 0xbf5d, 0xbf5d, 0xbf5d, 0xbf5d, 0xbf5d, 0xbf5d, 0xbf5d, 
	0xbf5d, 0xbf5d, 0xbf5d, 0xbf5d, 0xbf5d, 0xbf5d, 0xbf5d, 0xbf5d, 0xbf5d, 0xbf5d, 0xbf5d, 0xbf5d, 0xbf5d, 0xbf5d, 0xbf5d, 0xbf5d, 
	0xbf5d, 0xbf5d, 0xbf5d, 0xbf5d, 0xbf5d, 0xbf5d, 0xbf5d, 0xbf5d, 0xbf5d, 0xbf5d, 0xbf5d, 0xbf5d, 0xbf5d, 0xbf5d, 0xbf5d, 0xbf5d, 
	0xbf5d, 0xbf5d, 0xbf5d, 0xbf5d, 0xbf5d, 0xbf5d, 0xbf5d, 0xbf5d, 0xbf5d, 0xbf5d, 0xbf5d, 0xbf5d, 0xbf5d, 0xbf5d, 0xbf5d, 0xbf5d, 
	0xbf5d, 0xbf5d, 0xbf5d, 0xbf5d, 0xbf5d, 0xbf5d, 0xbf5c, 0xbf3c, 0xbf3c, 0xb73c, 0xb73b, 0xb71b, 0xb71b, 0xaf1b, 0xaf1b, 0xaf1b, 
	0xaf1a, 0xaf1a, 0xaefa, 0xa6fa, 0xa6fa, 0xa6fa, 0xa6fa, 0xa6fa, 0xa6fa, 0xa6fa, 0xa6fa, 0xa6fa, 0xa6fa, 0xa6fa, 0xa6fa, 0xa6fa, 
	0xa6fa, 0xa6fa, 0xa6fa, 0xa6fa, 0xa6fa, 0xa6fa, 0xa6fa, 0xa6fa, 0xa6fa, 0xaefa, 0xaefa, 0xaf1a, 0xaf1a, 0xaf1b, 0xaf1b, 0xaf1b, 
	0xb71b, 0xb71b, 0xb73b, 0xb73c, 0xbf3c, 0xbf3c, 0xbf5c, 0xbf5d, 0xbf5d, 0xbf5d, 0xbf5d, 0xbf5d, 0xbf5d, 0xbf5d, 0xbf5d, 0xbf5d, 
	0xbf5d, 0xbf5d, 0xbf5d, 0xbf5d, 0xbf5d, 0xbf5d, 0xbf5d, 0xbf5d, 0xbf5d, 0xbf5d, 0xbf5d, 0xbf5d, 0xbf5d, 0xbf5d, 0xbf5d, 0xbf5d, 
	0xbf5d, 0xbf5d, 0xbf5d, 0xbf5d, 0xbf5d, 0xbf5d, 0xbf5d, 0xbf5d, 0xbf5d, 0xbf5d, 0xbf5d, 0xbf5d, 0xbf5d, 0xbf5d, 0xbf5d, 0xbf5d, 
	0xbf5d, 0xbf5d, 0xbf5d, 0xbf5d, 0xbf5d, 0xbf5d, 0xbf5d, 0xbf5d, 0xbf5d, 0xbf5d, 0xbf5d, 0xbf5d, 0xbf5d, 0xbf5d, 0xbf5d, 0xbf5d, 
	0xbf5d, 0xbf5d, 0xbf5d, 0xbf5d, 0xbf5d, 0xbf5d, 0xbf5d, 0xbf5d, 0xbf5d, 0xbf5d, 0xbf5d, 0xbf5d, 0xbf5d, 0xbf5d, 0xbf5d, 0xbf5d, 
	0xbf5d, 0xbf5d, 0xbf5c, 0xbf5c, 0xbf3c, 0xb73c, 0xb73c, 0xb71b, 0xb71b, 0xaf1b, 0xaf1b, 0xaf1b, 0xaefa, 0xaefa, 0xa6fa, 0xa6fa, 
	0xa6fa, 0xa6fa, 0xa6fa, 0xa6d9, 0xa6d9, 0xa6d9, 0x9ed9, 0x9ed9, 0x9ed9, 0x9ed9, 0x9ed9, 0x9ed9, 0x9ed9, 0x9ed9, 0x9ed9, 0x9ed9, 
	0x9ed9, 0x9ed9, 0x9ed9, 0x9ed9, 0x9ed9, 0x9ed9, 0x9ed9, 0xa6d9, 0xa6d9, 0xa6f9, 0xa6fa, 0xa6fa, 0xa6fa, 0xa6fa, 0xa6fa, 0xaefa, 
	0xaf1a, 0xaf1a, 0xaf1b, 0xaf1b, 0xb71b, 0xb73b, 0xb73c, 0xbf3c, 0xbf3c, 0xbf5c, 0xbf5d, 0xbf5d, 0xbf5d, 0xbf5d, 0xbf5d, 0xbf5d, 
	0xbf5d, 0xbf5d, 0xbf5d, 0xbf5d, 0xbf5d, 0xbf5d, 0xbf5d, 0xbf5d, 0xbf5d, 0xbf5d, 0xbf5d, 0xbf5d, 0xbf5d, 0xbf5d, 0xbf5d, 0xbf5d, 
	0xbf5d, 0xbf5d, 0xbf5d, 0xbf5d, 0xbf5d, 0xbf5d, 0xbf5d, 0xbf5d, 0xbf5d, 0xbf5d, 0xbf5d, 0xbf5d, 0xbf5d, 0xbf5d, 0xbf5d, 0xbf5d, 
	0xbf5d, 0xbf5d, 0xbf5d, 0xbf5d, 0xbf5d, 0xbf5d, 0xbf5d, 0xbf5d, 0xbf5d, 0xbf5d, 0xbf5d, 0xbf5d, 0xbf5d, 0xbf5d, 0xbf5d, 0xbf5d, 
	0xbf5d, 0xbf5d, 0xbf5d, 0xbf5d, 0xbf5d, 0xbf5d, 0xbf5d, 0xbf5d, 0xbf5d, 0xbf5d, 0xbf5d, 0xbf5d, 0xbf5d, 0xbf5d, 0xbf5d, 0xbf5d, 
	0xbf5c, 0xbf3c, 0xbf3c, 0xb73c, 0xb71b, 0xb71b, 0xaf1b, 0xaf1b, 0xaefa, 0xaefa, 0xa6fa, 0xa6fa, 0xa6fa, 0xa6da, 0xa6d9, 0xa6d9, 
	0x9ed9, 0x9ed9, 0x9ed9, 0x9ed9, 0x9ed9, 0x9ed9, 0x9ed9, 0x9eb9, 0x96b9, 0x96b9, 0x96b9, 0x96b9, 0x96b9, 0x96b9, 0x96b9, 0x96b9, 
	0x96b9, 0x96b9, 0x96b9, 0x9eb9, 0x9eb9, 0x9eb9, 0x9ed9, 0x9ed9, 0x9ed9, 0x9ed9, 0x9ed9, 0x9ed9, 0x9ed9, 0xa6d9, 0xa6da, 0xa6fa, 
	0xa6fa, 0xa6fa, 0xa6fa, 0xaefa, 0xaf1a, 0xaf1b, 0xaf1b, 0xb71b, 0xb73b, 0xb73c, 0xbf3c, 0xbf3c, 0xbf5c, 0xbf5d, 0xbf5d, 0xbf5d, 
	0xbf5d, 0xbf5d, 0xbf5d, 0xbf5d, 0xbf5d, 0xbf5d, 0xbf5d, 0xbf5d, 0xbf5d, 0xbf5d, 0xbf5d, 0xbf5d, 0xbf5d, 0xbf5d, 0xbf5d, 0xbf5d, 
	0xbf5d, 0xbf5d, 0xbf5d, 0xbf5d, 0xbf5d, 0xbf5d, 0xbf5d, 0xbf5d, 0xbf5d, 0xbf5d, 0xbf5d, 0xbf5d, 0xbf5d, 0xbf5d, 0xbf5d, 0xbf5d, 
	0xbf5d, 0xbf5d, 0xbf5d, 0xbf5d, 0xbf5d, 0xbf5d, 0xbf5d, 0xbf5d, 0xbf5d, 0xbf5d, 0xbf5d, 0xbf5d, 0xbf5d, 0xbf5d, 0xbf5d, 0xbf5d, 
	0xbf5d, 0xbf5d, 0xbf5d, 0xbf5d, 0xbf5d, 0xbf5d, 0xbf5d, 0xbf5d, 0xbf5d, 0xbf5d, 0xbf5d, 0xbf5d, 0xbf5d, 0xbf5d, 0xbf5c, 0xbf3c, 
	0xb73c, 0xb73b, 0xb71b, 0xaf1b, 0xaf1b, 0xaf1a, 0xaefa, 0xa6fa, 0xa6fa, 0xa6fa, 0xa6d9, 0xa6d9, 0x9ed9, 0x9ed9, 0x9ed9, 0x9ed9, 
	0x9eb9, 0x96b9, 0x96b9, 0x96b9, 0x96b9, 0x96b8, 0x96b8, 0x96b8, 0x96b8, 0x96b8, 0x9698, 0x96b8, 0x96b8, 0x96b8, 0x96b8, 0x96b8, 
	0x96b8, 0x9698, 0x96b8, 0x96b8, 0x96b8, 0x96b8, 0x96b8, 0x96b9, 0x96b9, 0x96b9, 0x96b9, 0x9eb9, 0x9eb9, 0x9ed9, 0x9ed9, 0x9ed9, 
	0x9ed9, 0xa6d9, 0xa6da, 0xa6fa, 0xa6fa, 0xa6fa, 0xaefa, 0xaf1a, 0xaf1b, 0xb71b, 0xb71b, 0xb73b, 0xb73c, 0xbf3c, 0xbf5c, 0xbf5d, 
	0xbf5d, 0xbf5d, 0xbf5d, 0xbf5d, 0xbf5d, 0xbf5d, 0xbf5d, 0xbf5d, 0xbf5d, 0xbf5d, 0xbf5d, 0xbf5d, 0xbf5d, 0xbf5d, 0xbf5d, 0xbf5d, 
	0xbf5d, 0xbf5d, 0xbf5d, 0xbf5d, 0xbf5d, 0xbf5d, 0xbf5d, 0xbf5d, 0xbf5d, 0xbf5d, 0xbf5d, 0xbf5d, 0xbf5d, 0xbf5d, 0xbf5d, 0xbf5d, 
	0xbf5d, 0xbf5d, 0xbf5d, 0xbf5d, 0xbf5d, 0xbf5d, 0xbf5d, 0xbf5d, 0xbf5d, 0xbf5d, 0xbf5d, 0xbf5d, 0xbf5d, 0xbf5d, 0xbf5d, 0xbf5d, 
	0xbf5d, 0xbf5d, 0xbf5d, 0xbf5d, 0xbf5d, 0xbf5d, 0xbf5d, 0xbf5d, 0xbf5d, 0xbf5d, 0xbf5d, 0xbf5d, 0xbf5c, 0xbf3c, 0xb73c, 0xb71b, 
	0xb71b, 0xaf1b, 0xaf1a, 0xaefa, 0xa6fa, 0xa6fa, 0xa6fa, 0xa6d9, 0x9ed9, 0x9ed9, 0x9ed9, 0x9eb9, 0x96b9, 0x96b9, 0x96b9, 0x96b8, 
	0x96b8, 0x96b8, 0x96b8, 0x8e98, 0x8e98, 0x8e98, 0x8e98, 0x8e98, 0x8e98, 0x8e98, 0x8e98, 0x8e98, 0x8e98, 0x8e98, 0x8e98, 0x8e98, 
	0x8e98, 0x8e98, 0x8e98, 0x8e98, 0x8e98, 0x8e98, 0x8e98, 0x8e98, 0x8e98, 0x8eb8, 0x96b8, 0x96b8, 0x96b8, 0x96b9, 0x96b9, 0x96b9, 
	0x9eb9, 0x9eb9, 0x9ed9, 0x9ed9, 0x9ed9, 0xa6d9, 0xa6da, 0xa6fa, 0xa6fa, 0xaefa, 0xaf1b, 0xaf1b, 0xb71b, 0xb71b, 0xb73c, 0xbf3c, 
	0xbf5c, 0xbf5d, 0xbf5d, 0xbf5d, 0xbf5d, 0xbf5d, 0xbf5d, 0xbf5d, 0xbf5d, 0xbf5d, 0xbf5d, 0xbf5d, 0xbf5d, 0xbf5d, 0xbf5d, 0xbf5d, 
	0xbf5d, 0xbf5d, 0xbf5d, 0xbf5d, 0xbf5d, 0xbf5d, 0xbf5d, 0xbf5d, 0xbf5d, 0xbf5d, 0xbf5d, 0xbf5d, 0xbf5d, 0xbf5d, 0xbf5d, 0xbf5d, 
	0xbf5d, 0xbf5d, 0xbf5d, 0xbf5d, 0xbf5d, 0xbf5d, 0xbf5d, 0xbf5d, 0xbf5d, 0xbf5d, 0xbf5d, 0xbf5d, 0xbf5d, 0xbf5d, 0xbf5d, 0xbf5d, 
	0xbf5d, 0xbf5d, 0xbf5d, 0xbf5d, 0xbf5d, 0xbf5d, 0xbf5d, 0xbf5d, 0xbf5d, 0xbf5d, 0xbf5c, 0xbf3c, 0xb73b, 0xb71b, 0xaf1b, 0xaf1b, 
	0xaefa, 0xa6fa, 0xa6fa, 0xa6fa, 0xa6d9, 0x9ed9, 0x9ed9, 0x9ed9, 0x9eb9, 0x96b9, 0x96b9, 0x96b8, 0x96b8, 0x9698, 0x8e98, 0x8e98, 
	0x8e98, 0x8e98, 0x8e98, 0x8e98, 0x8e98, 0x8698, 0x8678, 0x8678, 0x8678, 0x8678, 0x8678, 0x8678, 0x8678, 0x8678, 0x8678, 0x8678, 
	0x8678, 0x8678, 0x8678, 0x8678, 0x8678, 0x8678, 0x8678, 0x8698, 0x8e98, 0x8e98, 0x8e98, 0x8e98, 0x8e98, 0x8e98, 0x8e98, 0x96b8, 
	0x96b8, 0x96b8, 0x96b9, 0x96b9, 0x9ed9, 0x9ed9, 0x9ed9, 0x9ed9, 0xa6d9, 0xa6fa, 0xa6fa, 0xa6fa, 0xaf1a, 0xaf1b, 0xaf1b, 0xb73b, 
	0xb73c, 0xbf3c, 0xbf5c, 0xbf5d, 0xbf5d, 0xbf5d, 0xbf5d, 0xbf5d, 0xbf5d, 0xbf5d, 0xbf5d, 0xbf5d, 0xbf5d, 0xbf5d, 0xbf5d, 0xbf5d, 
	0xbf5d, 0xbf5d, 0xbf5d, 0xbf5d, 0xbf5d, 0xbf5d, 0xbf5d, 0xbf5d, 0xbf5d, 0xbf5d, 0xbf5d, 0xbf5d, 0xbf5d, 0xbf5d, 0xbf5d, 0xbf5d, 
	0xbf5d, 0xbf5d, 0xbf5d, 0xbf5d, 0xbf5d, 0xbf5d, 0xbf5d, 0xbf5d, 0xbf5d, 0xbf5d, 0xbf5d, 0xbf5d, 0xbf5d, 0xbf5d, 0xbf5d, 0xbf5d, 
	0xbf5d, 0xbf5d, 0xbf5d, 0xbf5d, 0xbf5d, 0xbf5d, 0xbf5d, 0xbf5d, 0xbf5c, 0xbf3c, 0xb73c, 0xb71b, 0xaf1b, 0xaf1b, 0xaefa, 0xa6fa, 
	0xa6fa, 0xa6da, 0x9ed9, 0x9ed9, 0x9ed9, 0x96b9, 0x96b9, 0x96b9, 0x96b8, 0x96b8, 0x8e98, 0x8e98, 0x8e98, 0x8e98, 0x8e98, 0x8698, 
	0x8678, 0x8678, 0x8678, 0x8678, 0x8678, 0x8678, 0x8678, 0x8678, 0x7e78, 0x7e78, 0x7e78, 0x7e78, 0x7e78, 0x7e78, 0x7e78, 0x7e78, 
	0x7e78, 0x7e78, 0x7e78, 0x7e78, 0x8678, 0x8678, 0x8678, 0x8678, 0x8678, 0x8678, 0x8678, 0x8678, 0x8698, 0x8698, 0x8e98, 0x8e98, 
	0x8e98, 0x8e98, 0x8e98, 0x9698, 0x96b8, 0x96b8, 0x96b9, 0x9ed9, 0x9ed9, 0x9ed9, 0x9ed9, 0xa6da, 0xa6fa, 0xa6fa, 0xaefa, 0xaf1b, 
	0xaf1b, 0xb71b, 0xb73c, 0xbf3c, 0xbf3c, 0xbf5d, 0xbf5d, 0xbf5d, 0xbf5d, 0xbf5d, 0xbf5d, 0xbf5d, 0xbf5d, 0xbf5d, 0xbf5d, 0xbf5d, 
	0xbf5d, 0xbf5d, 0xbf5d, 0xbf5d, 0xbf5d, 0xbf5d, 0xbf5d, 0xbf5d, 0xbf5d, 0xbf5d, 0xbf5d, 0xbf5d, 0xbf5d, 0xbf5d, 0xbf5d, 0xbf5d, 
	0xbf5d, 0xbf5d, 0xbf5d, 0xbf5d, 0xbf5d, 0xbf5d, 0xbf5d, 0xbf5d, 0xbf5d, 0xbf5d, 0xbf5d, 0xbf5d, 0xbf5d, 0xbf5d, 0xbf5d, 0xbf5d, 
	0xbf5d, 0xbf5d, 0xbf5d, 0xbf5d, 0xbf5d, 0xbf5d, 0xbf3c, 0xbf3c, 0xb73c, 0xb71b, 0xaf1b, 0xaf1b, 0xaefa, 0xa6fa, 0xa6fa, 0x9eda, 
	0x9ed9, 0x9ed9, 0x9eb9, 0x96b9, 0x96b9, 0x96b8, 0x9698, 0x8e98, 0x8e98, 0x8e98, 0x8e98, 0x8678, 0x8678, 0x8678, 0x8678, 0x8678, 
	0x8678, 0x7e78, 0x7e78, 0x7e78, 0x7e58, 0x7e58, 0x7e57, 0x7e57, 0x7e57, 0x7e57, 0x7e57, 0x7e57, 0x7e57, 0x7e57, 0x7e57, 0x7e57, 
	0x7e57, 0x7e57, 0x7e57, 0x7e57, 0x7e57, 0x7e57, 0x7e57, 0x7e58, 0x7e58, 0x7e58, 0x7e58, 0x8678, 0x8678, 0x8678, 0x8678, 0x8678, 
	0x8678, 0x8678, 0x8e98, 0x8e98, 0x8e98, 0x8e98, 0x8eb8, 0x96b8, 0x96b9, 0x96b9, 0x9eb9, 0x9ed9, 0x9ed9, 0xa6d9, 0xa6fa, 0xa6fa, 
	0xaefa, 0xaf1b, 0xaf1b, 0xb71b, 0xb73c, 0xbf3c, 0xbf3c, 0xbf5d, 0xbf5d, 0xbf5d, 0xbf5d, 0xbf5d, 0xbf5d, 0xbf5d, 0xbf5d, 0xbf5d, 
	0xbf5d, 0xbf5d, 0xbf5d, 0xbf5d, 0xbf5d, 0xbf5d, 0xbf5d, 0xbf5d, 0xbf5d, 0xbf5d, 0xbf5d, 0xbf5d, 0xbf5d, 0xbf5d, 0xbf5d, 0xbf5d, 
	0xbf5d, 0xbf5d, 0xbf5d, 0xbf5d, 0xbf5d, 0xbf5d, 0xbf5d, 0xbf5d, 0xbf5d, 0xbf5d, 0xbf5d, 0xbf5d, 0xbf5d, 0xbf5d, 0xbf5d, 0xbf5d, 
	0xbf5d, 0xbf5d, 0xbf5d, 0xbf5d, 0xbf3c, 0xbf3c, 0xb73c, 0xb71b, 0xaf1b, 0xaf1b, 0xaefa, 0xa6fa, 0xa6da, 0x9ed9, 0x9ed9, 0x9ed9, 
	0x96b9, 0x96b9, 0x96b8, 0x9698, 0x8e98, 0x8e98, 0x8e98, 0x8e98, 0x8678, 0x8678, 0x8678, 0x8678, 0x7e78, 0x7e78, 0x7e58, 0x7e58, 
	0x7e58, 0x7e57, 0x7e57, 0x7657, 0x7657, 0x7658, 0x7657, 0x7657, 0x7637, 0x7657, 0x7657, 0x7637, 0x7637, 0x7657, 0x7637, 0x7657, 
	0x7657, 0x7657, 0x7657, 0x7637, 0x7657, 0x7657, 0x7657, 0x7657, 0x7657, 0x7e57, 0x7e57, 0x7e57, 0x7e57, 0x7e58, 0x7e58, 0x7e78, 
	0x7e78, 0x8678, 0x8678, 0x8678, 0x8678, 0x8e98, 0x8e98, 0x8e98, 0x8e98, 0x96b8, 0x96b8, 0x96b9, 0x96b9, 0x9ed9, 0x9ed9, 0x9eda, 
	0xa6da, 0xa6fa, 0xaefa, 0xaf1b, 0xaf1b, 0xb71b, 0xb73c, 0xbf3c, 0xbf5d, 0xbf5d, 0xbf5d, 0xbf5d, 0xbf5d, 0xbf5d, 0xbf5d, 0xbf5d, 
	0xbf5d, 0xbf5d, 0xbf5d, 0xbf5d, 0xbf5d, 0xbf5d, 0xbf5d, 0xbf5d, 0xbf5d, 0xbf5d, 0xbf5d, 0xbf5d, 0xbf5d, 0xbf5d, 0xbf5d, 0xbf5d, 
	0xbf5d, 0xbf5d, 0xbf5d, 0xbf5d, 0xbf5d, 0xbf5d, 0xbf5d, 0xbf5d, 0xbf5d, 0xbf5d, 0xbf5d, 0xbf5d, 0xbf5d, 0xbf5d, 0xbf5d, 0xbf5d, 
	0xbf5d, 0xbf5d, 0xbf5d, 0xbf3c, 0xb73c, 0xb71b, 0xaf1b, 0xaf1b, 0xaefa, 0xa6fa, 0xa6fa, 0x9ed9, 0x9ed9, 0x9eb9, 0x96b9, 0x96b9, 
	0x96b8, 0x8e98, 0x8e98, 0x8e98, 0x8698, 0x8678, 0x8678, 0x8678, 0x8678, 0x7e78, 0x7e58, 0x7e58, 0x7e57, 0x7e57, 0x7657, 0x7657, 
	0x7657, 0x7657, 0x7637, 0x7637, 0x7637, 0x7637, 0x7638, 0x6e37, 0x6e37, 0x6e38, 0x6e37, 0x6e38, 0x6e38, 0x6e38, 0x6e38, 0x6e38, 
	0x6e38, 0x6e38, 0x6e37, 0x6e38, 0x6e37, 0x6e37, 0x7637, 0x7637, 0x7637, 0x7637, 0x7637, 0x7657, 0x7657, 0x7657, 0x7e57, 0x7e57, 
	0x7e57, 0x7e58, 0x7e78, 0x7e78, 0x8678, 0x8678, 0x8678, 0x8678, 0x8e98, 0x8e98, 0x8e98, 0x8e98, 0x96b9, 0x96b9, 0x96b9, 0x9eb9, 
	0x9ed9, 0x9ed9, 0xa6da, 0xa6fa, 0xaefa, 0xaf1b, 0xaf1b, 0xb73c, 0xb73c, 0xbf3c, 0xbf5d, 0xbf5d, 0xbf5d, 0xbf5d, 0xbf5d, 0xbf5d, 
	0xbf5d, 0xbf5d, 0xbf5d, 0xbf5d, 0xbf5d, 0xbf5d, 0xbf5d, 0xbf5d, 0xbf5d, 0xbf5d, 0xbf5d, 0xbf5d, 0xbf5d, 0xbf5d, 0xbf5d, 0xbf5d, 
	0xbf5d, 0xbf3d, 0xbf3d, 0xbf5d, 0xbf5d, 0xbf3d, 0xbf3d, 0xbf5d, 0xbf5d, 0xbf3d, 0xbf3d, 0xbf5d, 0xbf5d, 0xbf5d, 0xbf3d, 0xbf3d, 
	0xbf5d, 0xbf5c, 0xb73c, 0xb73c, 0xaf1b, 0xaf1b, 0xaefa, 0xa6fa, 0xa6fa, 0x9eda, 0x9ed9, 0x9ed9, 0x96b9, 0x96b9, 0x96b8, 0x8e98, 
	0x8e98, 0x8e98, 0x8678, 0x8678, 0x8678, 0x8678, 0x7e78, 0x7e58, 0x7e57, 0x7e57, 0x7e57, 0x7658, 0x7657, 0x7637, 0x7637, 0x7637, 
	0x7637, 0x6e37, 0x6e38, 0x6e38, 0x6e37, 0x6e38, 0x6e38, 0x6e38, 0x6e38, 0x6e38, 0x6e18, 0x6e18, 0x6e18, 0x6e18, 0x6e18, 0x6e18, 
	0x6e18, 0x6e18, 0x6e38, 0x6e38, 0x6e38, 0x6e38, 0x6e38, 0x6e37, 0x6e38, 0x6e37, 0x6e38, 0x6e37, 0x7637, 0x7637, 0x7637, 0x7657, 
	0x7657, 0x7657, 0x7e57, 0x7e58, 0x7e58, 0x7e78, 0x7e78, 0x8678, 0x8678, 0x8678, 0x8698, 0x8e98, 0x8e98, 0x8e98, 0x96b8, 0x96b9, 
	0x96b9, 0x9eb9, 0x9ed9, 0x9eda, 0xa6fa, 0xa6fa, 0xaefb, 0xaf1b, 0xb71b, 0xb73c, 0xbf3c, 0xbf5d, 0xbf5d, 0xbf3d, 0xbf3d, 0xbf5d, 
	0xbf5d, 0xbf3d, 0xbf3d, 0xbf5d, 0xbf5d, 0xbf3d, 0xbf3d, 0xbf5d, 0xbf5d, 0xbf3d, 0xbf3d, 0xbf5d, 0xbf5d, 0xbf3d, 0xbf3d, 0xbf5d, 
	0xbf3d, 0xbf3d, 0xbf3d, 0xbf3d, 0xbf3d, 0xbf3d, 0xbf3d, 0xbf3d, 0xbf3d, 0xbf3d, 0xbf3d, 0xbf3d, 0xbf3d, 0xbf3d, 0xbf3d, 0xbf3d, 
	0xbf3c, 0xb73c, 0xb71b, 0xaf1b, 0xaefb, 0xa6fa, 0xa6fa, 0x9eda, 0x9ed9, 0x9ed9, 0x96b9, 0x96b9, 0x96b8, 0x8e98, 0x8e98, 0x8e98, 
	0x8678, 0x8678, 0x8678, 0x7e78, 0x7e58, 0x7e58, 0x7e57, 0x7657, 0x7657, 0x7657, 0x7637, 0x7637, 0x6e37, 0x6e37, 0x6e38, 0x6e38, 
	0x6e38, 0x6e38, 0x6e38, 0x6e18, 0x6618, 0x6618, 0x6618, 0x6618, 0x6618, 0x6618, 0x6618, 0x6618, 0x6618, 0x6618, 0x6618, 0x6618, 
	0x6618, 0x6618, 0x6618, 0x6618, 0x6618, 0x6618, 0x6618, 0x6618, 0x6618, 0x6e18, 0x6e38, 0x6e38, 0x6e38, 0x6e38, 0x6e37, 0x6e37, 
	0x7637, 0x7637, 0x7657, 0x7657, 0x7657, 0x7e57, 0x7e57, 0x7e58, 0x7e78, 0x7e78, 0x8678, 0x8678, 0x8678, 0x8e98, 0x8e98, 0x8e98, 
	0x96b8, 0x96b9, 0x96b9, 0x9ed9, 0x9ed9, 0x9eda, 0xa6fa, 0xa6fa, 0xaf1b, 0xaf1b, 0xb71b, 0xb73c, 0xbf3c, 0xbf5d, 0xbf3d, 0xbf3d, 
	0xbf3d, 0xbf3d, 0xbf3d, 0xbf3d, 0xbf3d, 0xbf3d, 0xbf3d, 0xbf3d, 0xbf3d, 0xbf3d, 0xbf3d, 0xbf3d, 0xbf3d, 0xbf3d, 0xbf3d, 0xbf3d, 
	0xbf3d, 0xbf3d, 0xbf3d, 0xbf3d, 0xbf3d, 0xbf3d, 0xbf3d, 0xbf3d, 0xbf3d, 0xbf3d, 0xbf3d, 0xbf3d, 0xbf3d, 0xbf3d, 0xbf3d, 0xb73c, 
	0xb71c, 0xaf1b, 0xaf1b, 0xa6fb, 0xa6fa, 0xa6da, 0x9ed9, 0x9ed9, 0x96b9, 0x96b9, 0x96b8, 0x8e98, 0x8e98, 0x8e98, 0x8678, 0x8678, 
	0x8678, 0x7e78, 0x7e58, 0x7e58, 0x7e58, 0x7657, 0x7637, 0x7637, 0x7637, 0x6e37, 0x6e37, 0x6e38, 0x6e38, 0x6e38, 0x6e18, 0x6618, 
	0x6618, 0x6618, 0x6618, 0x6618, 0x6618, 0x6618, 0x6618, 0x6618, 0x6618, 0x6618, 0x5e18, 0x5e18, 0x5e18, 0x5e18, 0x5e18, 0x5e18, 
	0x5e18, 0x5e18, 0x5e18, 0x6618, 0x6618, 0x6618, 0x6618, 0x6618, 0x6618, 0x6618, 0x6618, 0x6618, 0x6618, 0x6618, 0x6e18, 0x6e38, 
	0x6e38, 0x6e38, 0x6e37, 0x6e37, 0x7637, 0x7637, 0x7657, 0x7657, 0x7e57, 0x7e57, 0x7e58, 0x7e78, 0x8678, 0x8678, 0x8678, 0x8e98, 
	0x8e98, 0x8e98, 0x96b8, 0x96b9, 0x96b9, 0x9ed9, 0x9ed9, 0xa6da, 0xa6fa, 0xaefb, 0xaf1b, 0xb71b, 0xb73c, 0xb73c, 0xbf3d, 0xbf3d, 
	0xbf3d, 0xbf3d, 0xbf3d, 0xbf3d, 0xbf3d, 0xbf3d, 0xbf3d, 0xbf3d, 0xbf3d, 0xbf3d, 0xbf3d, 0xbf3d, 0xbf3d, 0xbf3d, 0xbf3d, 0xbf3d, 
	0xbf3d, 0xbf3d, 0xbf3d, 0xbf3d, 0xbf3d, 0xbf3d, 0xbf3d, 0xbf3d, 0xbf3d, 0xbf3d, 0xbf3d, 0xbf3d, 0xbf3d, 0xbf3c, 0xb73c, 0xb71c, 
	0xaf1b, 0xaefb, 0xa6fa, 0xa6da, 0x9eda, 0x9ed9, 0x96b9, 0x96b9, 0x96b9, 0x8e98, 0x8e98, 0x8698, 0x8678, 0x8678, 0x8678, 0x7e78, 
	0x7e58, 0x7e58, 0x7657, 0x7657, 0x7637, 0x7637, 0x6e37, 0x6e38, 0x6e38, 0x6e38, 0x6e18, 0x6618, 0x6618, 0x6618, 0x6618, 0x6618, 
	0x6618, 0x6618, 0x5e18, 0x5df8, 0x5e18, 0x5e18, 0x5df8, 0x5df8, 0x5df8, 0x5df8, 0x5df8, 0x5df8, 0x5df8, 0x5df8, 0x5df8, 0x5df8, 
	0x5df8, 0x5df8, 0x5df8, 0x5df8, 0x5df8, 0x5df8, 0x5df8, 0x5df8, 0x5df8, 0x5e18, 0x5e18, 0x6618, 0x6618, 0x6618, 0x6618, 0x6618, 
	0x6618, 0x6e18, 0x6e18, 0x6e38, 0x6e38, 0x6e37, 0x7637, 0x7637, 0x7657, 0x7658, 0x7657, 0x7e57, 0x7e58, 0x7e78, 0x8678, 0x8678, 
	0x8698, 0x8e98, 0x8e98, 0x8e98, 0x96b9, 0x96b9, 0x96b9, 0x9ed9, 0x9eda, 0xa6fa, 0xa6fa, 0xaefb, 0xaf1b, 0xb71c, 0xb73c, 0xbf3d, 
	0xbf3d, 0xbf3d, 0xbf3d, 0xbf3d, 0xbf3d, 0xbf3d, 0xbf3d, 0xbf3d, 0xbf3d, 0xbf3d, 0xbf3d, 0xbf3d, 0xbf3d, 0xbf3d, 0xbf3d, 0xbf3d, 
	0xbf3d, 0xbf3d, 0xbf3d, 0xbf3d, 0xbf3d, 0xbf3d, 0xbf3d, 0xbf3d, 0xbf3d, 0xbf3d, 0xbf3d, 0xbf3d, 0xb73c, 0xb73c, 0xaf1b, 0xaf1b, 
	0xa6fb, 0xa6fa, 0xa6da, 0x9ed9, 0x9ed9, 0x96b9, 0x96b9, 0x8e98, 0x8e98, 0x8e98, 0x8678, 0x8678, 0x8678, 0x7e78, 0x7e58, 0x7e58, 
	0x7657, 0x7657, 0x7637, 0x6e37, 0x6e37, 0x6e38, 0x6e38, 0x6e18, 0x6618, 0x6618, 0x6618, 0x6618, 0x6618, 0x6618, 0x5df8, 0x5e18, 
	0x5df8, 0x5df8, 0x5df8, 0x5df8, 0x5df9, 0x5df9, 0x5df9, 0x55f9, 0x55f9, 0x55f9, 0x55f9, 0x55f9, 0x55f9, 0x55f9, 0x55f9, 0x55f9, 
	0x55f9, 0x55f9, 0x55f9, 0x55f9, 0x55f9, 0x5df9, 0x5df9, 0x5df9, 0x5df9, 0x5df8, 0x5df8, 0x5df8, 0x5df8, 0x5df8, 0x5e18, 0x6618, 
	0x6618, 0x6618, 0x6618, 0x6618, 0x6618, 0x6e38, 0x6e38, 0x6e38, 0x6e37, 0x7637, 0x7637, 0x7657, 0x7657, 0x7e58, 0x7e58, 0x7e78, 
	0x8678, 0x8678, 0x8678, 0x8e98, 0x8e98, 0x8e98, 0x96b9, 0x96b9, 0x9ed9, 0x9ed9, 0xa6da, 0xa6fa, 0xa6fb, 0xaf1b, 0xb71b, 0xb73c, 
	0xbf3c, 0xbf3d, 0xbf3d, 0xbf3d, 0xbf3d, 0xbf3d, 0xbf3d, 0xbf3d, 0xbf3d, 0xbf3d, 0xbf3d, 0xbf3d, 0xbf3d, 0xbf3d, 0xbf3d, 0xbf3d, 
	0xb73d, 0xbf3d, 0xbf3d, 0xb73d, 0xb73d, 0xbf3d, 0xbf3d, 0xb73d, 0xb73d, 0xbf3d, 0xbf3d, 0xb73c, 0xb71c, 0xaf1b, 0xaefb, 0xa6fa, 
	0xa6fa, 0x9eda, 0x9ed9, 0x96b9, 0x96b9, 0x96b9, 0x8e98, 0x8e98, 0x8678, 0x8678, 0x8678, 0x7e78, 0x7e57, 0x7e58, 0x7657, 0x7657, 
	0x7637, 0x6e37, 0x6e37, 0x6e38, 0x6e38, 0x6618, 0x6618, 0x6618, 0x6618, 0x6618, 0x6618, 0x5df8, 0x5df8, 0x5df8, 0x5df8, 0x5df9, 
	0x5df9, 0x55f9, 0x55f9, 0x55f9, 0x55f9, 0x55f9, 0x55f9, 0x55f9, 0x55f9, 0x55f9, 0x55f9, 0x55f9, 0x55d9, 0x55d9, 0x55d9, 0x55d9, 
	0x55d9, 0x55d9, 0x55f9, 0x55f9, 0x55f9, 0x55f9, 0x55f9, 0x55f9, 0x55f9, 0x55f9, 0x55f9, 0x55f9, 0x5df9, 0x5df9, 0x5df8, 0x5df8, 
	0x5df8, 0x5e18, 0x5e18, 0x6618, 0x6618, 0x6618, 0x6618, 0x6e18, 0x6e18, 0x6e38, 0x6e38, 0x7637, 0x7637, 0x7658, 0x7657, 0x7e57, 
	0x7e58, 0x7e78, 0x8678, 0x8678, 0x8678, 0x8e98, 0x8e98, 0x96b9, 0x96b9, 0x9eb9, 0x9ed9, 0x9eda, 0xa6fa, 0xa6fb, 0xaf1b, 0xaf1b, 
	0xb73c, 0xb73c, 0xbf3d, 0xb73d, 0xb73d, 0xbf3d, 0xbf3d, 0xb73d, 0xb73d, 0xbf3d, 0xbf3d, 0xb73d, 0xb73d, 0xbf3d, 0xbf3d, 0xbf3d, 
	0xb73d, 0xb73d, 0xb73d, 0xb73d, 0xb73d, 0xb73d, 0xb73d, 0xb73d, 0xb73d, 0xb73d, 0xb73c, 0xb71c, 0xaf1b, 0xaefb, 0xa6fa, 0xa6da, 
	0x9eda, 0x9eb9, 0x96b9, 0x96b9, 0x8e98, 0x8e98, 0x8698, 0x8678, 0x8678, 0x7e78, 0x7e58, 0x7e58, 0x7657, 0x7657, 0x7637, 0x6e37, 
	0x6e37, 0x6e38, 0x6e18, 0x6618, 0x6618, 0x6618, 0x6618, 0x6618, 0x5e18, 0x5df8, 0x5df8, 0x5df8, 0x5df9, 0x55f9, 0x55f9, 0x55f9, 
	0x55f9, 0x55f9, 0x55d9, 0x55d9, 0x55d9, 0x55fa, 0x55da, 0x55da, 0x4dda, 0x4dda, 0x4dda, 0x4dda, 0x4dda, 0x4dda, 0x4dda, 0x4dda, 
	0x4dda, 0x4dda, 0x4dda, 0x4dda, 0x4dda, 0x4dda, 0x55da, 0x55da, 0x55d9, 0x55d9, 0x55f9, 0x55f9, 0x55f9, 0x55f9, 0x55f9, 0x55f9, 
	0x5df9, 0x5df8, 0x5df8, 0x5df8, 0x5e18, 0x6618, 0x6618, 0x6618, 0x6618, 0x6618, 0x6e38, 0x6e38, 0x6e37, 0x6e37, 0x7637, 0x7657, 
	0x7657, 0x7e58, 0x7e78, 0x7e78, 0x8678, 0x8678, 0x8e98, 0x8e98, 0x8e98, 0x96b9, 0x96b9, 0x9ed9, 0x9eda, 0xa6fa, 0xa6fa, 0xaefb, 
	0xaf1b, 0xb71c, 0xb73c, 0xbf3d, 0xb73d, 0xb73d, 0xb73d, 0xb73d, 0xb73d, 0xb73d, 0xb73d, 0xb73d, 0xb73d, 0xb73d, 0xb73d, 0xb73d, 
	0xb73d, 0xb73d, 0xb73d, 0xb73d, 0xb73d, 0xb73d, 0xb73d, 0xb73d, 0xb73d, 0xb73c, 0xb71c, 0xaf1b, 0xa6fb, 0xa6fa, 0x9eda, 0x9eda, 
	0x96b9, 0x96b9, 0x96b9, 0x8e98, 0x8e98, 0x8678, 0x8678, 0x7e78, 0x7e58, 0x7e58, 0x7e57, 0x7657, 0x7637, 0x6e37, 0x6e37, 0x6e38, 
	0x6e18, 0x6618, 0x6618, 0x6618, 0x6618, 0x5e18, 0x5df8, 0x5df8, 0x5df8, 0x5df9, 0x55f9, 0x55f9, 0x55f9, 0x55f9, 0x55d9, 0x55d9, 
	0x55da, 0x4dda, 0x4dda, 0x4dda, 0x4dda, 0x4dda, 0x4dda, 0x4dda, 0x4dda, 0x4dda, 0x4dda, 0x4ddb, 0x4ddb, 0x4ddb, 0x4ddb, 0x4ddb, 
	0x4ddb, 0x4ddb, 0x4dda, 0x4dda, 0x4dda, 0x4dda, 0x4dda, 0x4dda, 0x4dda, 0x4dda, 0x4dda, 0x4dda, 0x55da, 0x55d9, 0x55d9, 0x55f9, 
	0x55f9, 0x55f9, 0x5df9, 0x5df9, 0x5df8, 0x5df8, 0x5df8, 0x6618, 0x6618, 0x6618, 0x6618, 0x6618, 0x6e38, 0x6e38, 0x6e37, 0x7637, 
	0x7637, 0x7657, 0x7e57, 0x7e58, 0x7e78, 0x8678, 0x8678, 0x8678, 0x8e98, 0x8e98, 0x96b9, 0x96b9, 0x9eb9, 0x9eda, 0xa6da, 0xa6fa, 
	0xaefb, 0xaf1b, 0xb71c, 0xb73c, 0xb73d, 0xb73d, 0xb73d, 0xb73d, 0xb73d, 0xb73d, 0xb73d, 0xb73d, 0xb73d, 0xb73d, 0xb73d, 0xb73d, 
	0xb73d, 0xb73d, 0xb73d, 0xb73d, 0xb73d, 0xb73d, 0xb73d, 0xb73d, 0xb73c, 0xaf1c, 0xaf1b, 0xa6fb, 0xa6fa, 0x9eda, 0x9ed9, 0x96b9, 
	0x96b9, 0x8e99, 0x8e98, 0x8e98, 0x8678, 0x8678, 0x7e78, 0x7e58, 0x7e58, 0x7657, 0x7637, 0x7637, 0x6e37, 0x6e38, 0x6e18, 0x6618, 
	0x6618, 0x6618, 0x6618, 0x5e18, 0x5df8, 0x5df8, 0x5df9, 0x5df9, 0x55f9, 0x55f9, 0x55f9, 0x55f9, 0x55f9, 0x55da, 0x4dda, 0x4dda, 
	0x4dda, 0x4dda, 0x4dda, 0x4ddb, 0x4ddb, 0x4ddb, 0x4ddb, 0x4ddb, 0x45db, 0x45db, 0x45db, 0x45db, 0x45db, 0x45db, 0x45db, 0x45db, 
	0x45db, 0x45db, 0x45db, 0x45db, 0x45db, 0x4ddb, 0x4ddb, 0x4ddb, 0x4ddb, 0x4ddb, 0x4dda, 0x4dda, 0x4dda, 0x4dda, 0x4dda, 0x55da, 
	0x55fa, 0x55d9, 0x55f9, 0x55f9, 0x55f9, 0x55f9, 0x5df8, 0x5df8, 0x5df8, 0x5e18, 0x6618, 0x6618, 0x6618, 0x6618, 0x6e38, 0x6e38, 
	0x6e37, 0x7637, 0x7637, 0x7657, 0x7e58, 0x7e58, 0x7e78, 0x8678, 0x8678, 0x8e98, 0x8e98, 0x96b9, 0x96b9, 0x96b9, 0x9ed9, 0x9eda, 
	0xa6fa, 0xa6fb, 0xaf1b, 0xb71c, 0xb73c, 0xb73d, 0xb73d, 0xb73d, 0xb73d, 0xb73d, 0xb73d, 0xb73d, 0xb73d, 0xb73d, 0xb73d, 0xb73d, 
	0xb73d, 0xb73d, 0xb73d, 0xb73d, 0xb73d, 0xb73d, 0xb73d, 0xb73c, 0xaf1c, 0xaf1b, 0xa6fb, 0xa6fa, 0x9eda, 0x9ed9, 0x96b9, 0x96b9, 
	0x8e98, 0x8e98, 0x8698, 0x8678, 0x8678, 0x7e58, 0x7e58, 0x7658, 0x7657, 0x7637, 0x6e37, 0x6e38, 0x6e18, 0x6618, 0x6618, 0x6618, 
	0x6618, 0x5df8, 0x5df8, 0x5df8, 0x5df9, 0x55f9, 0x55f9, 0x55f9, 0x55f9, 0x55d9, 0x4dda, 0x4dda, 0x4dda, 0x4dda, 0x4dda, 0x4ddb, 
	0x4ddb, 0x4ddb, 0x45db, 0x45db, 0x45db, 0x45dc, 0x45dc, 0x45dc, 0x45dc, 0x45dc, 0x45dc, 0x45dc, 0x45dc, 0x45dc, 0x45dc, 0x45dc, 
	0x45dc, 0x45dc, 0x45dc, 0x45dc, 0x45dc, 0x45dc, 0x45dc, 0x45db, 0x45db, 0x45db, 0x4ddb, 0x4ddb, 0x4ddb, 0x4ddb, 0x4dda, 0x4dda, 
	0x4dda, 0x4dda, 0x55da, 0x55f9, 0x55f9, 0x55f9, 0x55f9, 0x55f9, 0x5df9, 0x5df8, 0x5df8, 0x5e18, 0x6618, 0x6618, 0x6618, 0x6618, 
	0x6e38, 0x6e37, 0x6e37, 0x7637, 0x7637, 0x7657, 0x7e58, 0x7e58, 0x8678, 0x8678, 0x8698, 0x8e98, 0x8e99, 0x96b9, 0x96b9, 0x9ed9, 
	0x9eda, 0xa6fa, 0xa6fb, 0xaf1b, 0xb71c, 0xb73c, 0xb73d, 0xb73d, 0xb73d, 0xb73d, 0xb73d, 0xb73d, 0xb73d, 0xb73d, 0xb73d, 0xb73d, 
	0xb73d, 0xb73d, 0xb73d, 0xb73d, 0xb73d, 0xb73d, 0xb73c, 0xaf1c, 0xaf1b, 0xa6fb, 0xa6da, 0x9eda, 0x9ed9, 0x96b9, 0x96b9, 0x8e98, 
	0x8e98, 0x8678, 0x8678, 0x7e78, 0x7e58, 0x7e57, 0x7657, 0x7637, 0x7637, 0x6e37, 0x6e38, 0x6e18, 0x6618, 0x6618, 0x6618, 0x5df8, 
	0x5df8, 0x5df8, 0x5df9, 0x55f9, 0x55f9, 0x55f9, 0x55d9, 0x55da, 0x4dda, 0x4dda, 0x4dda, 0x4dda, 0x4ddb, 0x4ddb, 0x45db, 0x45db, 
	0x45db, 0x45dc, 0x45dc, 0x45dc, 0x45dc, 0x45dc, 0x45bc, 0x45bd, 0x45bd, 0x45bd, 0x45bd, 0x45bd, 0x45bd, 0x45bd, 0x45bd, 0x45bd, 
	0x45bd, 0x45bd, 0x45bd, 0x45bd, 0x45bd, 0x45bc, 0x45bc, 0x45dc, 0x45dc, 0x45dc, 0x45dc, 0x45dc, 0x45db, 0x45db, 0x45db, 0x4ddb, 
	0x4ddb, 0x4dda, 0x4dda, 0x4dda, 0x4dda, 0x55da, 0x55d9, 0x55f9, 0x55f9, 0x55f9, 0x5df9, 0x5df8, 0x5df8, 0x5e18, 0x6618, 0x6618, 
	0x6618, 0x6e18, 0x6e38, 0x6e38, 0x7637, 0x7637, 0x7657, 0x7e58, 0x7e58, 0x8678, 0x8678, 0x8678, 0x8e98, 0x8e98, 0x96b9, 0x96b9, 
	0x9eb9, 0x9eda, 0xa6fa, 0xa6fb, 0xaf1b, 0xaf1c, 0xb73c, 0xb73d, 0xb73d, 0xb73d, 0xb73d, 0xb73d, 0xb73d, 0xb73d, 0xb73d, 0xb73d, 
	0xb73d, 0xb73d, 0xb73d, 0xb73d, 0xb73d, 0xb73c, 0xaf1c, 0xaf1b, 0xa6fa, 0xa6da, 0x9eda, 0x9eb9, 0x96b9, 0x9699, 0x8e98, 0x8e98, 
	0x8678, 0x8678, 0x7e78, 0x7e57, 0x7657, 0x7657, 0x7637, 0x6e37, 0x6e38, 0x6e18, 0x6618, 0x6618, 0x6618, 0x5df8, 0x5df8, 0x5df8, 
	0x5df9, 0x55f9, 0x55f9, 0x55f9, 0x55f9, 0x4dda, 0x4dda, 0x4dda, 0x4dda, 0x4ddb, 0x4ddb, 0x45db, 0x45db, 0x45dc, 0x45dc, 0x45dc, 
	0x45dc, 0x45bc, 0x45bd, 0x45bd, 0x3dbd, 0x3dbd, 0x3dbd, 0x3dbd, 0x3dbe, 0x3dbe, 0x3dbe, 0x3dbe, 0x3dbe, 0x3dbe, 0x3dbe, 0x3dbe, 
	0x3dbe, 0x3dbe, 0x3dbe, 0x3dbe, 0x3dbe, 0x3dbd, 0x3dbd, 0x3dbd, 0x3dbd, 0x45bd, 0x45bd, 0x45bc, 0x45bc, 0x45dc, 0x45dc, 0x45dc, 
	0x45db, 0x4ddb, 0x4ddb, 0x4ddb, 0x4dda, 0x4dda, 0x4dda, 0x4dda, 0x55d9, 0x55f9, 0x55f9, 0x55f9, 0x5df9, 0x5df8, 0x5df8, 0x5e18, 
	0x6618, 0x6618, 0x6618, 0x6e38, 0x6e37, 0x6e37, 0x7637, 0x7657, 0x7658, 0x7e58, 0x7e78, 0x8678, 0x8678, 0x8e98, 0x8e98, 0x96b9, 
	0x96b9, 0x9eb9, 0x9eda, 0xa6fa, 0xa6fb, 0xaf1b, 0xaf1c, 0xb73c, 0xb73d, 0xb73d, 0xb73d, 0xb73d, 0xb73d, 0xb73d, 0xb73d, 0xb73d, 
	0xb73d, 0xb73d, 0xb73d, 0xb73d, 0xb73c, 0xaf1c, 0xaefb, 0xa6fa, 0xa6da, 0x9eda, 0x9eb9, 0x96b9, 0x8eb9, 0x8e98, 0x8e98, 0x8678, 
	0x7e78, 0x7e58, 0x7e58, 0x7658, 0x7637, 0x7637, 0x6e37, 0x6e38, 0x6618, 0x6618, 0x6618, 0x5e18, 0x5df8, 0x5df8, 0x5df8, 0x55f9, 
	0x55f9, 0x55f9, 0x55f9, 0x4dda, 0x4dda, 0x4dda, 0x4dda, 0x4ddb, 0x45db, 0x45db, 0x45dc, 0x45dc, 0x45dc, 0x45bc, 0x45bd, 0x45bd, 
	0x3dbd, 0x3dbd, 0x3dbe, 0x3dbe, 0x3dbe, 0x3dbe, 0x3dbe, 0x3dbe, 0x3dbf, 0x3dbf, 0x3dbf, 0x3dbf, 0x3dbf, 0x3dbf, 0x3dbf, 0x3dbf, 
	0x3dbf, 0x3dbf, 0x3dbf, 0x3dbf, 0x3dbf, 0x3dbe, 0x3dbe, 0x3dbe, 0x3dbe, 0x3dbe, 0x3dbe, 0x3dbd, 0x3dbd, 0x45bd, 0x45bd, 0x45bc, 
	0x45dc, 0x45dc, 0x45dc, 0x45db, 0x45db, 0x4ddb, 0x4dda, 0x4dda, 0x4dda, 0x4dda, 0x55d9, 0x55f9, 0x55f9, 0x55f9, 0x5df8, 0x5df8, 
	0x5df8, 0x6618, 0x6618, 0x6618, 0x6618, 0x6e38, 0x6e37, 0x7637, 0x7637, 0x7657, 0x7e58, 0x7e78, 0x8678, 0x8678, 0x8e98, 0x8e98, 
	0x96b9, 0x96b9, 0x9eb9, 0x9eda, 0xa6fa, 0xa6fb, 0xaf1b, 0xaf1c, 0xb73c, 0xb73d, 0xb73d, 0xb73d, 0xb73d, 0xb73d, 0xb73d, 0xb73d, 
	0xb73d, 0xb73d, 0xb73d, 0xb73c, 0xaf1c, 0xaefb, 0xa6fb, 0xa6da, 0x9eda, 0x96b9, 0x96b9, 0x8e99, 0x8e98, 0x8698, 0x8678, 0x7e78, 
	0x7e58, 0x7e58, 0x7657, 0x7637, 0x6e37, 0x6e37, 0x6e17, 0x6618, 0x6618, 0x6618, 0x5e18, 0x5df8, 0x5df8, 0x5df9, 0x55f9, 0x55d9, 
	0x55d9, 0x55da, 0x4dda, 0x4dda, 0x4ddb, 0x4ddb, 0x45db, 0x45db, 0x45dc, 0x45dc, 0x45dc, 0x45bd, 0x3dbd, 0x3dbd, 0x3dbe, 0x3dbe, 
	0x3dbe, 0x3dbe, 0x3dbf, 0x3dbf, 0x3dbf, 0x3dbf, 0x3dbf, 0x3dbf, 0x3dbf, 0x3dbf, 0x3dbf, 0x3dbf, 0x3dbf, 0x3dbf, 0x3dbf, 0x3dbf, 
	0x3dbf, 0x3dbf, 0x3dbf, 0x3dbf, 0x3dbf, 0x3dbf, 0x3dbf, 0x3dbf, 0x3dbf, 0x3dbf, 0x3dbe, 0x3dbe, 0x3dbe, 0x3dbe, 0x3dbd, 0x3dbd, 
	0x45bd, 0x45bd, 0x45bc, 0x45dc, 0x45dc, 0x45db, 0x45db, 0x4ddb, 0x4dda, 0x4dda, 0x4dda, 0x55da, 0x55f9, 0x55f9, 0x55f9, 0x5df9, 
	0x5df8, 0x5df8, 0x5e18, 0x6618, 0x6618, 0x6618, 0x6e38, 0x6e37, 0x7637, 0x7637, 0x7657, 0x7e58, 0x7e58, 0x8678, 0x8678, 0x8e98, 
	0x8e98, 0x96b9, 0x96b9, 0x9eb9, 0x9eda, 0xa6fa, 0xa6fb, 0xaefb, 0xaf1c, 0xb73c, 0xb73d, 0xb73d, 0xb73d, 0xb73d, 0xb73d, 0xb73d, 
	0xb73d, 0xb73d, 0xb73c, 0xaf1c, 0xaefb, 0xa6fb, 0xa6da, 0x9eda, 0x96b9, 0x96b9, 0x8e99, 0x8e98, 0x8678, 0x8678, 0x8678, 0x7e58, 
	0x7e57, 0x7657, 0x7637, 0x6e37, 0x6e37, 0x6e18, 0x6618, 0x6618, 0x6618, 0x5df8, 0x5df8, 0x5df8, 0x55f9, 0x55f9, 0x55f9, 0x55da, 
	0x4dda, 0x4dda, 0x4dda, 0x4ddb, 0x45db, 0x45db, 0x45dc, 0x45bc, 0x45bc, 0x45bd, 0x3dbd, 0x3dbd, 0x3dbe, 0x3dbe, 0x3dbe, 0x3dbf, 
	0x3dbf, 0x3dbf, 0x3dbf, 0x3dbf, 0x3dbf, 0x3dbf, 0x3dde, 0x3dde, 0x45de, 0x45de, 0x45de, 0x45de, 0x45de, 0x45de, 0x45de, 0x45de, 
	0x45de, 0x45de, 0x45de, 0x45de, 0x45de, 0x3dde, 0x3dbf, 0x3dbf, 0x3dbf, 0x3dbf, 0x3dbf, 0x3dbf, 0x3dbf, 0x3dbf, 0x3dbe, 0x3dbe, 
	0x3dbe, 0x3dbd, 0x3dbd, 0x45bd, 0x45bc, 0x45dc, 0x45dc, 0x45db, 0x4ddb, 0x4ddb, 0x4dda, 0x4dda, 0x4dda, 0x55d9, 0x55d9, 0x55f9, 
	0x55f9, 0x5df8, 0x5df8, 0x5df8, 0x6618, 0x6618, 0x6618, 0x6e18, 0x6e37, 0x6e37, 0x7637, 0x7657, 0x7e57, 0x7e58, 0x8678, 0x8678, 
	0x8698, 0x8e98, 0x8eb9, 0x96b9, 0x9eb9, 0x9eda, 0xa6da, 0xa6fb, 0xaf1b, 0xaf1c, 0xb73c, 0xb73d, 0xb73d, 0xb73d, 0xb73d, 0xb73d, 
	0xb73d, 0xb73c, 0xaf1c, 0xaefb, 0xa6fb, 0xa6da, 0x9eda, 0x96b9, 0x96b9, 0x8e99, 0x8e98, 0x8698, 0x8678, 0x7e78, 0x7e58, 0x7e58, 
	0x7657, 0x7637, 0x6e37, 0x6e38, 0x6e18, 0x6618, 0x6618, 0x5df8, 0x5df8, 0x5df8, 0x55f9, 0x55f9, 0x55f9, 0x55d9, 0x4dda, 0x4dda, 
	0x4dda, 0x4ddb, 0x45db, 0x45db, 0x45dc, 0x45dc, 0x45bd, 0x3dbd, 0x3dbd, 0x3dbe, 0x3dbe, 0x3dbe, 0x3dbf, 0x3dbf, 0x3dbf, 0x3dbf, 
	0x3dbf, 0x3dbf, 0x45de, 0x45de, 0x45de, 0x45dd, 0x45dd, 0x45dd, 0x4ddd, 0x4ddd, 0x4ddd, 0x4ddc, 0x4ddc, 0x4ddc, 0x4ddc, 0x4ddc, 
	0x4ddc, 0x4ddd, 0x4ddd, 0x4ddd, 0x4ddd, 0x45dd, 0x45dd, 0x45dd, 0x45de, 0x45de, 0x45de, 0x3dbf, 0x3dbf, 0x3dbf, 0x3dbf, 0x3dbf, 
	0x3dbf, 0x3dbe, 0x3dbe, 0x3dbe, 0x3dbd, 0x45bd, 0x45dd, 0x45dc, 0x45dc, 0x45db, 0x45db, 0x4ddb, 0x4dda, 0x4dda, 0x4dda, 0x55d9, 
	0x55f9, 0x55f9, 0x5df9, 0x5df8, 0x5e18, 0x6618, 0x6618, 0x6618, 0x6e38, 0x6e37, 0x6e37, 0x7637, 0x7657, 0x7e57, 0x7e58, 0x8678, 
	0x8678, 0x8e98, 0x8e98, 0x8e99, 0x96b9, 0x9eb9, 0x9eda, 0xa6fa, 0xa6fb, 0xaf1b, 0xb71c, 0xb73d, 0xb73d, 0xb73d, 0xb73d, 0xb73d, 
	0xb73d, 0xaf1c, 0xaf1b, 0xa6fb, 0xa6fa, 0x9eda, 0x9eb9, 0x96b9, 0x8e99, 0x8e98, 0x8678, 0x8678, 0x7e78, 0x7e58, 0x7657, 0x7657, 
	0x7637, 0x6e37, 0x6e18, 0x6618, 0x6618, 0x6618, 0x5e18, 0x5df8, 0x5df8, 0x55f9, 0x55f9, 0x55f9, 0x4dda, 0x4dda, 0x4dda, 0x4ddb, 
	0x45db, 0x45db, 0x45dc, 0x45dc, 0x45dd, 0x3dbd, 0x3dbd, 0x3dbe, 0x3dbe, 0x3dbf, 0x3dbf, 0x3dbf, 0x3dbf, 0x3dbf, 0x3dde, 0x45de, 
	0x45de, 0x45dd, 0x4ddd, 0x4ddd, 0x4ddc, 0x4dfc, 0x4dfc, 0x4dfc, 0x55fc, 0x55fb, 0x55fb, 0x55fb, 0x55fb, 0x55fb, 0x55fb, 0x55fb, 
	0x55fb, 0x55fb, 0x55fb, 0x55fc, 0x55fc, 0x4dfc, 0x4dfc, 0x4ddc, 0x4ddc, 0x4ddd, 0x45dd, 0x45dd, 0x45de, 0x45de, 0x3dde, 0x3dbf, 
	0x3dbf, 0x3dbf, 0x3dbf, 0x3dbf, 0x3dbe, 0x3dbe, 0x3dbd, 0x45bd, 0x45bc, 0x45dc, 0x45dc, 0x45db, 0x4ddb, 0x4ddb, 0x4dda, 0x4dda, 
	0x55d9, 0x55d9, 0x55f9, 0x55f9, 0x5df8, 0x5df8, 0x5e18, 0x6618, 0x6618, 0x6618, 0x6e37, 0x6e37, 0x7637, 0x7657, 0x7e57, 0x7e58, 
	0x7e78, 0x8678, 0x8698, 0x8e98, 0x8eb9, 0x96b9, 0x9eb9, 0x9eda, 0xa6fa, 0xa6fb, 0xaf1b, 0xb71c, 0xb73d, 0xb73d, 0xb73d, 0xb73d, 
	0xb71c, 0xaf1b, 0xa6fb, 0xa6da, 0x9eda, 0x9ed9, 0x96b9, 0x8eb9, 0x8e98, 0x8698, 0x8678, 0x7e78, 0x7e58, 0x7e58, 0x7657, 0x7637, 
	0x6e37, 0x6e18, 0x6618, 0x6618, 0x6618, 0x5df8, 0x5df8, 0x5df9, 0x55f9, 0x55f9, 0x55d9, 0x4dda, 0x4dda, 0x4dda, 0x4ddb, 0x45db, 
	0x45dc, 0x45dc, 0x45bc, 0x45bd, 0x3dbd, 0x3dbe, 0x3dbe, 0x3dbf, 0x3dbf, 0x3dbf, 0x3dbf, 0x3dde, 0x45de, 0x45dd, 0x45dd, 0x4ddd, 
	0x4ddc, 0x4dfc, 0x4dfc, 0x55fb, 0x55fb, 0x55fb, 0x55fb, 0x55fb, 0x5dfa, 0x5dfa, 0x5dfa, 0x5e1a, 0x5dfa, 0x5e1a, 0x5e1a, 0x5dfa, 
	0x5e1a, 0x5dfa, 0x5dfa, 0x5dfa, 0x55fa, 0x55fb, 0x55fb, 0x55fb, 0x55fb, 0x55fc, 0x4dfc, 0x4dfc, 0x4ddc, 0x4ddd, 0x45dd, 0x45de, 
	0x45de, 0x3ddf, 0x3dbf, 0x3dbf, 0x3dbf, 0x3dbf, 0x3dbe, 0x3dbe, 0x3dbd, 0x45bd, 0x45bc, 0x45dc, 0x45db, 0x45db, 0x4ddb, 0x4dda, 
	0x4dda, 0x4dda, 0x55f9, 0x55f9, 0x55f9, 0x5df8, 0x5df8, 0x5e18, 0x6618, 0x6618, 0x6618, 0x6e18, 0x6e37, 0x7637, 0x7637, 0x7e57, 
	0x7e58, 0x7e78, 0x8678, 0x8e98, 0x8e98, 0x96b9, 0x96b9, 0x9eda, 0x9eda, 0xa6fa, 0xa6fb, 0xaf1c, 0xb73c, 0xb73d, 0xb73d, 0xb73d, 
	0xaf1c, 0xa6fb, 0xa6fa, 0x9eda, 0x9ed9, 0x96b9, 0x8eb9, 0x8e98, 0x8678, 0x8678, 0x7e78, 0x7e58, 0x7657, 0x7657, 0x7637, 0x6e37, 
	0x6e17, 0x6618, 0x6618, 0x5e18, 0x5df8, 0x5df8, 0x5df9, 0x55f9, 0x55f9, 0x55d9, 0x4dda, 0x4dda, 0x4ddb, 0x45db, 0x45db, 0x45dc, 
	0x45bc, 0x45bd, 0x3dbd, 0x3dbe, 0x3dbe, 0x3dbf, 0x3dbf, 0x3dbf, 0x3dbf, 0x45de, 0x45de, 0x45dd, 0x4ddd, 0x4dfc, 0x4dfc, 0x55fc, 
	0x55fb, 0x55fb, 0x55fb, 0x5dfa, 0x5e1a, 0x5e1a, 0x5e19, 0x5e19, 0x6619, 0x6619, 0x6619, 0x6619, 0x6619, 0x6619, 0x6619, 0x6619, 
	0x6619, 0x6619, 0x6619, 0x6619, 0x5e19, 0x5e19, 0x5e1a, 0x5e1a, 0x5e1a, 0x5dfa, 0x55fb, 0x55fb, 0x55fb, 0x55fc, 0x4dfc, 0x4ddc, 
	0x4ddd, 0x45dd, 0x45de, 0x3dde, 0x3dbf, 0x3dbf, 0x3dbf, 0x3dbf, 0x3dbe, 0x3dbe, 0x3dbd, 0x45bd, 0x45dc, 0x45dc, 0x45db, 0x4ddb, 
	0x4dda, 0x4dda, 0x4dda, 0x55d9, 0x55f9, 0x55f9, 0x5df8, 0x5df8, 0x5df8, 0x6618, 0x6618, 0x6618, 0x6e37, 0x6e37, 0x7637, 0x7657, 
	0x7e57, 0x7e58, 0x7e78, 0x8678, 0x8698, 0x8e98, 0x96b9, 0x96b9, 0x9eda, 0x9eda, 0xa6fb, 0xaefb, 0xaf1c, 0xb73c, 0xb73d, 0xb73d, 
	0xaefb, 0xa6fb, 0x9eda, 0x9eda, 0x96b9, 0x96b9, 0x8e98, 0x8698, 0x8678, 0x8678, 0x7e58, 0x7658, 0x7657, 0x7637, 0x6e37, 0x6e18, 
	0x6618, 0x6618, 0x6618, 0x5df8, 0x5df8, 0x55f9, 0x55f9, 0x55f9, 0x4dd9, 0x4dda, 0x4dda, 0x4ddb, 0x45db, 0x45dc, 0x45bc, 0x45bc, 
	0x3dbd, 0x3dbd, 0x3dbe, 0x3dbe, 0x3dbf, 0x3dbf, 0x3dbf, 0x45de, 0x45de, 0x45dd, 0x4ddd, 0x4dfc, 0x55fc, 0x55fb, 0x55fb, 0x5dfa, 
	0x5e1a, 0x5e1a, 0x5e19, 0x6619, 0x6619, 0x6618, 0x6618, 0x6618, 0x6618, 0x6e38, 0x6e18, 0x6e18, 0x6e38, 0x6e17, 0x6e17, 0x6e37, 
	0x6e37, 0x6e38, 0x6e38, 0x6e38, 0x6618, 0x6618, 0x6618, 0x6619, 0x6619, 0x6619, 0x5e19, 0x5e1a, 0x5dfa, 0x55fa, 0x55fb, 0x55fb, 
	0x4dfc, 0x4dfc, 0x4ddd, 0x45dd, 0x45de, 0x3dde, 0x3dbf, 0x3dbf, 0x3dbf, 0x3dbe, 0x3dbe, 0x3dbd, 0x3dbd, 0x45dc, 0x45dc, 0x45db, 
	0x4ddb, 0x4ddb, 0x4dda, 0x4dda, 0x55d9, 0x55f9, 0x55f9, 0x5df8, 0x5df8, 0x5df8, 0x6618, 0x6618, 0x6618, 0x6e18, 0x6e37, 0x7637, 
	0x7657, 0x7e58, 0x7e58, 0x8678, 0x8678, 0x8e98, 0x8e99, 0x96b9, 0x96b9, 0x9eda, 0x9eda, 0xa6fb, 0xaf1b, 0xaf1c, 0xb73c, 0xb73d, 
	0xa6fb, 0x9eda, 0x9eda, 0x96b9, 0x96b9, 0x8e99, 0x8e98, 0x8678, 0x8678, 0x7e58, 0x7e58, 0x7657, 0x7637, 0x6e37, 0x6e17, 0x6618, 
	0x6618, 0x5e18, 0x5df8, 0x5df8, 0x55f9, 0x55f9, 0x55f9, 0x4dda, 0x4dda, 0x4dda, 0x4ddb, 0x45db, 0x45dc, 0x45dc, 0x45bd, 0x3dbd, 
	0x3dbe, 0x3dbe, 0x3dbf, 0x3dbf, 0x3dbf, 0x3dde, 0x45de, 0x45dd, 0x4ddd, 0x4dfc, 0x55fc, 0x55fb, 0x55fb, 0x5dfa, 0x5e1a, 0x5e19, 
	0x6619, 0x6618, 0x6618, 0x6618, 0x6e38, 0x6e37, 0x6e37, 0x6e37, 0x6e37, 0x6e37, 0x7636, 0x7636, 0x7636, 0x7636, 0x7636, 0x7636, 
	0x7636, 0x7636, 0x7636, 0x7637, 0x6e37, 0x6e37, 0x6e37, 0x6e37, 0x6e18, 0x6618, 0x6618, 0x6619, 0x6619, 0x5e19, 0x5e1a, 0x5dfa, 
	0x55fb, 0x55fc, 0x55fc, 0x4dfc, 0x4ddd, 0x45dd, 0x45de, 0x3dde, 0x3dbf, 0x3dbf, 0x3dbf, 0x3dbe, 0x3dbe, 0x3dbd, 0x45bd, 0x45dc, 
	0x45dc, 0x45db, 0x4ddb, 0x4dda, 0x4dda, 0x4dd9, 0x55f9, 0x55f9, 0x5df9, 0x5df8, 0x5df8, 0x6618, 0x6618, 0x6618, 0x6e17, 0x6e37, 
	0x7637, 0x7657, 0x7e58, 0x7e58, 0x8678, 0x8678, 0x8e98, 0x8e99, 0x96b9, 0x96b9, 0x9eda, 0xa6da, 0xa6fb, 0xaf1b, 0xb71c, 0xb73d, 
	0xa6da, 0x9eda, 0x96b9, 0x96b9, 0x8e99, 0x8e98, 0x8678, 0x8678, 0x7e58, 0x7e58, 0x7657, 0x7637, 0x6e37, 0x6e38, 0x6618, 0x6618, 
	0x5e18, 0x5df8, 0x5df8, 0x55f9, 0x55f9, 0x55f9, 0x4dda, 0x4dda, 0x4dda, 0x45db, 0x45db, 0x45dc, 0x45bc, 0x45bd, 0x3dbd, 0x3dbe, 
	0x3dbf, 0x3dbf, 0x3dbf, 0x3dbf, 0x45de, 0x45dd, 0x4ddd, 0x4dfc, 0x55fb, 0x55fb, 0x5dfa, 0x5e1a, 0x5e19, 0x6619, 0x6618, 0x6618, 
	0x6e18, 0x6e37, 0x6e37, 0x6e37, 0x7636, 0x7636, 0x7636, 0x7636, 0x7636, 0x7e55, 0x7e55, 0x7e55, 0x7e55, 0x7e55, 0x7e55, 0x7e55, 
	0x7e55, 0x7e55, 0x7e55, 0x7635, 0x7636, 0x7636, 0x7636, 0x7636, 0x7636, 0x6e37, 0x6e37, 0x6e37, 0x6e38, 0x6e39, 0x6619, 0x6619, 
	0x5df8, 0x55f7, 0x55d6, 0x55fb, 0x55fc, 0x4dfc, 0x4ddd, 0x45dd, 0x45de, 0x3ddf, 0x3dbf, 0x3dbf, 0x3dbe, 0x3dbe, 0x3dbd, 0x45bd, 
	0x45bc, 0x45dc, 0x45db, 0x4ddb, 0x4dda, 0x4dda, 0x4dd9, 0x55d9, 0x55f9, 0x5df9, 0x5df8, 0x5e18, 0x6618, 0x6618, 0x6618, 0x6e38, 
	0x6e37, 0x7637, 0x7657, 0x7e58, 0x7e78, 0x8678, 0x8678, 0x8e98, 0x8e99, 0x96b9, 0x96b9, 0x9eda, 0xa6fa, 0xa6fb, 0xaf1c, 0xb73c, 
	0x9eda, 0x9eb9, 0x96b9, 0x8e99, 0x8e98, 0x8678, 0x8678, 0x7e78, 0x7e58, 0x7658, 0x7637, 0x6e37, 0x6e37, 0x6618, 0x6618, 0x6618, 
	0x5df8, 0x5df8, 0x55f9, 0x55f9, 0x55d9, 0x4dda, 0x4dda, 0x4ddb, 0x4ddb, 0x45db, 0x45dc, 0x45bd, 0x3dbd, 0x3dbe, 0x3dbe, 0x3dbf, 
	0x3dbf, 0x3dbf, 0x45de, 0x45dd, 0x4ddd, 0x4dfc, 0x55fc, 0x55fb, 0x5dfa, 0x5e1a, 0x5e19, 0x6619, 0x6618, 0x6e38, 0x6e37, 0x6e37, 
	0x7636, 0x7636, 0x7636, 0x7635, 0x7e55, 0x7e55, 0x7e55, 0x7e54, 0x7e54, 0x7e54, 0x7e54, 0x8654, 0x8654, 0x8654, 0x8654, 0x8654, 
	0x8654, 0x8654, 0x7e54, 0x7e54, 0x7e54, 0x7e54, 0x7e55, 0x7e55, 0x7e35, 0x7e56, 0x7e57, 0x7637, 0x6e15, 0x5dcf, 0x558c, 0x4d8a, 
	0x4d67, 0x4d45, 0x558e, 0x5e1b, 0x55fa, 0x55fb, 0x55fc, 0x4dfc, 0x4ddd, 0x45de, 0x45de, 0x3dbf, 0x3dbf, 0x3dbf, 0x3dbe, 0x3dbd, 
	0x3dbd, 0x45bc, 0x45dc, 0x45db, 0x45db, 0x4dda, 0x4dda, 0x4dd9, 0x55f9, 0x55f9, 0x5df8, 0x5df8, 0x5df8, 0x6618, 0x6618, 0x6618, 
	0x6e37, 0x6e37, 0x7637, 0x7657, 0x7e58, 0x7e78, 0x8678, 0x8678, 0x8e98, 0x8eb9, 0x96b9, 0x9eda, 0x9eda, 0xa6fb, 0xaefb, 0xaf1c, 
	0x9eda, 0x96b9, 0x96b9, 0x8e98, 0x8678, 0x8678, 0x7e78, 0x7e58, 0x7658, 0x7637, 0x6e37, 0x6e37, 0x6618, 0x6618, 0x6618, 0x5df8, 
	0x5df8, 0x55f9, 0x55f9, 0x55d9, 0x4dda, 0x4dda, 0x4ddb, 0x45db, 0x45db, 0x45dc, 0x45bd, 0x3dbd, 0x3dbe, 0x3dbe, 0x3dbf, 0x3dbf, 
	0x3ddf, 0x45de, 0x45dd, 0x4ddc, 0x4dfc, 0x55fb, 0x5dfa, 0x5e1a, 0x5e19, 0x6619, 0x6618, 0x6e38, 0x6e37, 0x6e37, 0x7636, 0x7636, 
	0x7e35, 0x7e55, 0x7e55, 0x7e54, 0x8654, 0x8654, 0x8653, 0x8653, 0x8653, 0x8653, 0x8673, 0x8e73, 0x8e73, 0x8e73, 0x8e72, 0x8e72, 
	0x8e73, 0x8e73, 0x8673, 0x8673, 0x8673, 0x8653, 0x8653, 0x8674, 0x7e54, 0x6e11, 0x5dcd, 0x558b, 0x4d67, 0x4544, 0x4524, 0x4545, 
	0x4545, 0x4d47, 0x6616, 0x6619, 0x5e19, 0x5e1a, 0x55fb, 0x55fb, 0x4dfc, 0x4ddd, 0x45dd, 0x45de, 0x3dbf, 0x3dbf, 0x3dbf, 0x3dbe, 
	0x3dbe, 0x3dbd, 0x45bc, 0x45dc, 0x45db, 0x4ddb, 0x4dda, 0x4dda, 0x4dd9, 0x55d9, 0x55f9, 0x55f9, 0x5df8, 0x5df8, 0x6618, 0x6618, 
	0x6e17, 0x6e37, 0x6e37, 0x7637, 0x7658, 0x7e58, 0x7e78, 0x8678, 0x8698, 0x8e99, 0x96b9, 0x96b9, 0x9eda, 0x9eda, 0xa6fb, 0xaf1b, 
	0x96b9, 0x96b9, 0x8e99, 0x8e98, 0x8678, 0x7e78, 0x7e58, 0x7658, 0x7637, 0x6e37, 0x6e37, 0x6617, 0x6618, 0x6618, 0x5df8, 0x5df8, 
	0x55f9, 0x55f9, 0x55d9, 0x4dda, 0x4dda, 0x4dda, 0x45db, 0x45db, 0x45dc, 0x45bd, 0x3dbd, 0x3dbe, 0x3dbf, 0x3dbf, 0x3dbf, 0x45de, 
	0x45de, 0x4ddd, 0x4dfc, 0x55fb, 0x55fb, 0x5dfa, 0x5e19, 0x6619, 0x6618, 0x6e38, 0x6e37, 0x7636, 0x7636, 0x7636, 0x7e55, 0x7e55, 
	0x7e54, 0x8654, 0x8653, 0x8653, 0x8e73, 0x8e72, 0x8e72, 0x8e72, 0x8e72, 0x8e72, 0x8e72, 0x9671, 0x9671, 0x9671, 0x9671, 0x9671, 
	0x9671, 0x9671, 0x8e72, 0x8e72, 0x8e72, 0x9673, 0x8e73, 0x760e, 0x5568, 0x4525, 0x3d04, 0x4504, 0x4545, 0x4d45, 0x4d45, 0x4525, 
	0x4524, 0x5dae, 0x6e38, 0x6617, 0x6618, 0x6619, 0x5e1a, 0x5dfa, 0x55fb, 0x55fb, 0x4dfc, 0x4ddd, 0x45de, 0x3dde, 0x3dbf, 0x3dbf, 
	0x3dbe, 0x3dbe, 0x3dbd, 0x45bc, 0x45dc, 0x45db, 0x4ddb, 0x4dda, 0x4dda, 0x4dda, 0x55d9, 0x55f9, 0x55f9, 0x5df8, 0x5e18, 0x6618, 
	0x6618, 0x6e18, 0x6e37, 0x7637, 0x7637, 0x7658, 0x7e58, 0x8678, 0x8678, 0x8e98, 0x8e99, 0x96b9, 0x96b9, 0x9eda, 0xa6da, 0xa6fb, 
	0x96b9, 0x8e99, 0x8e98, 0x8678, 0x8678, 0x7e58, 0x7e57, 0x7637, 0x7637, 0x6e37, 0x6e18, 0x6618, 0x6618, 0x5df8, 0x5df8, 0x5df8, 
	0x55f9, 0x55d9, 0x4dda, 0x4dda, 0x4dda, 0x45db, 0x45dc, 0x45dc, 0x45bd, 0x3dbd, 0x3dbe, 0x3dbf, 0x3dbf, 0x3dbf, 0x45de, 0x45dd, 
	0x4ddd, 0x4dfc, 0x55fb, 0x5dfa, 0x5e1a, 0x6619, 0x6618, 0x6e38, 0x6e37, 0x7637, 0x7636, 0x7655, 0x7e55, 0x7e54, 0x8654, 0x8653, 
	0x8653, 0x8e73, 0x8e72, 0x8e72, 0x8e72, 0x9671, 0x9671, 0x9691, 0x9691, 0x9690, 0x9690, 0x9e90, 0x9e90, 0x9e90, 0x9e90, 0x9e90, 
	0x9e90, 0x9690, 0x9690, 0x9691, 0x9e91, 0x862e, 0x5d88, 0x3d04, 0x3d04, 0x4525, 0x4525, 0x3d05, 0x4525, 0x4525, 0x4525, 0x4525, 
	0x4525, 0x6e13, 0x7657, 0x6e36, 0x6e37, 0x6e18, 0x6618, 0x6619, 0x5e1a, 0x55fa, 0x55fb, 0x4dfc, 0x4ddd, 0x45dd, 0x45de, 0x3dbf, 
	0x3dbf, 0x3dbf, 0x3dbe, 0x3dbd, 0x45bd, 0x45dc, 0x45db, 0x4ddb, 0x4dda, 0x4dda, 0x4dd9, 0x55f9, 0x55f9, 0x5df8, 0x5df8, 0x5df8, 
	0x6618, 0x6618, 0x6e18, 0x6e37, 0x7637, 0x7657, 0x7e58, 0x7e58, 0x8678, 0x8678, 0x8e98, 0x8eb9, 0x96b9, 0x9eba, 0x9eda, 0xa6fb, 
	0x9699, 0x8e98, 0x8678, 0x8678, 0x7e58, 0x7e58, 0x7658, 0x7637, 0x6e37, 0x6e37, 0x6618, 0x6618, 0x5e18, 0x5df8, 0x55f8, 0x55f9, 
	0x55f9, 0x4dda, 0x4dda, 0x4dda, 0x45db, 0x45db, 0x45dc, 0x45bd, 0x3dbd, 0x3dbe, 0x3dbf, 0x3dbf, 0x3ddf, 0x45de, 0x45dd, 0x4dfc, 
	0x55fc, 0x55fb, 0x5dfa, 0x5e19, 0x6619, 0x6618, 0x6e37, 0x6e37, 0x7636, 0x7635, 0x7e55, 0x7e54, 0x8654, 0x8673, 0x8e73, 0x8e72, 
	0x8e72, 0x8e71, 0x9671, 0x9671, 0x9690, 0x9e90, 0x9e90, 0x9e90, 0x9e8f, 0x9e8f, 0x9e8f, 0x9e8f, 0xa68f, 0xa68f, 0xa68f, 0xa68f, 
	0x9e8f, 0x9e8f, 0xa6af, 0x9e8f, 0x65a9, 0x4525, 0x4524, 0x4525, 0x4505, 0x4545, 0x4525, 0x4505, 0x4525, 0x4525, 0x4525, 0x4525, 
	0x4505, 0x4bec, 0x5cb0, 0x7635, 0x7636, 0x6e37, 0x6e37, 0x6618, 0x6619, 0x5e19, 0x5dfa, 0x55fb, 0x4dfc, 0x4ddc, 0x45dd, 0x45de, 
	0x3dbf, 0x3dbf, 0x3dbf, 0x3dbe, 0x3dbd, 0x45bd, 0x45dc, 0x45db, 0x4ddb, 0x4dda, 0x4dda, 0x4dd9, 0x55d9, 0x55f9, 0x5df8, 0x5df8, 
	0x5e18, 0x6618, 0x6618, 0x6e37, 0x6e37, 0x7637, 0x7657, 0x7e58, 0x7e78, 0x8678, 0x8678, 0x8e99, 0x96b9, 0x96b9, 0x9eda, 0xa6da, 
	0x8e99, 0x8698, 0x8678, 0x7e78, 0x7e58, 0x7657, 0x7637, 0x6e37, 0x6e38, 0x6618, 0x6618, 0x5e18, 0x5df8, 0x5df8, 0x55f9, 0x55f9, 
	0x55d9, 0x4dda, 0x4dda, 0x4ddb, 0x45db, 0x45dc, 0x45bd, 0x3dbd, 0x3dbe, 0x3dbf, 0x3dbf, 0x3dbf, 0x45de, 0x45dd, 0x4dfc, 0x55fb, 
	0x55fb, 0x5e1a, 0x6619, 0x6618, 0x6e38, 0x6e37, 0x7636, 0x7656, 0x7e55, 0x7e54, 0x8654, 0x8653, 0x8e73, 0x8e72, 0x8e72, 0x9671, 
	0x9671, 0x9690, 0x9e90, 0x9e90, 0x9e8f, 0x9e8f, 0xa68f, 0xa68e, 0xa6ae, 0xa6ae, 0xa6ae, 0xa6ae, 0xa6ae, 0xaeae, 0xaeae, 0xaeae, 
	0xa6ae, 0xaeae, 0x9e8d, 0x5d87, 0x3d04, 0x4525, 0x4545, 0x4545, 0x4525, 0x4525, 0x4525, 0x4525, 0x4525, 0x4525, 0x4525, 0x4545, 
	0x3cc4, 0x21e5, 0x540d, 0x7e54, 0x7e55, 0x7636, 0x7636, 0x6e37, 0x6e18, 0x6618, 0x5e19, 0x5e1a, 0x55fb, 0x55fc, 0x4ddc, 0x45dd, 
	0x45de, 0x3dbf, 0x3dbf, 0x3dbf, 0x3dbe, 0x3dbd, 0x45bd, 0x45bc, 0x45db, 0x45db, 0x4dda, 0x4dda, 0x55d9, 0x55f9, 0x55f9, 0x5df8, 
	0x5df8, 0x6618, 0x6618, 0x6618, 0x6e37, 0x6e37, 0x7637, 0x7658, 0x7e58, 0x7e78, 0x8678, 0x8e98, 0x8e99, 0x96b9, 0x96b9, 0x9eda, 
	0x8e98, 0x8678, 0x8678, 0x7e58, 0x7e58, 0x7657, 0x6e37, 0x6e37, 0x6617, 0x6618, 0x6618, 0x5df8, 0x5df8, 0x55f9, 0x55f9, 0x55d9, 
	0x4dda, 0x4dda, 0x45db, 0x45db, 0x45dc, 0x45bd, 0x3dbd, 0x3dbe, 0x3dbf, 0x3dbf, 0x3ddf, 0x45de, 0x4ddd, 0x4ddc, 0x55fb, 0x5dfa, 
	0x5e19, 0x6619, 0x6618, 0x6e37, 0x6e37, 0x7636, 0x7e55, 0x7e55, 0x8654, 0x8653, 0x8e73, 0x8e72, 0x8e71, 0x9671, 0x9691, 0x9e90, 
	0x9e90, 0x9e8f, 0xa68f, 0xa6ae, 0xa6ae, 0xa6ae, 0xaead, 0xaead, 0xaead, 0xaead, 0xaead, 0xaeac, 0xaeac, 0xaeac, 0xaeac, 0xaeac, 
	0xb6cd, 0x9e6b, 0x5566, 0x3d24, 0x4525, 0x4505, 0x4525, 0x4525, 0x4545, 0x4545, 0x4545, 0x4525, 0x4525, 0x4525, 0x4504, 0x4545, 
	0x3ca4, 0x4308, 0x7dd1, 0x8674, 0x7e54, 0x7e55, 0x7655, 0x7636, 0x6e37, 0x6e37, 0x6618, 0x6619, 0x5e1a, 0x55fa, 0x55fb, 0x4dfc, 
	0x45dd, 0x45de, 0x3dbf, 0x3dbf, 0x3dbf, 0x3dbe, 0x3dbd, 0x45bc, 0x45bc, 0x45db, 0x4ddb, 0x4dda, 0x4dda, 0x55d9, 0x55f9, 0x55f9, 
	0x5df8, 0x5df8, 0x6618, 0x6618, 0x6e17, 0x6e37, 0x7637, 0x7637, 0x7e57, 0x7e58, 0x8678, 0x8698, 0x8e98, 0x8e99, 0x96b9, 0x9eda, 
	0x8678, 0x8678, 0x7e78, 0x7e58, 0x7657, 0x7637, 0x6e37, 0x6e17, 0x6618, 0x6618, 0x5df8, 0x5df8, 0x55f8, 0x55f9, 0x55d9, 0x4dda, 
	0x4dda, 0x4ddb, 0x45db, 0x45dc, 0x45bc, 0x3dbd, 0x3dbe, 0x3dbf, 0x3dbf, 0x3ddf, 0x45de, 0x4ddd, 0x4dfc, 0x55fc, 0x5e1b, 0x661b, 
	0x663a, 0x6e39, 0x6e38, 0x7637, 0x7636, 0x7e55, 0x7e54, 0x8653, 0x8673, 0x8e72, 0x8e72, 0x9671, 0x9690, 0x9e90, 0x9e8f, 0xa68f, 
	0xa68e, 0xa6ae, 0xaeae, 0xaead, 0xaead, 0xaeac, 0xb6ac, 0xb6cc, 0xb6cc, 0xb6cc, 0xb6cb, 0xb6cb, 0xb6cb, 0xb6cb, 0xb6cb, 0xbecb, 
	0x9e6a, 0x4d66, 0x4545, 0x4525, 0x4525, 0x4545, 0x4545, 0x4545, 0x4545, 0x4d45, 0x4545, 0x4525, 0x4525, 0x4525, 0x3d04, 0x4525, 
	0x3cc4, 0x64ac, 0x9692, 0x8e72, 0x8653, 0x8654, 0x7e54, 0x7e55, 0x7636, 0x7637, 0x6e37, 0x6618, 0x6619, 0x5e1a, 0x55fa, 0x55fb, 
	0x4dfc, 0x45dd, 0x45de, 0x3dbf, 0x3dbf, 0x3dbe, 0x3dbe, 0x3dbd, 0x45bc, 0x45dc, 0x45db, 0x4ddb, 0x4dda, 0x4dda, 0x55d9, 0x55f9, 
	0x55f8, 0x5df8, 0x5e18, 0x6618, 0x6618, 0x6e38, 0x6e37, 0x7638, 0x7657, 0x7e58, 0x7e78, 0x8678, 0x8698, 0x8e99, 0x96b9, 0x96b9, 
	0x8678, 0x8678, 0x7e58, 0x7658, 0x7637, 0x6e37, 0x6e38, 0x6618, 0x6618, 0x5e18, 0x5df8, 0x5df8, 0x55f9, 0x55d9, 0x4dda, 0x4dda, 
	0x4ddb, 0x45db, 0x45dc, 0x45bc, 0x3dbd, 0x3dbe, 0x3dbf, 0x3dbf, 0x3ddf, 0x45de, 0x4ddd, 0x4dfc, 0x55fa, 0x55d6, 0x55b2, 0x55b0, 
	0x55b1, 0x5dcf, 0x65f0, 0x6e12, 0x7633, 0x7e54, 0x8e74, 0x8e73, 0x8e72, 0x9671, 0x9670, 0x9e90, 0x9e8f, 0xa68f, 0xa6ae, 0xa6ae, 
	0xaead, 0xaead, 0xaeac, 0xb6cc, 0xb6cc, 0xb6cb, 0xbecb, 0xbecb, 0xbeca, 0xbeca, 0xbeca, 0xbeca, 0xbeca, 0xbeca, 0xc6ea, 0xae89, 
	0x4d66, 0x4545, 0x4525, 0x4525, 0x4525, 0x4525, 0x4545, 0x4525, 0x4525, 0x4545, 0x4d45, 0x4525, 0x4525, 0x4525, 0x4505, 0x4525, 
	0x4505, 0x7d8d, 0x9691, 0x9671, 0x8e72, 0x8e73, 0x8653, 0x8654, 0x7e55, 0x7636, 0x7636, 0x6e37, 0x6618, 0x6619, 0x5e19, 0x5dfa, 
	0x55fb, 0x4dfc, 0x45dd, 0x45de, 0x3ddf, 0x3dbf, 0x3dbe, 0x3dbe, 0x3dbd, 0x45bc, 0x45dc, 0x45db, 0x4dda, 0x4dda, 0x4dda, 0x55f9, 
	0x55f9, 0x5df8, 0x5df8, 0x6618, 0x6618, 0x6618, 0x6e37, 0x6e37, 0x7638, 0x7658, 0x7e58, 0x8678, 0x8678, 0x8e98, 0x8e99, 0x96b9, 
	0x8678, 0x7e58, 0x7e58, 0x7638, 0x7637, 0x6e37, 0x6618, 0x6618, 0x6618, 0x5df8, 0x5df8, 0x55f9, 0x55f9, 0x55d9, 0x4dda, 0x4dda, 
	0x45db, 0x45dc, 0x45dc, 0x3dbd, 0x3dbe, 0x3dbe, 0x3dbf, 0x3dbf, 0x45de, 0x4ddd, 0x4ddc, 0x55fc, 0x55d4, 0x4504, 0x4524, 0x4524, 
	0x4504, 0x4524, 0x4524, 0x4525, 0x4525, 0x4d47, 0x65ab, 0x760d, 0x9670, 0x9e91, 0x9e90, 0x9e8f, 0xa6ae, 0xaeae, 0xaead, 0xaead, 
	0xb6ac, 0xb6cc, 0xb6cb, 0xbecb, 0xbeca, 0xbeca, 0xbeca, 0xc6c9, 0xc6e9, 0xc6e9, 0xc6e9, 0xc6e9, 0xc6e9, 0xcee9, 0xc6c9, 0x65a6, 
	0x4545, 0x5566, 0x5567, 0x4525, 0x4525, 0x4525, 0x4525, 0x4525, 0x3d05, 0x5d64, 0x5584, 0x4525, 0x4525, 0x4545, 0x4505, 0x4504, 
	0x44e5, 0x85ac, 0x9eb0, 0x9690, 0x9671, 0x8e71, 0x8e72, 0x8673, 0x8654, 0x7e55, 0x7635, 0x7636, 0x6e37, 0x6e18, 0x6619, 0x5e19, 
	0x5dfa, 0x55fb, 0x4dfc, 0x45dd, 0x45de, 0x3dbf, 0x3dbf, 0x3dbe, 0x3dbd, 0x45bd, 0x45bc, 0x45db, 0x4ddb, 0x4dda, 0x4dda, 0x55d9, 
	0x55d9, 0x55f9, 0x5df8, 0x5e18, 0x6618, 0x6618, 0x6e17, 0x6e37, 0x7637, 0x7657, 0x7e58, 0x7e58, 0x8678, 0x8698, 0x8e99, 0x96b9, 
	0x7e78, 0x7e58, 0x7657, 0x7637, 0x6e37, 0x6e17, 0x6618, 0x6618, 0x5df8, 0x5df8, 0x55f9, 0x55f9, 0x55d9, 0x4dda, 0x4dda, 0x45db, 
	0x45db, 0x45bc, 0x45bd, 0x3dbd, 0x3dbe, 0x3dbf, 0x3dbf, 0x45de, 0x45dd, 0x4dfc, 0x55fb, 0x5dfa, 0x5e1a, 0x4d6b, 0x4524, 0x4525, 
	0x4525, 0x4525, 0x4525, 0x4525, 0x4525, 0x3d04, 0x3d04, 0x4525, 0x4d46, 0x6dca, 0x966d, 0xaece, 0xaead, 0xaeac, 0xb6cc, 0xb6cc, 
	0xbecb, 0xbeca, 0xbeca, 0xc6ea, 0xc6e9, 0xc6e9, 0xc6e9, 0xcee8, 0xcee8, 0xcee8, 0xcee8, 0xcee8, 0xcee7, 0xd707, 0x75c6, 0x3d25, 
	0x4d45, 0xbf16, 0xf7de, 0x6dab, 0x3d04, 0x4d45, 0x4d45, 0x4525, 0x4d24, 0x85c2, 0x4d24, 0x4525, 0x4525, 0x4525, 0x4525, 0x4525, 
	0x4505, 0x8dcc, 0xa6af, 0x9e8f, 0x9e90, 0x9691, 0x9671, 0x8e72, 0x8673, 0x8654, 0x7e54, 0x7e55, 0x7656, 0x6e37, 0x6617, 0x5e39, 
	0x5e1a, 0x5dfa, 0x55fb, 0x4ddc, 0x45dd, 0x45de, 0x3dbf, 0x3dbf, 0x3dbe, 0x3dbd, 0x45bd, 0x45dc, 0x45db, 0x4ddb, 0x4dda, 0x4dda, 
	0x55f9, 0x55f9, 0x55f8, 0x5df8, 0x5df8, 0x6618, 0x6618, 0x6e17, 0x6e37, 0x7637, 0x7658, 0x7e58, 0x7e78, 0x8678, 0x8e98, 0x8e99, 
	0x7e58, 0x7e58, 0x7637, 0x6e37, 0x6e37, 0x6618, 0x6618, 0x5e18, 0x5df8, 0x5df8, 0x55f9, 0x55f9, 0x4dda, 0x4dda, 0x4ddb, 0x45db, 
	0x45bc, 0x45bd, 0x3dbd, 0x3dbe, 0x3dbf, 0x3dbf, 0x45de, 0x45dd, 0x4dfc, 0x55fb, 0x5dfa, 0x5e19, 0x6619, 0x6616, 0x4546, 0x4545, 
	0x4525, 0x4525, 0x4525, 0x3d04, 0x4505, 0x4525, 0x4525, 0x4525, 0x4525, 0x3d04, 0x4525, 0x75e9, 0xaeac, 0xbecc, 0xb6cb, 0xbeca, 
	0xbeca, 0xc6e9, 0xc6e9, 0xcee8, 0xcee8, 0xcee8, 0xcf07, 0xd707, 0xd707, 0xd707, 0xd707, 0xd706, 0xdf26, 0x9646, 0x4525, 0x4d45, 
	0x4d45, 0xdf7a, 0xffff, 0x75ec, 0x3d24, 0x4d46, 0x4d45, 0x4546, 0x85e1, 0x6d82, 0x3d05, 0x4525, 0x4525, 0x4525, 0x4505, 0x4505, 
	0x4505, 0x95cb, 0xaece, 0xa68e, 0xa68f, 0x9e90, 0x9690, 0x9671, 0x8e72, 0x8673, 0x8673, 0x7e54, 0x7635, 0x74b1, 0xbcb4, 0x94f4, 
	0x75d8, 0x5e1a, 0x5dfb, 0x55fb, 0x4dfc, 0x45dd, 0x3dde, 0x3dbf, 0x3dbf, 0x3dbe, 0x3dbd, 0x45bc, 0x45dc, 0x45db, 0x4ddb, 0x4dda, 
	0x4dda, 0x55f9, 0x55f9, 0x5df8, 0x5df8, 0x6618, 0x6618, 0x6e17, 0x6e37, 0x7637, 0x7657, 0x7e58, 0x7e78, 0x8678, 0x8678, 0x8e99, 
	0x7e58, 0x7657, 0x7637, 0x6e37, 0x6e17, 0x6618, 0x6618, 0x5df8, 0x5df8, 0x55f9, 0x55f9, 0x55d9, 0x4dda, 0x4dda, 0x45db, 0x45dc, 
	0x45bc, 0x3dbd, 0x3dbe, 0x3dbf, 0x3dbf, 0x3dde, 0x45dd, 0x4ddc, 0x55fb, 0x55fb, 0x5e1a, 0x6619, 0x6e38, 0x6e37, 0x5589, 0x4d45, 
	0x4525, 0x4525, 0x3d05, 0x3ce4, 0x4504, 0x4525, 0x4525, 0x4525, 0x4d45, 0x4525, 0x3d04, 0x34e4, 0x5566, 0xae8a, 0xc6ea, 0xc6e9, 
	0xc6e9, 0xcee8, 0xcee8, 0xcf07, 0xd707, 0xd707, 0xd706, 0xdf06, 0xdf06, 0xdf05, 0xdf05, 0xe725, 0xc6c5, 0x4d45, 0x4525, 0x4525, 
	0x3d04, 0x860d, 0xa692, 0x4d46, 0x4545, 0x4d65, 0x4546, 0x75c3, 0xa620, 0x4d24, 0x4525, 0x4525, 0x4525, 0x3ce4, 0x3ce4, 0x3d04, 
	0x4505, 0x95ca, 0xb6cd, 0xaead, 0xa6ae, 0xa68f, 0x9e8f, 0x9690, 0x9691, 0x9652, 0x9632, 0x7e73, 0xa534, 0xf435, 0xfc77, 0xfcd6, 
	0xc577, 0x5e19, 0x5dfa, 0x55fb, 0x4dfc, 0x4ddd, 0x45de, 0x3dbf, 0x3dbf, 0x3dbe, 0x3dbe, 0x3dbd, 0x45bc, 0x45db, 0x45db, 0x4dda, 
	0x4dda, 0x55d9, 0x55f9, 0x55f9, 0x5df8, 0x5e18, 0x6618, 0x6618, 0x6e17, 0x6e37, 0x7637, 0x7658, 0x7e58, 0x7e78, 0x8678, 0x8e98, 
	0x7e57, 0x7657, 0x6e37, 0x6e37, 0x6618, 0x6618, 0x5e18, 0x5df8, 0x5df8, 0x55f9, 0x55d9, 0x4dda, 0x4dda, 0x4ddb, 0x45db, 0x45dc, 
	0x3dbd, 0x3dbd, 0x3dbe, 0x3dbf, 0x3dbf, 0x45de, 0x4ddd, 0x55fc, 0x55fb, 0x5e1a, 0x6619, 0x6618, 0x6e37, 0x7657, 0x55ab, 0x4524, 
	0x4525, 0x4525, 0x4525, 0x4504, 0x3d04, 0x4545, 0x4545, 0x4d45, 0x4d45, 0x4525, 0x4505, 0x4505, 0x3d04, 0x5565, 0xa668, 0xd708, 
	0xcee8, 0xd707, 0xd707, 0xd706, 0xdf06, 0xdf25, 0xdf25, 0xdf25, 0xe724, 0xe724, 0xe724, 0xef24, 0x7de5, 0x3d25, 0x4524, 0x4d45, 
	0x4525, 0x3d04, 0x3d03, 0x4525, 0x4545, 0x4d45, 0x4d45, 0xa620, 0x85c2, 0x3d25, 0x4525, 0x4525, 0x4525, 0x3ce4, 0x4525, 0x4525, 
	0x44e5, 0x9dc9, 0xbeec, 0xb6ac, 0xaead, 0xa6ae, 0xa68e, 0x9eaf, 0x9e0f, 0xed35, 0xfd56, 0xcd74, 0xdcb5, 0xfc57, 0xf436, 0xfcf7, 
	0xe576, 0x6618, 0x5e39, 0x5e1a, 0x55fb, 0x4dfc, 0x4ddd, 0x45de, 0x3dbf, 0x3dbf, 0x3dbe, 0x3dbd, 0x45bd, 0x45bc, 0x45db, 0x4ddb, 
	0x4dda, 0x4dda, 0x55f9, 0x55f9, 0x5df8, 0x5df8, 0x6618, 0x6618, 0x6618, 0x6e37, 0x7637, 0x7657, 0x7e58, 0x7e58, 0x8678, 0x8698, 
	0x7657, 0x7637, 0x6e37, 0x6e17, 0x6618, 0x6618, 0x5df8, 0x5df8, 0x55f9, 0x55d9, 0x55d9, 0x4dda, 0x4ddb, 0x45db, 0x45bc, 0x45bd, 
	0x3dbd, 0x3dbe, 0x3dbf, 0x3dbf, 0x45de, 0x4ddd, 0x4dfc, 0x55fb, 0x5dfa, 0x6619, 0x6618, 0x6e37, 0x7636, 0x6d73, 0x4c8a, 0x3ce4, 
	0x4525, 0x4525, 0x4525, 0x4525, 0x3d05, 0x4525, 0x4525, 0x4525, 0x4525, 0x4525, 0x4525, 0x4525, 0x4525, 0x4525, 0x4525, 0xa666, 
	0xdf27, 0xd706, 0xdf06, 0xdf25, 0xe725, 0xe724, 0xe724, 0xe723, 0xef23, 0xef23, 0xef43, 0xd6e3, 0x4d45, 0x3d04, 0x65a9, 0xefbc, 
	0xaed4, 0x4504, 0x4525, 0x4525, 0x4525, 0x3d25, 0x75a2, 0xae40, 0x5544, 0x4525, 0x4525, 0x4525, 0x4525, 0x4525, 0x4525, 0x4545, 
	0x4464, 0xa5a8, 0xbeeb, 0xb6cb, 0xb6cc, 0xaead, 0xaead, 0xa6ae, 0xdd32, 0xfd57, 0xfd78, 0xfd37, 0xe455, 0xf3f5, 0xebf5, 0xf496, 
	0xe517, 0xccf7, 0xad37, 0x6619, 0x5e1a, 0x55fb, 0x4dfc, 0x45dd, 0x45de, 0x3dbf, 0x3dbf, 0x3dbe, 0x3dbd, 0x45dc, 0x45dc, 0x45db, 
	0x4dda, 0x4dda, 0x55d9, 0x55f9, 0x55f8, 0x5df8, 0x5df8, 0x6618, 0x6618, 0x6e37, 0x6e37, 0x7637, 0x7658, 0x7e58, 0x8678, 0x8678, 
	0x7637, 0x6e37, 0x6e37, 0x6618, 0x6618, 0x5e18, 0x5df8, 0x5df8, 0x55f9, 0x55d9, 0x4dda, 0x4dda, 0x4ddb, 0x45db, 0x45bc, 0x3dbd, 
	0x3dbe, 0x3dbf, 0x3dbf, 0x3dde, 0x45dd, 0x4ddc, 0x55fb, 0x5dfa, 0x5e19, 0x6618, 0x6e17, 0x7657, 0x6552, 0x32a9, 0x2a45, 0x3d04, 
	0x4525, 0x4525, 0x4525, 0x4525, 0x4525, 0x4525, 0x4525, 0x4525, 0x4525, 0x4505, 0x4505, 0x4525, 0x4505, 0x4504, 0x3d05, 0x4525, 
	0xb685, 0xe725, 0xdf24, 0xe724, 0xe723, 0xef43, 0xef43, 0xef42, 0xef42, 0xef42, 0xff61, 0xa643, 0x3d25, 0x4d45, 0xd759, 0xffff, 
	0xefbc, 0x4d46, 0x4525, 0x4525, 0x3d05, 0x4d44, 0xa620, 0x85c2, 0x3d25, 0x4525, 0x4525, 0x4525, 0x4525, 0x4525, 0x4525, 0x4545, 
	0x43a4, 0xa587, 0xc70a, 0xbeca, 0xbecb, 0xb6ac, 0xb6cd, 0x962c, 0xb4d0, 0xfcd7, 0xf476, 0xf476, 0xe435, 0xf436, 0xf436, 0xec56, 
	0xf416, 0xfc57, 0xe415, 0x6d15, 0x5e3a, 0x5dfa, 0x55fb, 0x4ddc, 0x45dd, 0x3dbf, 0x3dbf, 0x3dbf, 0x3dbe, 0x45bd, 0x45bc, 0x45db, 
	0x4ddb, 0x4dda, 0x4dda, 0x55f9, 0x55f9, 0x5df8, 0x5df8, 0x6618, 0x6618, 0x6e18, 0x6e37, 0x7637, 0x7637, 0x7e58, 0x7e78, 0x8678, 
	0x7637, 0x6e37, 0x6e17, 0x6618, 0x6618, 0x5df8, 0x5df8, 0x55f9, 0x55d9, 0x4dd9, 0x4dda, 0x4ddb, 0x45db, 0x45dc, 0x45bd, 0x3dbd, 
	0x3dbe, 0x3dbf, 0x3dbf, 0x45de, 0x4ddd, 0x55fc, 0x55fb, 0x5e1a, 0x6619, 0x6e18, 0x6e36, 0x7656, 0x6db2, 0x3ac9, 0x21c4, 0x3cc4, 
	0x4505, 0x3ce3, 0x3d03, 0x4525, 0x4525, 0x4525, 0x4505, 0x4525, 0x4525, 0x4525, 0x4525, 0x4505, 0x4505, 0x4505, 0x4525, 0x4525, 
	0x4525, 0xbea4, 0xf743, 0xef23, 0xef42, 0xf742, 0xf742, 0xf741, 0xf741, 0xff41, 0xff60, 0x75a3, 0x34e4, 0x6daa, 0xffff, 0xffff, 
	0xbf16, 0x3d04, 0x4525, 0x4525, 0x34e5, 0x7da1, 0xa620, 0x4d45, 0x4525, 0x4525, 0x4525, 0x4525, 0x4525, 0x4505, 0x4525, 0x3d05, 
	0x4303, 0xada6, 0xcf09, 0xc6c9, 0xbeca, 0xbecb, 0xb6cc, 0xaeac, 0x8c8b, 0xec36, 0xf456, 0xebd5, 0xf416, 0xe3d4, 0xd393, 0xf416, 
	0xf3f5, 0xf436, 0xfc56, 0xac94, 0x5e19, 0x5e1a, 0x55fb, 0x4dfc, 0x4ddd, 0x45de, 0x3dbf, 0x3dbf, 0x3dbe, 0x3dbd, 0x45dc, 0x45dc, 
	0x45db, 0x4dda, 0x4dda, 0x4dd9, 0x55f9, 0x55f9, 0x5df8, 0x5df8, 0x6618, 0x6618, 0x6e37, 0x6e37, 0x7638, 0x7e58, 0x7e58, 0x8678, 
	0x7637, 0x6e37, 0x6618, 0x6618, 0x5e18, 0x5df8, 0x5df8, 0x55f9, 0x55d9, 0x4dda, 0x4dda, 0x45db, 0x45dc, 0x45bc, 0x3dbd, 0x3dbe, 
	0x3dbf, 0x3dbf, 0x45de, 0x45dd, 0x4dfc, 0x55fb, 0x5dfa, 0x6619, 0x6e38, 0x6e37, 0x7636, 0x7e55, 0x8674, 0x6d0f, 0x3266, 0x3ca4, 
	0x3d24, 0x860d, 0x9e92, 0x4525, 0x4525, 0x4525, 0x4525, 0x3d05, 0x3d05, 0x4525, 0x4525, 0x4525, 0x4525, 0x4525, 0x4525, 0x4525, 
	0x3d05, 0x5544, 0xdf02, 0xf742, 0xf741, 0xff61, 0xff60, 0xff60, 0xff60, 0xff80, 0xd6e0, 0x4525, 0x3503, 0x860e, 0xffff, 0xf7de, 
	0x658a, 0x3ce3, 0x4525, 0x3d05, 0x5523, 0xae20, 0x6d83, 0x3d05, 0x4525, 0x4525, 0x4505, 0x4525, 0x4525, 0x4505, 0x4545, 0x3c44, 
	0x4a82, 0xb606, 0xd708, 0xcee8, 0xc6e9, 0xbeca, 0xbecb, 0xb6ec, 0xa62c, 0xd433, 0xf457, 0xf415, 0xec15, 0xbb50, 0xbb70, 0xe3f4, 
	0xec15, 0xdbf4, 0xdc14, 0xa4b3, 0x6618, 0x6619, 0x5dfa, 0x55fb, 0x4dfc, 0x45dd, 0x3dde, 0x3dbf, 0x3dbf, 0x3dbe, 0x3dbd, 0x45bc, 
	0x45db, 0x4ddb, 0x4dda, 0x4dda, 0x55d9, 0x55f9, 0x5df8, 0x5df8, 0x6618, 0x6618, 0x6e17, 0x6e37, 0x7637, 0x7657, 0x7e58, 0x7e78, 
	0x6e37, 0x6e17, 0x6618, 0x6618, 0x5df8, 0x5df8, 0x55f9, 0x55f9, 0x55d9, 0x4dda, 0x4ddb, 0x45db, 0x45bc, 0x45bd, 0x3dbd, 0x3dbe, 
	0x3dbf, 0x3dbf, 0x45dd, 0x4ddc, 0x55fb, 0x5e1a, 0x5e19, 0x6618, 0x6e37, 0x7636, 0x7e55, 0x7e54, 0x8673, 0x8611, 0x4308, 0x3464, 
	0x5586, 0xe79c, 0xffff, 0x65a9, 0x3d04, 0x4525, 0x6583, 0x75a2, 0x4d44, 0x3d05, 0x4525, 0x4525, 0x4525, 0x4525, 0x4525, 0x4525, 
	0x4525, 0x3d05, 0x85e3, 0xff60, 0xff60, 0xff60, 0xff60, 0xff60, 0xff40, 0xff60, 0x8e03, 0x3d26, 0x3d03, 0x860e, 0xf7de, 0x7e0d, 
	0x3d04, 0x4525, 0x4525, 0x4525, 0x9600, 0x85e1, 0x3d25, 0x4525, 0x4525, 0x4525, 0x4525, 0x4525, 0x4505, 0x4505, 0x4565, 0x3b63, 
	0x5aa1, 0xc665, 0xd727, 0xcee7, 0xcee8, 0xc6e9, 0xbeca, 0xb6ca, 0xbe8d, 0xdcb3, 0xc3d2, 0xe435, 0xec35, 0xe3f4, 0xec35, 0xe3f5, 
	0xe435, 0xcc12, 0xed36, 0xadf7, 0x6637, 0x6618, 0x5e19, 0x55fb, 0x55fc, 0x4ddd, 0x45de, 0x3dbf, 0x3dbf, 0x3dbe, 0x3dbd, 0x45bd, 
	0x45dc, 0x45db, 0x4dda, 0x4dda, 0x55d9, 0x55f9, 0x55f9, 0x5df8, 0x5e18, 0x6618, 0x6618, 0x6e37, 0x6e37, 0x7637, 0x7e58, 0x7e78, 
	0x6e37, 0x6e17, 0x6618, 0x6618, 0x5df8, 0x5df8, 0x55f9, 0x55d9, 0x4dda, 0x4dda, 0x4ddb, 0x45dc, 0x45bc, 0x3dbd, 0x3dbe, 0x3dbf, 
	0x3dbf, 0x45de, 0x4ddd, 0x4dfc, 0x55fb, 0x5e1a, 0x6619, 0x6e38, 0x7636, 0x7655, 0x7e54, 0x8653, 0x8e72, 0x8e51, 0x5389, 0x3404, 
	0x5586, 0xefbd, 0xdf7a, 0x4d66, 0x4525, 0x4525, 0x4525, 0x7dc2, 0xa620, 0x6d83, 0x3d05, 0x4525, 0x4525, 0x4525, 0x4505, 0x4505, 
	0x4525, 0x4525, 0x3d05, 0xb681, 0xff80, 0xff40, 0xff40, 0xff40, 0xff40, 0xff40, 0x75a4, 0x3d25, 0x4525, 0x4525, 0x4d46, 0x3d04, 
	0x4545, 0x4525, 0x4525, 0x85e1, 0xae40, 0x5544, 0x4525, 0x4525, 0x4525, 0x4525, 0x4525, 0x4525, 0x4525, 0x4525, 0x4505, 0x3a41, 
	0x83e2, 0xdf05, 0xdf26, 0xd706, 0xcf07, 0xcee8, 0xc6e9, 0xbee9, 0xe611, 0xfd99, 0xf4d6, 0xf436, 0xf3f5, 0xf436, 0xf476, 0xf3f5, 
	0xf416, 0xecf7, 0x9e35, 0x6e56, 0x6e37, 0x6e38, 0x6619, 0x5dfa, 0x55fb, 0x4dfc, 0x45dd, 0x3dde, 0x3dbf, 0x3dbf, 0x3dbe, 0x3dbd, 
	0x45bc, 0x45db, 0x4ddb, 0x4dda, 0x4dda, 0x55f9, 0x55f9, 0x5df8, 0x5df8, 0x6618, 0x6618, 0x6e18, 0x6e37, 0x7637, 0x7657, 0x7e58, 
	0x6e37, 0x6618, 0x6618, 0x5e18, 0x5df8, 0x55f9, 0x55f9, 0x55d9, 0x4dda, 0x4dda, 0x45db, 0x45bc, 0x45bc, 0x3dbd, 0x3dbe, 0x3dbf, 
	0x3dbf, 0x45dd, 0x4ddc, 0x55fb, 0x5dfa, 0x6619, 0x6618, 0x6e37, 0x7636, 0x7e55, 0x8654, 0x8e73, 0x8e72, 0x9691, 0x642a, 0x3384, 
	0x4565, 0x6daa, 0x5d89, 0x3d04, 0x3d03, 0x4505, 0x4525, 0x4525, 0x6563, 0xa620, 0x7582, 0x3d25, 0x4545, 0x4525, 0x4525, 0x4525, 
	0x4525, 0x4525, 0x3d05, 0x5544, 0xef01, 0xff40, 0xff41, 0xff41, 0xff41, 0xff21, 0x6564, 0x4525, 0x4545, 0x3d04, 0x3d04, 0x4525, 
	0x4525, 0x4525, 0x6da3, 0xb660, 0x7dc2, 0x3d25, 0x4525, 0x4525, 0x4525, 0x4525, 0x4525, 0x4525, 0x4505, 0x4565, 0x3c03, 0x41e0, 
	0xad42, 0xef44, 0xdf05, 0xdf05, 0xd706, 0xd707, 0xcee8, 0xc6e9, 0xd5f0, 0xf557, 0xfcb8, 0xf456, 0xf416, 0xe435, 0xdc34, 0xf436, 
	0xf436, 0xf497, 0x8e14, 0x7655, 0x7636, 0x6e37, 0x6618, 0x5e19, 0x5dfa, 0x55fb, 0x4dfd, 0x45de, 0x3dbf, 0x3dbf, 0x3dbe, 0x3dbd, 
	0x45dc, 0x45dc, 0x45db, 0x4dda, 0x4dda, 0x55d9, 0x55f9, 0x5df8, 0x5df8, 0x5e18, 0x6618, 0x6617, 0x6e37, 0x7637, 0x7657, 0x7e58, 
	0x6e18, 0x6618, 0x6618, 0x5df8, 0x5df8, 0x55f9, 0x55f9, 0x4dda, 0x4dda, 0x4ddb, 0x45db, 0x45dc, 0x45bd, 0x3dbe, 0x3dbf, 0x3dbf, 
	0x45de, 0x4ddd, 0x4dfc, 0x55fb, 0x5e1a, 0x6618, 0x6e37, 0x7636, 0x7e35, 0x7e54, 0x8673, 0x8e72, 0x9671, 0x9eb0, 0x7d2c, 0x3b24, 
	0x4545, 0x4524, 0x3d04, 0x5d89, 0x860d, 0x4505, 0x3d04, 0x4525, 0x3d25, 0x5d64, 0xa620, 0x6da3, 0x3d25, 0x4545, 0x4525, 0x3d05, 
	0x4525, 0x4525, 0x4d45, 0x3505, 0x9603, 0xff40, 0xff21, 0xff21, 0xff41, 0xf6c1, 0x5524, 0x4546, 0x4525, 0x4525, 0x4525, 0x4d45, 
	0x4525, 0x5d64, 0xa640, 0xae40, 0x5564, 0x4525, 0x4d45, 0x4545, 0x4525, 0x4545, 0x4545, 0x4525, 0x4525, 0x4565, 0x3b02, 0x62a0, 
	0xd662, 0xef43, 0xe724, 0xe725, 0xdf05, 0xd706, 0xcee7, 0xcf08, 0xbe89, 0xe553, 0xb390, 0xdbf4, 0xec36, 0xc3f2, 0xc432, 0xe435, 
	0xfc57, 0xb3f1, 0x8e13, 0x7e74, 0x7635, 0x7636, 0x6e38, 0x6619, 0x5e1a, 0x55fb, 0x4dfc, 0x45dd, 0x3dde, 0x3dbf, 0x3dbf, 0x3dbe, 
	0x45bd, 0x45dc, 0x45db, 0x4ddb, 0x4dda, 0x4dd9, 0x55f9, 0x55f9, 0x5df8, 0x5df8, 0x6618, 0x6618, 0x6e38, 0x6e37, 0x7637, 0x7e58, 
	0x6e17, 0x6618, 0x6618, 0x5df8, 0x5df8, 0x55f9, 0x55d9, 0x4dda, 0x4dda, 0x45db, 0x45dc, 0x45bc, 0x3dbd, 0x3dbe, 0x3dbf, 0x3dbf, 
	0x45de, 0x4ddc, 0x55fb, 0x5dfa, 0x5e19, 0x6618, 0x6e37, 0x7636, 0x7e55, 0x8654, 0x8e73, 0x8e71, 0x9690, 0x9eb0, 0x8dac, 0x3a84, 
	0x3ca4, 0x4d66, 0x3d03, 0xaed4, 0xffff, 0xbef6, 0x3d04, 0x3d04, 0x4525, 0x3d25, 0x5564, 0xa620, 0x6583, 0x3d25, 0x4525, 0x3d04, 
	0x4525, 0x4525, 0x4525, 0x4525, 0x4d45, 0xeee2, 0xff21, 0xff21, 0xff22, 0xee82, 0x5504, 0x4545, 0x4525, 0x4525, 0x4525, 0x4525, 
	0x4d44, 0x9600, 0xb640, 0x7dc2, 0x4525, 0x4545, 0x4d45, 0x4545, 0x4545, 0x4525, 0x4545, 0x4525, 0x4545, 0x3c64, 0x39e0, 0x8be0, 
	0xf721, 0xf742, 0xef23, 0xe724, 0xdf25, 0xdf06, 0xd706, 0xcee7, 0xcf09, 0xbe69, 0x8d07, 0x9c4b, 0x842a, 0xc531, 0xf536, 0xa36f, 
	0xa36f, 0x750e, 0x8673, 0x8654, 0x7e55, 0x7636, 0x6e37, 0x6618, 0x5e19, 0x5dfa, 0x55fc, 0x4ddd, 0x45de, 0x3dbf, 0x3dbf, 0x3dbe, 
	0x3dbd, 0x45bc, 0x45dc, 0x45db, 0x4dda, 0x4dda, 0x55d9, 0x55f9, 0x5df8, 0x5df8, 0x6618, 0x6618, 0x6e17, 0x6e37, 0x7638, 0x7658, 
	0x6617, 0x6618, 0x5e18, 0x5df8, 0x55f9, 0x55f9, 0x4dd9, 0x4dda, 0x4ddb, 0x45db, 0x45dc, 0x45bd, 0x3dbe, 0x3dbf, 0x3dbf, 0x45de, 
	0x45dd, 0x4dfc, 0x55fb, 0x5e1a, 0x6619, 0x6e37, 0x7636, 0x7e55, 0x7e54, 0x8673, 0x8e72, 0x9671, 0x9e90, 0xa6af, 0x95ec, 0x4264, 
	0x3be4, 0x4d86, 0x3d03, 0xaeb3, 0xffff, 0xffff, 0xb6d5, 0x3ce4, 0x4505, 0x4525, 0x3d05, 0x6563, 0x9e20, 0x4d44, 0x3d25, 0x4525, 
	0x4525, 0x4525, 0x3d05, 0x4525, 0x3d25, 0xbe63, 0xff42, 0xff02, 0xff22, 0xee62, 0x5cc4, 0x3d25, 0x4525, 0x4525, 0x3d05, 0x5544, 
	0x9e20, 0xae40, 0x9e20, 0x4d45, 0x4525, 0x4545, 0x4525, 0x4525, 0x4545, 0x4545, 0x4545, 0x4d65, 0x44e4, 0x3a40, 0x4a20, 0xbd80, 
	0xff60, 0xf741, 0xf742, 0xef23, 0xe724, 0xdf25, 0xdf06, 0xd707, 0xcee8, 0xc6e9, 0xc70a, 0xae69, 0xae8b, 0xb6cd, 0xd632, 0x956d, 
	0x85ae, 0x9691, 0x8e72, 0x8653, 0x7e54, 0x7635, 0x6e37, 0x6e18, 0x6619, 0x5e1a, 0x55fb, 0x4dfc, 0x45dd, 0x3dde, 0x3dbf, 0x3dbe, 
	0x3dbd, 0x45bd, 0x45dc, 0x45db, 0x4dda, 0x4dda, 0x55d9, 0x55f9, 0x55f8, 0x5df8, 0x6618, 0x6618, 0x6e17, 0x6e37, 0x7637, 0x7657, 
	0x6618, 0x6618, 0x5df8, 0x5df8, 0x55f9, 0x55f9, 0x4dda, 0x4dda, 0x4ddb, 0x45db, 0x45bc, 0x3dbd, 0x3dbe, 0x3dbf, 0x3dbf, 0x45de, 
	0x4ddd, 0x55fb, 0x5dfa, 0x5e19, 0x6618, 0x6e37, 0x7636, 0x7e55, 0x8654, 0x8e72, 0x9671, 0x9690, 0x9e8f, 0xa6ae, 0x9e4c, 0x4ac5, 
	0x32a3, 0x4d66, 0x3d04, 0x6dcb, 0xffff, 0xffff, 0xffff, 0x65aa, 0x3ce4, 0x4525, 0x4525, 0x3d05, 0x7da2, 0x9601, 0x4525, 0x4525, 
	0x4525, 0x4525, 0x4525, 0x4525, 0x3505, 0x8de4, 0xff22, 0xff02, 0xff23, 0xee62, 0x5cc4, 0x3d45, 0x4525, 0x4525, 0x5564, 0x9e20, 
	0xae40, 0xae20, 0x6583, 0x4525, 0x4545, 0x4525, 0x4525, 0x4525, 0x4525, 0x4525, 0x4525, 0x4d66, 0x42e1, 0x3980, 0x7340, 0xeec0, 
	0xff60, 0xff40, 0xf741, 0xf742, 0xef23, 0xe724, 0xdf25, 0xd706, 0xd707, 0xcee8, 0xc6c9, 0xc6ea, 0xbecb, 0xaeac, 0xa6ad, 0xa6ce, 
	0xa6b0, 0x9670, 0x8e71, 0x8673, 0x8654, 0x7e55, 0x7636, 0x6e37, 0x6618, 0x5e19, 0x55fb, 0x55fc, 0x4ddd, 0x45de, 0x3dbf, 0x3dbf, 
	0x3dbe, 0x3dbd, 0x45dc, 0x45db, 0x4ddb, 0x4dda, 0x4dda, 0x55d9, 0x55f9, 0x5df8, 0x5df8, 0x6618, 0x6618, 0x6e37, 0x6e37, 0x7658, 
	0x6618, 0x6618, 0x5df8, 0x5df8, 0x55f9, 0x55d9, 0x4dda, 0x4dda, 0x45db, 0x45bc, 0x45bd, 0x3dbd, 0x3dbe, 0x3dbf, 0x3dbf, 0x45dd, 
	0x4dfc, 0x55fb, 0x5e1a, 0x6619, 0x6e38, 0x7636, 0x7e35, 0x7e54, 0x8653, 0x8e72, 0x9691, 0x9e90, 0xa68f, 0xaeae, 0xae6c, 0x5b45, 
	0x2982, 0x3be4, 0x4565, 0x3d04, 0xaeb3, 0xffff, 0xffff, 0x7ded, 0x3d04, 0x4525, 0x4525, 0x4525, 0x4504, 0xa620, 0x6da2, 0x3d05, 
	0x4525, 0x4545, 0x4525, 0x4525, 0x3d05, 0x7584, 0xff02, 0xfee3, 0xff03, 0xf662, 0x6ca3, 0x3d25, 0x4525, 0x4d45, 0x9621, 0xae40, 
	0xae40, 0x7dc1, 0x3d05, 0x4525, 0x4525, 0x4545, 0x4525, 0x4525, 0x4525, 0x4545, 0x4d65, 0x4302, 0x4180, 0x41e0, 0x9c80, 0xff40, 
	0xff40, 0xff60, 0xff60, 0xf741, 0xef42, 0xef23, 0xe724, 0xdf05, 0xd706, 0xcf07, 0xcee8, 0xc6e9, 0xbeca, 0xb6cc, 0xaead, 0xa6ae, 
	0xa68f, 0x9e90, 0x9671, 0x8e72, 0x8653, 0x7e54, 0x7656, 0x6e37, 0x6e38, 0x6619, 0x5dfa, 0x55fb, 0x4ddc, 0x45dd, 0x3dbf, 0x3dbf, 
	0x3dbe, 0x3dbd, 0x45bc, 0x45dc, 0x4ddb, 0x4dda, 0x4dda, 0x55f9, 0x55f9, 0x5df8, 0x5df8, 0x6618, 0x6618, 0x6e38, 0x6e37, 0x7637, 
	0x6618, 0x6618, 0x5df8, 0x55f8, 0x55f9, 0x55d9, 0x4dda, 0x4ddb, 0x45db, 0x45bc, 0x3dbd, 0x3dbe, 0x3dbf, 0x3dbf, 0x45de, 0x4ddd, 
	0x4dfc, 0x55fb, 0x5e19, 0x6618, 0x6e37, 0x7636, 0x7e55, 0x8654, 0x8e73, 0x9671, 0x9690, 0x9e8f, 0xa6ae, 0xaead, 0xb6cc, 0x7426, 
	0x31a2, 0x31c2, 0x3c84, 0x4545, 0x4505, 0xaeb4, 0xdf7b, 0x5567, 0x4545, 0x4d45, 0x4505, 0x4504, 0x3d05, 0x75a2, 0xa620, 0x4d24, 
	0x4525, 0x4545, 0x4525, 0x4525, 0x3d25, 0x5d44, 0xfec3, 0xfee3, 0xfee3, 0xfe83, 0x74a3, 0x3d25, 0x3d05, 0x7da2, 0xae40, 0xae40, 
	0x85e1, 0x4525, 0x4525, 0x4525, 0x4505, 0x4545, 0x4525, 0x4525, 0x4545, 0x4565, 0x4342, 0x41a0, 0x41c0, 0x7340, 0xe661, 0xff40, 
	0xff40, 0xff60, 0xff60, 0xff40, 0xf741, 0xef42, 0xe724, 0xe725, 0xdf06, 0xd707, 0xcee8, 0xc6e9, 0xbeca, 0xbecb, 0xb6cc, 0xaead, 
	0xa68e, 0x9e8f, 0x9690, 0x8e72, 0x8e73, 0x8654, 0x7e55, 0x7636, 0x6e37, 0x6618, 0x5e1a, 0x55fb, 0x4dfc, 0x45dd, 0x3dde, 0x3dbf, 
	0x3dbe, 0x3dbe, 0x45dd, 0x45dc, 0x45db, 0x4dda, 0x4dda, 0x55d9, 0x55f9, 0x5df8, 0x5df8, 0x6618, 0x6618, 0x6e17, 0x6e37, 0x7638, 
	0x6618, 0x5df8, 0x5df8, 0x55f9, 0x55d9, 0x4dda, 0x4dda, 0x4ddb, 0x45dc, 0x45dc, 0x3dbd, 0x3dbe, 0x3dbf, 0x3dbf, 0x45de, 0x4ddd, 
	0x55fb, 0x5e1a, 0x6619, 0x6e18, 0x6e37, 0x7635, 0x7e54, 0x8653, 0x8e72, 0x9671, 0x9e90, 0xa68f, 0xaead, 0xaeac, 0xbeeb, 0x9548, 
	0x3a22, 0x3181, 0x3242, 0x44e5, 0x4525, 0x4524, 0x4d46, 0x4525, 0x4545, 0x4525, 0x4525, 0x4525, 0x4525, 0x4525, 0x9e00, 0x95e1, 
	0x4525, 0x4525, 0x4525, 0x4525, 0x4525, 0x5d24, 0xf6a3, 0xfee4, 0xfee4, 0xfe84, 0x84a3, 0x3505, 0x6583, 0xae40, 0xae40, 0x7da2, 
	0x4525, 0x3d05, 0x4505, 0x4525, 0x4525, 0x4545, 0x4545, 0x4545, 0x4565, 0x3b42, 0x41a0, 0x41c0, 0x6b00, 0xd5e1, 0xff41, 0xff21, 
	0xff40, 0xff40, 0xff60, 0xff60, 0xff41, 0xf742, 0xef43, 0xe724, 0xdf05, 0xd706, 0xd707, 0xcee8, 0xc6e9, 0xbeca, 0xb6cb, 0xaead, 
	0xa6ae, 0xa68f, 0x9e90, 0x9671, 0x8e72, 0x8653, 0x7e55, 0x7636, 0x6e37, 0x6618, 0x5e19, 0x5dfa, 0x55fc, 0x4ddd, 0x45de, 0x3dbf, 
	0x3dbf, 0x3dbe, 0x3dbd, 0x45dc, 0x45db, 0x4ddb, 0x4dda, 0x55d9, 0x55f9, 0x55f9, 0x5df8, 0x5e18, 0x6618, 0x6618, 0x6e37, 0x7637, 
	0x6618, 0x5df8, 0x5df8, 0x55f9, 0x55d9, 0x4dda, 0x4dda, 0x45db, 0x45dc, 0x45bc, 0x3dbd, 0x3dbe, 0x3dbf, 0x3dbf, 0x45dd, 0x4dfc, 
	0x55fb, 0x5e1a, 0x6619, 0x6e37, 0x7636, 0x7e55, 0x8654, 0x8673, 0x8e72, 0x9690, 0x9e8f, 0xa6ae, 0xaead, 0xb6ac, 0xbeeb, 0xb649, 
	0x52e3, 0x31a1, 0x31a1, 0x3aa2, 0x4525, 0x4545, 0x4525, 0x4545, 0x4525, 0x4525, 0x4525, 0x4525, 0x4525, 0x3d05, 0x6583, 0xb660, 
	0x7dc1, 0x3d05, 0x4525, 0x4505, 0x4525, 0x5504, 0xee63, 0xfee4, 0xfec4, 0xfea4, 0x8483, 0x4d23, 0xa620, 0xa620, 0x6583, 0x3d05, 
	0x4525, 0x4505, 0x4525, 0x4525, 0x4525, 0x4525, 0x4565, 0x4d65, 0x4342, 0x4180, 0x41c0, 0x6ae1, 0xd5c2, 0xff22, 0xff21, 0xff21, 
	0xff41, 0xff40, 0xff40, 0xff60, 0xff60, 0xf741, 0xef42, 0xef23, 0xe724, 0xdf05, 0xd707, 0xcee8, 0xc6e9, 0xbeea, 0xbecb, 0xb6ac, 
	0xaead, 0xa68e, 0x9e90, 0x9671, 0x8e72, 0x8673, 0x7e54, 0x7e55, 0x7636, 0x6e38, 0x6619, 0x5e1a, 0x55fb, 0x4ddc, 0x45dd, 0x3dbf, 
	0x3dbf, 0x3dbe, 0x3dbd, 0x45bc, 0x45dc, 0x4ddb, 0x4dda, 0x4dda, 0x55f9, 0x55f9, 0x5df8, 0x5df8, 0x6618, 0x6618, 0x6e37, 0x7637, 
	0x6618, 0x5df8, 0x5df8, 0x55f9, 0x55d9, 0x4dda, 0x4dda, 0x45db, 0x45dc, 0x45bd, 0x3dbe, 0x3dbf, 0x3dbf, 0x45de, 0x4ddd, 0x4dfc, 
	0x55fb, 0x5e19, 0x6618, 0x6e37, 0x7636, 0x7e55, 0x8653, 0x8e72, 0x9671, 0x9e90, 0xa68f, 0xa6ae, 0xaead, 0xb6cb, 0xbeca, 0xc6c9, 
	0x7c25, 0x31c1, 0x31c1, 0x3981, 0x3ae2, 0x4525, 0x4545, 0x4505, 0x4525, 0x4525, 0x4525, 0x4525, 0x4525, 0x4525, 0x4525, 0x9601, 
	0xae40, 0x6563, 0x3d05, 0x4504, 0x3d05, 0x54e4, 0xee44, 0xfee4, 0xfec4, 0xfea5, 0xa4c3, 0x8dc0, 0xae40, 0x6563, 0x3d05, 0x4525, 
	0x4525, 0x4505, 0x4525, 0x4545, 0x4505, 0x4545, 0x4505, 0x42e2, 0x4180, 0x41c0, 0x6ae1, 0xd5a2, 0xff02, 0xff02, 0xff02, 0xff21, 
	0xff21, 0xff41, 0xff40, 0xff60, 0xff60, 0xff60, 0xf742, 0xef23, 0xe724, 0xdf25, 0xdf06, 0xd707, 0xcee8, 0xc6e9, 0xbeca, 0xb6cc, 
	0xaead, 0xa6ae, 0x9e8f, 0x9690, 0x8e71, 0x8e72, 0x8654, 0x7e55, 0x7636, 0x6e37, 0x6618, 0x5e1a, 0x55fb, 0x4dfc, 0x45dd, 0x3dde, 
	0x3dbf, 0x3dbe, 0x3dbd, 0x45dd, 0x45dc, 0x45db, 0x4dda, 0x4dda, 0x55f9, 0x55f9, 0x5df8, 0x5df8, 0x6618, 0x6618, 0x6e37, 0x6e37, 
	0x6618, 0x5df8, 0x5df8, 0x55f9, 0x55d9, 0x4dda, 0x4ddb, 0x45db, 0x45bc, 0x3dbd, 0x3dbe, 0x3dbf, 0x3dbf, 0x45de, 0x4ddd, 0x55fb, 
	0x5dfa, 0x6619, 0x6638, 0x6e37, 0x7655, 0x7e54, 0x8653, 0x8e72, 0x9671, 0x9e90, 0xa68e, 0xaead, 0xb6ac, 0xbecb, 0xbeca, 0xcf09, 
	0xb606, 0x5b02, 0x31c1, 0x39c1, 0x39a0, 0x3ae2, 0x4505, 0x4545, 0x4525, 0x4525, 0x4525, 0x4525, 0x4525, 0x4545, 0x4546, 0x5564, 
	0xae40, 0x9e00, 0x4505, 0x4505, 0x3d25, 0x54e4, 0xee24, 0xfec5, 0xfea5, 0xfea5, 0xbde1, 0xa620, 0x6d82, 0x3d05, 0x4525, 0x3d04, 
	0x4505, 0x4505, 0x4525, 0x4545, 0x4545, 0x4444, 0x4261, 0x4180, 0x41c1, 0x7b41, 0xd5c3, 0xfee3, 0xfee3, 0xff02, 0xff02, 0xff22, 
	0xff21, 0xff21, 0xff41, 0xff40, 0xff60, 0xff60, 0xf741, 0xef42, 0xef23, 0xe724, 0xdf05, 0xd707, 0xcee8, 0xc6e9, 0xbeea, 0xb6cb, 
	0xaecc, 0xaeae, 0xa68f, 0x9e90, 0x9671, 0x8e72, 0x8653, 0x7e55, 0x7636, 0x6e37, 0x6618, 0x5e19, 0x55fb, 0x55fc, 0x4ddd, 0x45de, 
	0x3dbf, 0x3dbf, 0x3dbe, 0x45bd, 0x45dc, 0x45db, 0x4ddb, 0x4dda, 0x55d9, 0x55f9, 0x5df8, 0x5df8, 0x6618, 0x6618, 0x6e18, 0x6e37, 
	0x5df8, 0x5df8, 0x55f9, 0x55f9, 0x4dda, 0x4dda, 0x4ddb, 0x45db, 0x45dc, 0x3dbd, 0x3dbe, 0x3dbf, 0x3dbf, 0x45dd, 0x4dfc, 0x55fb, 
	0x5e1a, 0x6619, 0x6e38, 0x7636, 0x7e55, 0x8654, 0x8673, 0x8e72, 0x9690, 0x9e8f, 0xa6ae, 0xaead, 0xb6cc, 0xbecb, 0xc6e9, 0xcee8, 
	0xd707, 0xada5, 0x5ac1, 0x39c0, 0x39e0, 0x39a0, 0x3a40, 0x4444, 0x4565, 0x4545, 0x4505, 0x4504, 0x4525, 0x4525, 0x4545, 0x3d05, 
	0x7dc2, 0xae40, 0x5544, 0x4505, 0x3d25, 0x5cc4, 0xee24, 0xfec5, 0xfea6, 0xde63, 0xae40, 0x8601, 0x3d45, 0x4565, 0x4545, 0x3d24, 
	0x4545, 0x4545, 0x3d04, 0x3c44, 0x3ae2, 0x41a1, 0x4181, 0x41e1, 0x8382, 0xe603, 0xfee4, 0xfee3, 0xfee3, 0xff03, 0xff02, 0xff02, 
	0xff22, 0xff21, 0xff41, 0xff40, 0xff40, 0xff60, 0xff60, 0xf742, 0xef23, 0xe724, 0xdf05, 0xd706, 0xcf07, 0xc6e8, 0xc6ea, 0xbecb, 
	0xb6cc, 0xaead, 0xa6ae, 0x9e8f, 0x9691, 0x8e72, 0x8673, 0x7e54, 0x7635, 0x6e37, 0x6e18, 0x6619, 0x5e1a, 0x55fb, 0x4ddd, 0x45de, 
	0x3dbf, 0x3dbf, 0x3dbe, 0x45bd, 0x45dc, 0x45db, 0x4ddb, 0x4dda, 0x55d9, 0x55f9, 0x5df9, 0x5df8, 0x6618, 0x6618, 0x6e38, 0x6e37, 
	0x5e18, 0x5df8, 0x55f9, 0x55d9, 0x4dda, 0x4dda, 0x4ddb, 0x45dc, 0x45dc, 0x3dbd, 0x3dbe, 0x3dbf, 0x3dbf, 0x45dd, 0x4dfc, 0x55fb, 
	0x5e1a, 0x6618, 0x6e37, 0x7636, 0x7e55, 0x8654, 0x8e73, 0x9671, 0x9e90, 0x9e8f, 0xa6ae, 0xaead, 0xb6cb, 0xbeca, 0xc6e9, 0xcee8, 
	0xd707, 0xdf25, 0xad83, 0x52a1, 0x39c0, 0x39e0, 0x41c0, 0x39e0, 0x4362, 0x4525, 0x4545, 0x4504, 0x4525, 0x4525, 0x4525, 0x4525, 
	0x5544, 0xa620, 0x75a2, 0x3d05, 0x4545, 0x5ce4, 0xee25, 0xfec6, 0xf665, 0xae40, 0x9dc0, 0x4b62, 0x3ba3, 0x3bc3, 0x3be3, 0x3c04, 
	0x4363, 0x3b23, 0x3a62, 0x39a1, 0x3961, 0x3981, 0x4a21, 0x9c03, 0xee24, 0xfec4, 0xfec4, 0xfee4, 0xfee3, 0xfee3, 0xff02, 0xff02, 
	0xff22, 0xff21, 0xff21, 0xff41, 0xff40, 0xff60, 0xff60, 0xf741, 0xef42, 0xe723, 0xe724, 0xdf06, 0xd707, 0xcee8, 0xc6e9, 0xbeca, 
	0xb6cb, 0xaead, 0xa6ae, 0x9e8f, 0x9690, 0x8e72, 0x8673, 0x8654, 0x7e55, 0x7636, 0x6e38, 0x6619, 0x5e1a, 0x55fb, 0x4dfc, 0x45dd, 
	0x3dbf, 0x3dbf, 0x3dbe, 0x3dbd, 0x45bc, 0x45db, 0x4ddb, 0x4dda, 0x4dda, 0x55f9, 0x5df9, 0x5df8, 0x6618, 0x6618, 0x6e18, 0x6e37, 
	0x5e18, 0x5df8, 0x55f9, 0x55f9, 0x4dda, 0x4dda, 0x4ddb, 0x45dc, 0x45bd, 0x3dbd, 0x3dbe, 0x3dbf, 0x3dde, 0x45dd, 0x4dfc, 0x55fb, 
	0x5e19, 0x6618, 0x6e37, 0x7636, 0x7e55, 0x8653, 0x8e72, 0x9671, 0x9e90, 0xa6af, 0xaead, 0xb6ac, 0xbecb, 0xbeca, 0xc6e9, 0xcee7, 
	0xd706, 0xdf25, 0xe724, 0xb582, 0x62e0, 0x39e0, 0x41e0, 0x41c0, 0x41a0, 0x3a81, 0x3c64, 0x4545, 0x4565, 0x4545, 0x4525, 0x4525, 
	0x3d25, 0x85c1, 0x9600, 0x4525, 0x3d25, 0x5ce4, 0xee25, 0xfea6, 0xc642, 0x9e20, 0x6b41, 0x3941, 0x4161, 0x3961, 0x3981, 0x3981, 
	0x4141, 0x4141, 0x4141, 0x4981, 0x5201, 0x8302, 0xcce4, 0xfe85, 0xfec5, 0xfec4, 0xfec4, 0xfec4, 0xfec3, 0xfee3, 0xff03, 0xff02, 
	0xff02, 0xff22, 0xff21, 0xff41, 0xff40, 0xff40, 0xff60, 0xff61, 0xf742, 0xef43, 0xe724, 0xdf05, 0xd706, 0xcee8, 0xc6e9, 0xbeca, 
	0xb6cb, 0xaeac, 0xaeae, 0xa68f, 0x9e90, 0x9671, 0x8e72, 0x8654, 0x7e55, 0x7636, 0x6e37, 0x6618, 0x5e1a, 0x55fb, 0x4dfc, 0x45dd, 
	0x3dbf, 0x3dbf, 0x3dbe, 0x3dbd, 0x45bc, 0x45dc, 0x4ddb, 0x4dda, 0x4dda, 0x55f9, 0x55f9, 0x5df8, 0x5df8, 0x6618, 0x6e17, 0x6e38, 
	0x5df8, 0x5df8, 0x55f9, 0x55f9, 0x4dda, 0x4dda, 0x45db, 0x45dc, 0x45bd, 0x3dbe, 0x3dbf, 0x3dbf, 0x45de, 0x4ddd, 0x55fc, 0x5dfa, 
	0x5e19, 0x6618, 0x6e37, 0x7636, 0x7e54, 0x8673, 0x8e72, 0x9691, 0x9e90, 0xa6ae, 0xaead, 0xb6cc, 0xbecb, 0xc6ea, 0xcee8, 0xd707, 
	0xd706, 0xdf25, 0xe724, 0xf742, 0xce01, 0x7340, 0x4200, 0x39c0, 0x41e0, 0x41a0, 0x39e0, 0x3ac2, 0x3b83, 0x44e4, 0x4565, 0x4545, 
	0x3d05, 0x5d64, 0xa620, 0x5544, 0x3d25, 0x6cc4, 0xfe26, 0xee64, 0xa660, 0x8461, 0x49c2, 0x5a42, 0x4a02, 0x51e2, 0x51e2, 0x49e2, 
	0x4242, 0x42c2, 0x4323, 0x53a3, 0x6c64, 0x9545, 0xa5e5, 0xb605, 0xce45, 0xee85, 0xf6a4, 0xfee4, 0xfee4, 0xfee3, 0xfee3, 0xff03, 
	0xff02, 0xff22, 0xff21, 0xff21, 0xff41, 0xff40, 0xff60, 0xff60, 0xf741, 0xef23, 0xe724, 0xdf25, 0xd706, 0xcf07, 0xc6e9, 0xc6ea, 
	0xbecb, 0xb6cc, 0xaead, 0xa6af, 0x9e90, 0x9671, 0x8e72, 0x8653, 0x7e55, 0x7636, 0x6e37, 0x6618, 0x5e19, 0x55fb, 0x4dfc, 0x45dd, 
	0x3dde, 0x3dbf, 0x3dbe, 0x3dbd, 0x45dd, 0x45dc, 0x45db, 0x4dda, 0x4dda, 0x55f9, 0x55f9, 0x5df8, 0x5e18, 0x6618, 0x6618, 0x6e38, 
	0x5df8, 0x5df8, 0x55f9, 0x55d9, 0x4dda, 0x4ddb, 0x45db, 0x45dc, 0x45bd, 0x3dbe, 0x3dbf, 0x3dbf, 0x45de, 0x4ddd, 0x55fb, 0x5dfa, 
	0x6619, 0x6e38, 0x7637, 0x7655, 0x7e54, 0x8653, 0x8e72, 0x9690, 0x9e8f, 0xa6ae, 0xaead, 0xb6cc, 0xbeca, 0xc6e9, 0xcee8, 0xd707, 
	0xdf06, 0xe724, 0xef23, 0xef42, 0xff61, 0xe680, 0xa4a0, 0x62c0, 0x41e0, 0x39c0, 0x41c0, 0x41a0, 0x4180, 0x3a01, 0x3b83, 0x44e5, 
	0x4565, 0x3d05, 0x95e0, 0x85e2, 0x3d25, 0x7403, 0xf605, 0xbe81, 0x9d80, 0x5202, 0x8344, 0xdd46, 0xcce6, 0x9465, 0x5c44, 0x44c4, 
	0x44e4, 0x4525, 0x4545, 0x4545, 0x3d25, 0x3d25, 0x3505, 0x3d05, 0x4525, 0x4504, 0x5524, 0x8dc4, 0xbe24, 0xf6a4, 0xff03, 0xff03, 
	0xff02, 0xff02, 0xff21, 0xff21, 0xff41, 0xff40, 0xff60, 0xff60, 0xf741, 0xef42, 0xe723, 0xe725, 0xdf06, 0xd707, 0xcee8, 0xc6e9, 
	0xbecb, 0xb6cc, 0xaead, 0xa6ae, 0x9e8f, 0x9691, 0x8e72, 0x8653, 0x7e54, 0x7636, 0x6e37, 0x6618, 0x5e19, 0x55fa, 0x55fc, 0x4ddd, 
	0x45de, 0x3dbf, 0x3dbf, 0x3dbe, 0x45bd, 0x45dc, 0x45db, 0x4dda, 0x4dda, 0x55f9, 0x55f9, 0x5df8, 0x5df8, 0x6618, 0x6618, 0x6e37, 
	0x5df8, 0x5df8, 0x55f9, 0x55d9, 0x4dda, 0x4ddb, 0x45db, 0x45bc, 0x3dbd, 0x3dbe, 0x3dbf, 0x3dbf, 0x45de, 0x4ddc, 0x55fb, 0x5dfa, 
	0x6619, 0x6e38, 0x7636, 0x7e55, 0x8654, 0x8e73, 0x8e71, 0x9690, 0x9e8f, 0xa6ae, 0xaead, 0xb6cb, 0xbeca, 0xc6e9, 0xcee8, 0xd707, 
	0xdf05, 0xe724, 0xef43, 0xf742, 0xff40, 0xff60, 0xff40, 0xde40, 0x9c60, 0x5aa0, 0x41c0, 0x39a0, 0x39c0, 0x41a0, 0x4180, 0x3a01, 
	0x3ba3, 0x34c4, 0x5d83, 0x9e40, 0x3c84, 0x7b43, 0xd604, 0xae60, 0x6b41, 0x6263, 0xed86, 0xf647, 0x8da6, 0x4d65, 0x3d04, 0x4524, 
	0x3d04, 0x4525, 0x4525, 0x4505, 0x4525, 0x4525, 0x4525, 0x4525, 0x4505, 0x3d04, 0x3d05, 0x3505, 0x3d05, 0x5545, 0x8dc4, 0xe6a3, 
	0xff22, 0xff22, 0xff02, 0xff21, 0xff41, 0xff40, 0xff40, 0xff60, 0xff41, 0xf742, 0xef23, 0xe724, 0xdf25, 0xd706, 0xcee8, 0xc6e9, 
	0xbeca, 0xb6cc, 0xaead, 0xa6ae, 0x9e8f, 0x9690, 0x8e72, 0x8653, 0x7e54, 0x7635, 0x6e37, 0x6618, 0x6619, 0x5dfa, 0x55fc, 0x4ddd, 
	0x45de, 0x3dbf, 0x3dbf, 0x3dbe, 0x45dd, 0x45dc, 0x45db, 0x4dda, 0x4dda, 0x55d9, 0x55f9, 0x5df8, 0x5e18, 0x6618, 0x6618, 0x6e38, 
	0x5df8, 0x5df9, 0x55f9, 0x55d9, 0x4dda, 0x4ddb, 0x45db, 0x45bc, 0x45bd, 0x3dbe, 0x3dbf, 0x3dbf, 0x45de, 0x4dfc, 0x55fb, 0x5dfa, 
	0x6619, 0x6e37, 0x7636, 0x7e55, 0x8654, 0x8e72, 0x9671, 0x9e90, 0xa68f, 0xaeae, 0xaeac, 0xb6cb, 0xbeca, 0xc6e9, 0xcee8, 0xd706, 
	0xdf05, 0xe724, 0xef23, 0xf741, 0xff60, 0xff60, 0xff40, 0xff61, 0xff21, 0xd5e1, 0x9401, 0x6b01, 0x5a81, 0x41e0, 0x39a0, 0x3980, 
	0x4180, 0x3a21, 0x43c3, 0x8e21, 0x53c2, 0x93a3, 0xbe81, 0x8d00, 0x5a22, 0xcca5, 0xc5e7, 0x4d25, 0x3505, 0x3d05, 0x3ce5, 0x4525, 
	0x4505, 0x4525, 0x4525, 0x4525, 0x3d05, 0x3d05, 0x3d25, 0x4525, 0x4545, 0x4525, 0x4505, 0x4505, 0x4505, 0x4525, 0x3d05, 0x4525, 
	0x95e4, 0xeec2, 0xff22, 0xff21, 0xff21, 0xff41, 0xff40, 0xff60, 0xff60, 0xf742, 0xef43, 0xe705, 0xed70, 0xde6a, 0xe570, 0xddcf, 
	0xbee9, 0xb6cc, 0xaead, 0xa6ae, 0x9e8f, 0x9690, 0x8e71, 0x8673, 0x8654, 0x7e55, 0x7636, 0x6e38, 0x6619, 0x5dfa, 0x55fb, 0x4ddd, 
	0x45de, 0x3dbf, 0x3dbf, 0x3dbe, 0x45bd, 0x45dc, 0x45db, 0x4ddb, 0x4dda, 0x55d9, 0x55f9, 0x5df9, 0x5df8, 0x6618, 0x6618, 0x6e38, 
	0x5df8, 0x5df8, 0x55f9, 0x55d9, 0x4dda, 0x4ddb, 0x45db, 0x45dc, 0x3dbd, 0x3dbe, 0x3dbf, 0x3dbf, 0x45dd, 0x4dfc, 0x55fb, 0x5e1a, 
	0x6619, 0x6e37, 0x7636, 0x7e55, 0x8654, 0x8e72, 0x9671, 0x9e90, 0xa68f, 0xaead, 0xb6ac, 0xbecb, 0xbeea, 0xc6e9, 0xcee7, 0xd706, 
	0xdf25, 0xe724, 0xef42, 0xf741, 0xff60, 0xff60, 0xff40, 0xff21, 0xff21, 0xff41, 0xfee2, 0xee62, 0xd5e2, 0xaca2, 0x7b41, 0x5221, 
	0x41c1, 0x4181, 0x3941, 0x7440, 0x7c61, 0xa4a3, 0xae80, 0x6b21, 0x8b64, 0x8566, 0x34e4, 0x4544, 0x5d44, 0x6d82, 0x7dc2, 0x85c1, 
	0x8de1, 0x8de1, 0x85c1, 0x85c1, 0x7dc2, 0x6d83, 0x5544, 0x4524, 0x3d25, 0x3d05, 0x4525, 0x4505, 0x4505, 0x4525, 0x4d45, 0x4525, 
	0x34e5, 0x4d44, 0xc683, 0xff41, 0xff21, 0xff41, 0xff40, 0xff60, 0xff60, 0xf742, 0xef62, 0xedae, 0xfc38, 0xf495, 0xf457, 0xf476, 
	0xce6c, 0xb6eb, 0xaead, 0xa6ae, 0x9e8f, 0x9e90, 0x9671, 0x8e73, 0x8654, 0x7e55, 0x7636, 0x6e38, 0x6619, 0x5e1a, 0x55fb, 0x4ddc, 
	0x45de, 0x3dbf, 0x3dbf, 0x3dbe, 0x45bd, 0x45dc, 0x45db, 0x4ddb, 0x4dda, 0x55d9, 0x55f9, 0x5df8, 0x5e18, 0x6618, 0x6618, 0x6e38, 
	0x5df8, 0x5df9, 0x55f9, 0x55da, 0x4dda, 0x4ddb, 0x45db, 0x45dc, 0x3dbd, 0x3dbe, 0x3dbf, 0x3dbf, 0x45dd, 0x4ddc, 0x55fb, 0x5e1a, 
	0x6618, 0x6e37, 0x7636, 0x7e55, 0x8654, 0x8e72, 0x9671, 0x9e90, 0xa68f, 0xaead, 0xb6ac, 0xbecb, 0xc6ea, 0xcee8, 0xcf07, 0xd706, 
	0xdf25, 0xe724, 0xef42, 0xf741, 0xff60, 0xff60, 0xff40, 0xff41, 0xff21, 0xff22, 0xff22, 0xff22, 0xff03, 0xfee3, 0xee63, 0xc523, 
	0x8ba2, 0x5a81, 0x3961, 0x6340, 0x9d01, 0xadc1, 0x8d40, 0x6aa3, 0x7503, 0x65a2, 0x8dc1, 0xa620, 0xae40, 0xae20, 0xae40, 0xae40, 
	0xae40, 0xae40, 0xa620, 0xae40, 0xae20, 0xae40, 0xae40, 0x9e00, 0x7da2, 0x5d63, 0x4525, 0x3d05, 0x3d05, 0x4545, 0x4525, 0x4525, 
	0x4525, 0x3d05, 0x4505, 0xae23, 0xff41, 0xff41, 0xff40, 0xff60, 0xff40, 0xf741, 0xef23, 0xf4d4, 0xf457, 0xf477, 0xf477, 0xfc37, 
	0xe552, 0xb6eb, 0xb6ad, 0xa6ae, 0x9eaf, 0x9e90, 0x9671, 0x8e73, 0x8654, 0x7e55, 0x7636, 0x6e37, 0x6619, 0x5e1a, 0x55fb, 0x4ddc, 
	0x45de, 0x3dbf, 0x3dbf, 0x3dbe, 0x3dbd, 0x45dc, 0x45db, 0x4ddb, 0x4dda, 0x55f9, 0x55f9, 0x5df8, 0x5e18, 0x6618, 0x6618, 0x6e38, 
	0x5df8, 0x5df9, 0x55f9, 0x55da, 0x4dda, 0x4ddb, 0x45dc, 0x45dc, 0x3dbd, 0x3dbe, 0x3dbf, 0x3ddf, 0x45dd, 0x4dfc, 0x55fb, 0x5e1a, 
	0x6618, 0x6e37, 0x7636, 0x7e55, 0x8653, 0x8e72, 0x9671, 0x9e90, 0xa6ae, 0xaead, 0xb6ac, 0xbecb, 0xc6ea, 0xcee8, 0xd707, 0xdf06, 
	0xdf25, 0xe723, 0xef42, 0xf741, 0xff60, 0xff60, 0xff40, 0xff21, 0xff21, 0xff22, 0xff02, 0xff03, 0xfee3, 0xfee3, 0xfee4, 0xfee4, 
	0xf684, 0xd584, 0x93c3, 0x6b61, 0xa600, 0xae40, 0x9520, 0x9d60, 0xae40, 0xae20, 0x9e00, 0x85c1, 0x75a2, 0x6563, 0x5d64, 0x5564, 
	0x5544, 0x5544, 0x5544, 0x5544, 0x5543, 0x6583, 0x6d82, 0x8de1, 0xa620, 0xa620, 0x9e00, 0x75a2, 0x4d24, 0x4525, 0x4525, 0x4525, 
	0x4525, 0x4504, 0x3d04, 0x3505, 0x9e03, 0xff40, 0xff40, 0xff60, 0xff60, 0xf760, 0xef04, 0xf4b5, 0xf457, 0xf436, 0xf415, 0xf437, 
	0xecd5, 0xbecb, 0xaecc, 0xae8e, 0xa68f, 0x96b0, 0x8e91, 0x8e72, 0x8654, 0x7e55, 0x7636, 0x6e37, 0x6619, 0x5e1a, 0x55fb, 0x4dfc, 
	0x45dd, 0x3dbf, 0x3dbf, 0x3dbe, 0x3dbd, 0x45dc, 0x45db, 0x4ddb, 0x4dda, 0x55f9, 0x55f9, 0x5df8, 0x5df8, 0x6618, 0x6618, 0x6e38, 
	0x5df8, 0x5df9, 0x55f9, 0x55da, 0x4dda, 0x4ddb, 0x45dc, 0x45dc, 0x3dbd, 0x3dbe, 0x3dbf, 0x3dbf, 0x45dd, 0x4dfc, 0x55fb, 0x5e1a, 
	0x6618, 0x6e37, 0x7636, 0x7e55, 0x8653, 0x8e72, 0x9691, 0x9e90, 0xa6ae, 0xaead, 0xb6cc, 0xbecb, 0xc6e9, 0xcee8, 0xd707, 0xdf06, 
	0xdf25, 0xef23, 0xef42, 0xf741, 0xff60, 0xff40, 0xff40, 0xff21, 0xff21, 0xff22, 0xff02, 0xff03, 0xfee3, 0xfee3, 0xfec4, 0xfec4, 
	0xfec5, 0xfec5, 0xfe65, 0xa483, 0x9e00, 0xae60, 0xae60, 0x9e40, 0x75a2, 0x5544, 0x4525, 0x3d05, 0x3d05, 0x3d05, 0x3d25, 0x3d05, 
	0x4525, 0x3d05, 0x3d05, 0x4525, 0x3d05, 0x3d05, 0x3ce5, 0x4525, 0x4525, 0x4d24, 0x6d82, 0x7dc2, 0x8de1, 0x6da3, 0x4525, 0x4545, 
	0x4504, 0x4505, 0x4525, 0x4525, 0x3d25, 0xa643, 0xff80, 0xff40, 0xfee3, 0xf703, 0xe702, 0xe4b2, 0xf417, 0xebf5, 0xebd4, 0xf416, 
	0xe4d3, 0xbe4c, 0xdd52, 0xec96, 0xecb5, 0xcd54, 0x9e32, 0x8e72, 0x8654, 0x7e55, 0x7636, 0x6e37, 0x6619, 0x5e1a, 0x55fb, 0x4dfc, 
	0x45dd, 0x3dbf, 0x3dbf, 0x3dbe, 0x3dbd, 0x45dc, 0x45db, 0x4ddb, 0x4dda, 0x55d9, 0x55f9, 0x5df9, 0x5df8, 0x6618, 0x6618, 0x6e38, 
	0x5df8, 0x5df9, 0x55f9, 0x55da, 0x4dda, 0x4ddb, 0x45dc, 0x45dc, 0x3dbd, 0x3dbe, 0x3dbf, 0x3ddf, 0x45dd, 0x4dfc, 0x55fb, 0x5e19, 
	0x6618, 0x6e37, 0x7636, 0x7e55, 0x8653, 0x8e72, 0x9671, 0x9e90, 0xa68e, 0xaead, 0xb6ac, 0xbecb, 0xc6ea, 0xcee8, 0xd707, 0xdf06, 
	0xe725, 0xe723, 0xef42, 0xf741, 0xff60, 0xff40, 0xff40, 0xff41, 0xff21, 0xff22, 0xff02, 0xff03, 0xfee3, 0xfee3, 0xfec4, 0xfec4, 
	0xfea5, 0xfea5, 0xfe86, 0xbd43, 0xa600, 0x9580, 0x8c02, 0x7c44, 0x3d05, 0x4525, 0x4505, 0x4505, 0x4525, 0x4525, 0x4525, 0x4525, 
	0x4525, 0x4525, 0x4525, 0x4525, 0x4525, 0x4525, 0x4525, 0x4525, 0x4525, 0x3d05, 0x3ce5, 0x3d05, 0x4d45, 0x5d63, 0x5d64, 0x4525, 
	0x3d05, 0x4525, 0x4525, 0x4525, 0x4525, 0x3d24, 0xc5e7, 0xfcf3, 0xf476, 0xfc96, 0xed4f, 0xcc6e, 0xf457, 0xf436, 0xf415, 0xf457, 
	0xd471, 0xec95, 0xfc58, 0xfc57, 0xfc57, 0xf436, 0x9dd1, 0x8692, 0x8654, 0x7e55, 0x7636, 0x6e37, 0x6619, 0x5e1a, 0x55fb, 0x4ddc, 
	0x45dd, 0x3dbf, 0x3dbf, 0x3dbe, 0x3dbd, 0x45dc, 0x45db, 0x4ddb, 0x4dda, 0x55d9, 0x55f9, 0x5df9, 0x5df8, 0x6618, 0x6618, 0x6e38, 
	0x5df8, 0x5df9, 0x55f9, 0x55da, 0x4dda, 0x4ddb, 0x45dc, 0x45dc, 0x3dbd, 0x3dbe, 0x3dbf, 0x3ddf, 0x45dd, 0x4dfc, 0x55fb, 0x5e1a, 
	0x6618, 0x6e37, 0x7636, 0x7e55, 0x8653, 0x8e72, 0x9691, 0x9e90, 0xa6ae, 0xaead, 0xb6cc, 0xbecb, 0xc6e9, 0xcee8, 0xd707, 0xd705, 
	0xdf24, 0xef63, 0xef42, 0xf741, 0xff60, 0xff60, 0xff40, 0xff21, 0xff21, 0xff22, 0xff02, 0xff03, 0xfee3, 0xfee3, 0xfec4, 0xfec4, 
	0xfea5, 0xfea5, 0xfe86, 0xc622, 0xa640, 0x5261, 0x49a2, 0x51e2, 0x3ba3, 0x4565, 0x4505, 0x4505, 0x4505, 0x4525, 0x4525, 0x4525, 
	0x4525, 0x4525, 0x4525, 0x4505, 0x4525, 0x4525, 0x4525, 0x4505, 0x4525, 0x4525, 0x4525, 0x4525, 0x4525, 0x3d05, 0x4525, 0x4504, 
	0x4505, 0x4525, 0x4505, 0x4525, 0x4525, 0x3d24, 0x5ce9, 0xe456, 0xfc77, 0xf416, 0xf417, 0xec56, 0xec55, 0xf416, 0xf3f5, 0xec55, 
	0xf476, 0xf436, 0xebf5, 0xf456, 0xfc77, 0xec75, 0xb573, 0x9653, 0x8654, 0x7e55, 0x7636, 0x6e37, 0x6618, 0x5e1a, 0x55fb, 0x4ddc, 
	0x45dd, 0x3dbf, 0x3dbf, 0x3dbe, 0x3dbd, 0x45dc, 0x45db, 0x4ddb, 0x4dda, 0x55d9, 0x55f9, 0x5df8, 0x5df8, 0x6618, 0x6618, 0x6e38, 
	0x5df8, 0x5df9, 0x55f9, 0x55da, 0x4dda, 0x4ddb, 0x45dc, 0x45bc, 0x3dbd, 0x3dbe, 0x3dbf, 0x3dbf, 0x45dd, 0x4dfc, 0x55fb, 0x5e1a, 
	0x6618, 0x6e37, 0x7636, 0x7e55, 0x8653, 0x8e72, 0x9671, 0x9e90, 0xa68f, 0xaead, 0xb6cc, 0xbecb, 0xbee9, 0xcf08, 0xc647, 0xbcc9, 
	0xed4e, 0xe5c7, 0xf723, 0xf741, 0xff60, 0xff60, 0xff40, 0xff41, 0xff21, 0xff22, 0xff02, 0xff03, 0xfee3, 0xfee3, 0xfec4, 0xfec4, 
	0xfea5, 0xfea5, 0xf685, 0xb660, 0x8d00, 0x41a1, 0x6282, 0x6a83, 0x41a2, 0x4424, 0x4585, 0x4504, 0x4505, 0x4525, 0x4525, 0x4525, 
	0x4525, 0x4525, 0x4525, 0x3ce4, 0x3d04, 0x4505, 0x4505, 0x4525, 0x4d45, 0x4525, 0x4505, 0x4505, 0x4505, 0x4525, 0x3d04, 0x4525, 
	0x4525, 0x4525, 0x4505, 0x4525, 0x4545, 0x4525, 0x3d44, 0x94ec, 0xfc57, 0xeb94, 0xebf5, 0xf436, 0xec35, 0xe3f3, 0xe3d3, 0xdc33, 
	0xf436, 0xebf5, 0xebf5, 0xebf5, 0xf476, 0xfc77, 0xe455, 0x8e12, 0x8674, 0x7e55, 0x7636, 0x6e37, 0x6619, 0x5e1a, 0x55fb, 0x4dfc, 
	0x45dd, 0x3dbf, 0x3dbf, 0x3dbe, 0x3dbd, 0x45dc, 0x45db, 0x4ddb, 0x4dda, 0x55d9, 0x55f9, 0x5df9, 0x5df8, 0x6618, 0x6618, 0x6e38, 
	0x5df8, 0x5df9, 0x55f9, 0x55fa, 0x4dda, 0x4ddb, 0x45db, 0x45dc, 0x3dbd, 0x3dbe, 0x3dbf, 0x3dbf, 0x45dd, 0x4dfc, 0x55fb, 0x5e1a, 
	0x6618, 0x6e37, 0x7636, 0x7e55, 0x8653, 0x8e72, 0x9671, 0x9e90, 0xa68f, 0xaead, 0xb6cc, 0xbe8c, 0xc6aa, 0xc6c8, 0xdcb1, 0xf437, 
	0xfc97, 0xfcf7, 0xf669, 0xf760, 0xff40, 0xff60, 0xff40, 0xff41, 0xff21, 0xff22, 0xff02, 0xff02, 0xfee3, 0xfee3, 0xfec4, 0xfec4, 
	0xfea4, 0xfea5, 0xd663, 0xa660, 0x6b81, 0x7ae3, 0xdd86, 0xd526, 0x6243, 0x3982, 0x3c04, 0x4565, 0x4505, 0x4505, 0x4525, 0x4525, 
	0x4525, 0x4525, 0x4525, 0x3d04, 0x4505, 0x4505, 0x4505, 0x4525, 0x4545, 0x4525, 0x4525, 0x4505, 0x4525, 0x4504, 0x3d04, 0x4525, 
	0x4525, 0x4525, 0x4525, 0x4525, 0x4525, 0x4525, 0x4525, 0x4d26, 0xd473, 0xf3d5, 0xebf5, 0xebd5, 0xf3d6, 0xabab, 0x7b86, 0xd3d1, 
	0xf3d6, 0xf416, 0xf416, 0xf416, 0xfc98, 0xec36, 0x9510, 0x8672, 0x8654, 0x7e55, 0x7636, 0x6e37, 0x6619, 0x5dfa, 0x55fb, 0x4dfc, 
	0x45de, 0x3dbf, 0x3dbf, 0x3dbe, 0x3ddd, 0x45dc, 0x45db, 0x4ddb, 0x4dda, 0x55d9, 0x55f9, 0x5df8, 0x5df8, 0x6618, 0x6618, 0x6e38, 
	0x5df8, 0x5df9, 0x55f9, 0x55f9, 0x4dda, 0x4ddb, 0x45dc, 0x45dc, 0x3dbd, 0x3dbe, 0x3dbf, 0x3dbf, 0x45dd, 0x4ddc, 0x55fb, 0x5e1a, 
	0x6618, 0x6e37, 0x7636, 0x7e55, 0x8654, 0x8e72, 0x9671, 0x9e90, 0xa68f, 0xa6ad, 0xbdce, 0xfd56, 0xfd75, 0xe58f, 0xf475, 0xf457, 
	0xf456, 0xfd19, 0xf66b, 0xf780, 0xff60, 0xff40, 0xff40, 0xff41, 0xff21, 0xff22, 0xff02, 0xff02, 0xfee3, 0xfee3, 0xfee4, 0xfec4, 
	0xfec5, 0xfea5, 0xc681, 0x8d40, 0x5a62, 0xd545, 0xfea7, 0xfe47, 0xb485, 0x51e2, 0x39a2, 0x43a4, 0x4525, 0x4545, 0x4545, 0x4525, 
	0x4504, 0x4525, 0x4d45, 0x4525, 0x4505, 0x4505, 0x4505, 0x4525, 0x4525, 0x3d04, 0x3d04, 0x4525, 0x4525, 0x4525, 0x4525, 0x4545, 
	0x4525, 0x4525, 0x4525, 0x4525, 0x4525, 0x4525, 0x4525, 0x3523, 0x9cce, 0xfc38, 0xf456, 0xec55, 0xb3ed, 0x9c86, 0x9d06, 0xb42c, 
	0xc411, 0xe434, 0xec55, 0xec56, 0xc3f2, 0x846d, 0x8650, 0x8e73, 0x8654, 0x7e55, 0x7636, 0x6e37, 0x6619, 0x5e1a, 0x55fb, 0x4ddc, 
	0x45de, 0x3dbf, 0x3dbf, 0x3dbe, 0x45bd, 0x45dc, 0x45db, 0x4ddb, 0x4dda, 0x55f9, 0x55f9, 0x5df8, 0x5df8, 0x6618, 0x6618, 0x6e38, 
	0x5e18, 0x5df9, 0x55f9, 0x55d9, 0x4dda, 0x4ddb, 0x45db, 0x45dc, 0x45bd, 0x3dbe, 0x3dbf, 0x3dbf, 0x45dd, 0x4dfc, 0x55fb, 0x5e1a, 
	0x6619, 0x6e37, 0x7636, 0x7e55, 0x8654, 0x8e72, 0x9671, 0x9e90, 0x9eaf, 0xae6e, 0xf514, 0xfd78, 0xfd58, 0xf4f6, 0xec35, 0xebd5, 
	0xf416, 0xf4d6, 0xf551, 0xf550, 0xf666, 0xff80, 0xff40, 0xff41, 0xff21, 0xff21, 0xff02, 0xff02, 0xfee3, 0xfee3, 0xfee4, 0xfec4, 
	0xfec5, 0xe683, 0xae80, 0x73c0, 0x7b23, 0xfe46, 0xfe67, 0xfe67, 0xfe27, 0xac45, 0x5202, 0x3941, 0x3aa2, 0x4464, 0x4525, 0x3d25, 
	0x3d24, 0x4545, 0x4545, 0x4505, 0x4505, 0x4525, 0x4525, 0x4525, 0x3d04, 0x3ce4, 0x3d04, 0x3d04, 0x4545, 0x4525, 0x4525, 0x4505, 
	0x4505, 0x4525, 0x4525, 0x4525, 0x4525, 0x4525, 0x4505, 0x3d24, 0x6ce8, 0xd431, 0xec75, 0xe453, 0xdbf2, 0xe412, 0xe54f, 0xebd4, 
	0xe434, 0xdc54, 0xb3ef, 0x6bc9, 0x6cca, 0x8e4f, 0x9692, 0x8653, 0x8654, 0x7e55, 0x7636, 0x6e38, 0x6619, 0x5dfa, 0x55fb, 0x4ddc, 
	0x45de, 0x3dbf, 0x3dbf, 0x3dbe, 0x45bd, 0x45dc, 0x45db, 0x4ddb, 0x4dda, 0x55f9, 0x55f9, 0x5df8, 0x5e18, 0x6618, 0x6e18, 0x6e38, 
	0x5df8, 0x5df8, 0x55f9, 0x55f9, 0x4dda, 0x4ddb, 0x45db, 0x45dc, 0x45bd, 0x3dbe, 0x3dbf, 0x3dbf, 0x45de, 0x4ddc, 0x55fb, 0x5e1a, 
	0x6619, 0x6e18, 0x7636, 0x7e55, 0x8654, 0x8e73, 0x8e71, 0x9670, 0xa6cf, 0x8d6c, 0xd4b3, 0xfc97, 0xf456, 0xec56, 0xec35, 0xf416, 
	0xf456, 0xec35, 0xf416, 0xf439, 0xd44f, 0xeec0, 0xff60, 0xff41, 0xff21, 0xff21, 0xff02, 0xff02, 0xff03, 0xfee3, 0xfee3, 0xfec4, 
	0xfec4, 0xce62, 0xa620, 0x62e1, 0xbca4, 0xfea6, 0xfe66, 0xfe67, 0xfe67, 0xfe27, 0xac45, 0x5222, 0x4162, 0x39a2, 0x4242, 0x3ac3, 
	0x3b23, 0x3c04, 0x44e5, 0x4545, 0x4545, 0x4545, 0x4525, 0x4525, 0x4525, 0x4525, 0x4525, 0x4525, 0x4545, 0x4565, 0x4565, 0x4545, 
	0x4565, 0x4565, 0x4545, 0x4525, 0x4525, 0x4525, 0x4525, 0x4545, 0x4d45, 0xd471, 0xfc57, 0xf436, 0xf3f6, 0xec35, 0xecf3, 0xf3f6, 
	0xf3f5, 0xfc36, 0xfc57, 0xccf2, 0xa6af, 0x9e91, 0x8e72, 0x8673, 0x7e54, 0x7635, 0x7637, 0x6e18, 0x6619, 0x5dfa, 0x55fb, 0x4ddd, 
	0x45de, 0x3dbf, 0x3dbf, 0x3dbe, 0x45bd, 0x45dc, 0x45db, 0x4ddb, 0x4dda, 0x55f9, 0x55f9, 0x5df8, 0x5e18, 0x6618, 0x6e18, 0x6e38, 
	0x5e18, 0x5df8, 0x55f9, 0x55f9, 0x4dda, 0x4ddb, 0x4ddb, 0x45dc, 0x45dd, 0x3dbe, 0x3dbf, 0x3dbf, 0x45de, 0x4ddd, 0x55fb, 0x5dfa, 
	0x6619, 0x6e38, 0x7636, 0x7655, 0x7e54, 0x8673, 0x8e72, 0x9670, 0xa6af, 0x962c, 0xa42e, 0xfc77, 0xf415, 0xebd5, 0xf416, 0xd393, 
	0xdbd4, 0xf416, 0xf3d5, 0xfc77, 0xe416, 0xee05, 0xff80, 0xff41, 0xff21, 0xff21, 0xff22, 0xff02, 0xff02, 0xfee3, 0xfee3, 0xfec4, 
	0xfec4, 0xb660, 0x95a0, 0x7b62, 0xee25, 0xfea6, 0xfe86, 0xfe87, 0xfe67, 0xfe67, 0xfe47, 0xcce6, 0x72e3, 0x41a2, 0x3961, 0x3941, 
	0x3941, 0x4181, 0x3a02, 0x3b03, 0x3b83, 0x3c84, 0x44e4, 0x44c4, 0x44c4, 0x44e5, 0x44e5, 0x3ca4, 0x3c44, 0x3bc3, 0x3bc3, 0x3c03, 
	0x3be3, 0x3be3, 0x3bc3, 0x3c23, 0x3ca4, 0x44e4, 0x4545, 0x4545, 0x3d24, 0xbcb1, 0xfbd6, 0xebf5, 0xf416, 0xec75, 0xecb3, 0xf436, 
	0xf415, 0xebd5, 0xf416, 0xfc57, 0xbdb2, 0x8eb0, 0x8e72, 0x8653, 0x7e54, 0x7655, 0x6e37, 0x6638, 0x5e19, 0x5dfa, 0x55fc, 0x4ddd, 
	0x45de, 0x3dbf, 0x3dbf, 0x3dbe, 0x45dd, 0x45dc, 0x4ddb, 0x4dda, 0x4dda, 0x55f9, 0x5df9, 0x5df8, 0x6618, 0x6618, 0x6e18, 0x6e38, 
	0x6618, 0x5df8, 0x55f9, 0x55f9, 0x4dda, 0x4dda, 0x4ddb, 0x45dc, 0x45dd, 0x3dbe, 0x3dbf, 0x3dbf, 0x45de, 0x4ddd, 0x55fb, 0x5dfa, 
	0x6619, 0x6638, 0x6e37, 0x7655, 0x7e54, 0x8673, 0x8e72, 0x9671, 0x9e8f, 0xa6ce, 0xad6e, 0xec15, 0xf436, 0xf436, 0xe3d4, 0xb32e, 
	0xcb91, 0xec15, 0xe415, 0xdbf4, 0xdc54, 0xee25, 0xff80, 0xff41, 0xff41, 0xff21, 0xff22, 0xff02, 0xff02, 0xff03, 0xfee3, 0xfee4, 
	0xe682, 0xae60, 0x8ce0, 0xac63, 0xfea5, 0xfe86, 0xfe86, 0xfe86, 0xfe86, 0xfe67, 0xfe67, 0xfe87, 0xe5a6, 0xac25, 0x7b03, 0x6282, 
	0x5222, 0x41c2, 0x3981, 0x4161, 0x4161, 0x41c1, 0x41e1, 0x41e1, 0x41e1, 0x4201, 0x4201, 0x39c1, 0x41c1, 0x4180, 0x4180, 0x39a0, 
	0x39a0, 0x39a0, 0x39a0, 0x41c0, 0x41e0, 0x4220, 0x3b21, 0x4c65, 0x3504, 0x74ca, 0xfc57, 0xebd4, 0xf3f6, 0xec95, 0xc48f, 0xf457, 
	0xebd5, 0xebd5, 0xf456, 0xfc57, 0xdcf4, 0x9691, 0x8e72, 0x8653, 0x7e54, 0x7636, 0x6e37, 0x6618, 0x5e19, 0x55fa, 0x4dfc, 0x45dd, 
	0x45de, 0x3dbf, 0x3dbf, 0x3dbd, 0x45bd, 0x45dc, 0x4ddb, 0x4dda, 0x55da, 0x55f9, 0x5df9, 0x5df8, 0x6618, 0x6618, 0x6e38, 0x6e38, 
	0x6618, 0x5df8, 0x5df9, 0x55f9, 0x55da, 0x4dda, 0x4ddb, 0x45dc, 0x45bd, 0x3dbd, 0x3dbe, 0x3dbf, 0x45de, 0x45dd, 0x4dfc, 0x55fb, 
	0x5e19, 0x6618, 0x6e37, 0x7636, 0x7e54, 0x8653, 0x8e72, 0x9671, 0x9e90, 0x9eae, 0xc5f0, 0xd433, 0xcbd2, 0xf456, 0xe3f5, 0xec15, 
	0xec15, 0xec35, 0xd3f3, 0xd474, 0xfdd3, 0xff04, 0xff60, 0xff40, 0xff41, 0xff21, 0xff21, 0xff22, 0xff02, 0xff02, 0xfee3, 0xfee3, 
	0xce61, 0xa660, 0x8ca0, 0xcd24, 0xfee5, 0xfe85, 0xfe86, 0xfe86, 0xfe86, 0xfe66, 0xfe66, 0xfe67, 0xfe87, 0xfe67, 0xf606, 0xe5a6, 
	0xcd25, 0xa424, 0x72e3, 0x4a02, 0x41a1, 0x3981, 0x3981, 0x3981, 0x3981, 0x41a1, 0x41a1, 0x41a1, 0x41c1, 0x41c0, 0x41c0, 0x41c0, 
	0x41c0, 0x41c0, 0x41c0, 0x41c0, 0x41c0, 0x41c0, 0x39a0, 0x7247, 0xac50, 0x7cea, 0xec76, 0xf456, 0xfc58, 0xcc51, 0x94c7, 0xec56, 
	0xf457, 0xf476, 0xf477, 0xfc78, 0xecb6, 0x9671, 0x8e72, 0x8653, 0x7e55, 0x7636, 0x6e37, 0x6618, 0x5e1a, 0x55fb, 0x4dfc, 0x45dd, 
	0x3dde, 0x3dbf, 0x3dbe, 0x3dbd, 0x45bd, 0x45dc, 0x4ddb, 0x4dda, 0x55da, 0x55f9, 0x5df9, 0x5df8, 0x6618, 0x6618, 0x6e38, 0x7638, 
	0x6618, 0x5df8, 0x5df9, 0x55f9, 0x55fa, 0x4dda, 0x4ddb, 0x45dc, 0x45dc, 0x3dbd, 0x3dbe, 0x3dbf, 0x3dbe, 0x45dd, 0x4dfc, 0x55fb, 
	0x5e1a, 0x6618, 0x6e37, 0x7636, 0x7e55, 0x8654, 0x8e72, 0x9671, 0x9690, 0xa68f, 0xf5b6, 0xfd78, 0xf496, 0xf416, 0xf3f5, 0xf456, 
	0xf456, 0xf3f5, 0xf437, 0xfd91, 0xf743, 0xff60, 0xff60, 0xff40, 0xff40, 0xff41, 0xff21, 0xff22, 0xff22, 0xff02, 0xff03, 0xfee3, 
	0xbe60, 0xa620, 0x7bc1, 0xddc4, 0xfee5, 0xfea5, 0xfea5, 0xfe86, 0xfe86, 0xfe86, 0xfe86, 0xfe86, 0xfe66, 0xfe67, 0xfe87, 0xfe87, 
	0xfea7, 0xfe86, 0xede5, 0xbcc4, 0x93a3, 0x6ac2, 0x5a61, 0x5221, 0x4a01, 0x41c1, 0x41a1, 0x41a1, 0x39a0, 0x39a0, 0x39a0, 0x39a0, 
	0x39c0, 0x41c0, 0x41c0, 0x41c0, 0x41c0, 0x41c0, 0x39e0, 0x41a2, 0x7aa8, 0xd452, 0xfc78, 0xfc98, 0xdc13, 0x8c47, 0xa5e6, 0xb40e, 
	0xfc78, 0xfc77, 0xf476, 0xbbd1, 0xbc52, 0x9651, 0x8e73, 0x8654, 0x7e55, 0x7636, 0x6e37, 0x6619, 0x5e1a, 0x55fb, 0x4dfc, 0x45dd, 
	0x3dbf, 0x3dbf, 0x3dbe, 0x3ddd, 0x45dc, 0x45dc, 0x4ddb, 0x4dda, 0x55da, 0x55f9, 0x5df9, 0x5df8, 0x6618, 0x6618, 0x6e38, 0x7637, 
	0x6618, 0x5e18, 0x5df9, 0x55f9, 0x55fa, 0x4dda, 0x4ddb, 0x45dc, 0x45dc, 0x3dbd, 0x3dbe, 0x3dbf, 0x3dbf, 0x45dd, 0x4dfc, 0x55fb, 
	0x5dfa, 0x6619, 0x6e37, 0x7636, 0x7e55, 0x8654, 0x8e73, 0x9671, 0x9690, 0xa68f, 0xd593, 0xfd37, 0xfc97, 0xf436, 0xfc36, 0xdc34, 
	0xec35, 0xf436, 0xfc38, 0xf532, 0xef42, 0xf741, 0xff60, 0xff60, 0xff40, 0xff41, 0xff21, 0xff21, 0xff22, 0xff02, 0xff02, 0xfee3, 
	0xbe80, 0xa5e0, 0x7b81, 0xf664, 0xfec4, 0xfea5, 0xfea5, 0xfea5, 0xfea5, 0xfe86, 0xfe86, 0xfe86, 0xfe86, 0xfe86, 0xfe86, 0xfe86, 
	0xfe86, 0xfe86, 0xfea6, 0xfea6, 0xfe85, 0xee05, 0xdda4, 0xcd64, 0xc523, 0xac82, 0x9c22, 0x9402, 0x8be1, 0x8bc1, 0x7341, 0x62a0, 
	0x5240, 0x4a00, 0x41c0, 0x39c0, 0x39c0, 0x41e0, 0x41e0, 0x31a0, 0x52c0, 0xd46f, 0xdc33, 0xa3cb, 0x73a5, 0xade6, 0xc70a, 0x7466, 
	0x938c, 0xe435, 0xe455, 0x7c6b, 0x6cec, 0x8e72, 0x8673, 0x7e54, 0x7e55, 0x7636, 0x6e38, 0x6619, 0x5e1a, 0x55fb, 0x4dfc, 0x45de, 
	0x3dbf, 0x3dbf, 0x3dbe, 0x45bd, 0x45dc, 0x45db, 0x4ddb, 0x4dda, 0x55f9, 0x55f9, 0x5df9, 0x5e18, 0x6618, 0x6e18, 0x6e38, 0x7637, 
	0x6618, 0x5e18, 0x5df9, 0x55f9, 0x55f9, 0x4dda, 0x4ddb, 0x45db, 0x45dc, 0x45dd, 0x3dbe, 0x3dbf, 0x3dbf, 0x45de, 0x4ddc, 0x55fb, 
	0x5dfa, 0x6619, 0x6e18, 0x7637, 0x7635, 0x7e54, 0x8673, 0x8e72, 0x9671, 0x9eaf, 0xae2f, 0xd4b3, 0xb370, 0xf457, 0xdbf4, 0xc411, 
	0xcc12, 0xfc77, 0xdbf4, 0xc4ab, 0xef43, 0xf742, 0xff41, 0xff60, 0xff40, 0xff40, 0xff41, 0xff21, 0xff21, 0xff02, 0xff02, 0xeec2, 
	0xae40, 0x9dc0, 0x9c42, 0xfec4, 0xfec4, 0xfec4, 0xfea5, 0xfea5, 0xfea5, 0xfea5, 0xfea5, 0xfea5, 0xfe86, 0xfe86, 0xfe86, 0xfe86, 
	0xfe86, 0xfea5, 0xfea5, 0xfea5, 0xfea5, 0xfec5, 0xfec5, 0xfee4, 0xfee4, 0xfee4, 0xfec3, 0xfee3, 0xfee3, 0xfec2, 0xf6a2, 0xde21, 
	0xcda1, 0xb501, 0x9c40, 0x7340, 0x5260, 0x41e0, 0x39c0, 0x39c0, 0x5aa1, 0x8403, 0x7c03, 0x8483, 0xb626, 0xcf09, 0xc6ea, 0xae6a, 
	0x6c67, 0x6388, 0x73ca, 0x964f, 0x96b1, 0x8e72, 0x8653, 0x7e54, 0x7636, 0x6e37, 0x6618, 0x5e19, 0x5dfa, 0x55fc, 0x4ddd, 0x45de, 
	0x3dbf, 0x3dbf, 0x3dbe, 0x45bd, 0x45dc, 0x4ddb, 0x4ddb, 0x4dda, 0x55f9, 0x5df9, 0x5df8, 0x6618, 0x6618, 0x6e38, 0x6e38, 0x7637, 
	0x6618, 0x6618, 0x5df8, 0x5df9, 0x55f9, 0x55da, 0x4ddb, 0x4ddb, 0x45dc, 0x45bd, 0x3dbe, 0x3dbf, 0x3dbf, 0x45de, 0x4ddd, 0x55fc, 
	0x55fa, 0x5e19, 0x6618, 0x6e37, 0x7636, 0x7e55, 0x8653, 0x8e72, 0x9671, 0x9e90, 0xa6af, 0x95ac, 0x84aa, 0x9c2c, 0x8ca8, 0xed94, 
	0xdc94, 0xa34e, 0xa409, 0xc663, 0xef43, 0xef42, 0xf741, 0xff60, 0xff60, 0xff40, 0xff40, 0xff21, 0xff21, 0xff22, 0xff22, 0xde81, 
	0xa640, 0x9560, 0xbd22, 0xff03, 0xfec4, 0xfec4, 0xfec4, 0xfec4, 0xfea5, 0xfea5, 0xfea5, 0xfea5, 0xfea5, 0xfea5, 0xfea5, 0xfea5, 
	0xfea5, 0xfea5, 0xfea5, 0xfea5, 0xfea5, 0xfea4, 0xfec4, 0xfec4, 0xfec4, 0xfee3, 0xfee3, 0xfee3, 0xff03, 0xff02, 0xff22, 0xff42, 
	0xff41, 0xff41, 0xff20, 0xeec0, 0xcde0, 0x9460, 0x5aa0, 0x39c0, 0x4201, 0x94e3, 0xd6e5, 0xd707, 0xcf08, 0xc6e9, 0xbeca, 0xb6cc, 
	0xb6cd, 0x9e2c, 0x8ded, 0x9670, 0x9671, 0x8e72, 0x8654, 0x7e55, 0x7636, 0x6e37, 0x6618, 0x5e1a, 0x55fb, 0x4dfc, 0x45dd, 0x45de, 
	0x3dbf, 0x3dbe, 0x3dbd, 0x45dd, 0x45dc, 0x4ddb, 0x4dda, 0x55da, 0x55f9, 0x5df9, 0x5df8, 0x6618, 0x6618, 0x6e18, 0x6e38, 0x7657, 
	0x6618, 0x6618, 0x5e18, 0x5df9, 0x55f9, 0x55fa, 0x4dda, 0x4ddb, 0x45dc, 0x45dd, 0x3dbd, 0x3dbe, 0x3dbf, 0x3dde, 0x45dd, 0x4ddc, 
	0x55fb, 0x5e1a, 0x6618, 0x6e37, 0x7636, 0x7e55, 0x8654, 0x8e73, 0x8e71, 0x9690, 0x9e8f, 0xaece, 0xaecd, 0xa66a, 0xb6ca, 0xcecc, 
	0xde0e, 0xadc6, 0xcea5, 0xe745, 0xe724, 0xef43, 0xf742, 0xff41, 0xff60, 0xff60, 0xff40, 0xff41, 0xff21, 0xff21, 0xff22, 0xce80, 
	0xa640, 0x9560, 0xd5a2, 0xff03, 0xfee3, 0xfee4, 0xfec4, 0xfec4, 0xfec4, 0xfec4, 0xfec5, 0xfea5, 0xfea5, 0xfea5, 0xfea5, 0xfea5, 
	0xfea5, 0xfec5, 0xfec5, 0xfec4, 0xfec4, 0xfec4, 0xfec4, 0xfee4, 0xfee3, 0xfee3, 0xfee3, 0xff02, 0xff02, 0xff02, 0xff22, 0xff21, 
	0xff21, 0xff41, 0xff40, 0xff60, 0xff80, 0xf741, 0xc601, 0x7ba1, 0x3a01, 0x7be3, 0xd6e6, 0xcf07, 0xc6e8, 0xc6ea, 0xbecb, 0xb6ac, 
	0xaead, 0xa6ae, 0xa6b0, 0x9691, 0x8e72, 0x8673, 0x8654, 0x7e55, 0x7636, 0x6e37, 0x6619, 0x5e1a, 0x55fb, 0x4ddc, 0x45dd, 0x3dbf, 
	0x3dbf, 0x3dbe, 0x45bd, 0x45bc, 0x45dc, 0x4ddb, 0x4dda, 0x55fa, 0x55f9, 0x5df9, 0x5e18, 0x6618, 0x6618, 0x6e38, 0x7637, 0x7658, 
	0x6618, 0x6618, 0x5e18, 0x5df9, 0x55f9, 0x55da, 0x4dda, 0x4ddb, 0x45dc, 0x45dc, 0x3dbd, 0x3dbe, 0x3dbf, 0x3dbf, 0x45de, 0x4dfc, 
	0x55fb, 0x5e1a, 0x6619, 0x6e38, 0x7636, 0x7e55, 0x7e54, 0x8673, 0x8e72, 0x9671, 0x9e90, 0xa68e, 0xaead, 0xb6cc, 0xbecb, 0xbeca, 
	0xc708, 0xd728, 0xd707, 0xdf05, 0xe724, 0xe723, 0xef42, 0xf741, 0xff60, 0xff60, 0xff40, 0xff40, 0xff41, 0xff21, 0xff21, 0xbe40, 
	0xa640, 0x9500, 0xdde2, 0xff23, 0xfee3, 0xfee3, 0xfee3, 0xfec4, 0xfec4, 0xfec4, 0xfec4, 0xfec4, 0xfec4, 0xfec4, 0xfec4, 0xfec4, 
	0xfec4, 0xfec4, 0xfec4, 0xfec4, 0xfec4, 0xfee4, 0xfee3, 0xfee3, 0xfee3, 0xfee3, 0xff02, 0xff02, 0xff02, 0xff22, 0xff21, 0xff21, 
	0xff41, 0xff40, 0xff40, 0xff60, 0xff40, 0xf742, 0xf743, 0xdec3, 0x8c43, 0x6b62, 0xc666, 0xcf08, 0xc6e9, 0xbeca, 0xb6cb, 0xaeac, 
	0xaeae, 0xa68f, 0x9e90, 0x9671, 0x8e72, 0x8653, 0x7e54, 0x7636, 0x6e37, 0x6e18, 0x6619, 0x5dfa, 0x55fb, 0x4ddd, 0x45de, 0x3dbf, 
	0x3dbf, 0x3dbe, 0x45bd, 0x45dc, 0x45db, 0x4ddb, 0x4dda, 0x55fa, 0x55f9, 0x5df9, 0x5e18, 0x6618, 0x6e38, 0x6e38, 0x7637, 0x7657, 
	0x6e18, 0x6618, 0x5e18, 0x5df9, 0x55f9, 0x55fa, 0x4dda, 0x4ddb, 0x45db, 0x45dc, 0x45dd, 0x3dbe, 0x3dbf, 0x3dbf, 0x45de, 0x4ddd, 
	0x55fc, 0x55fa, 0x5e19, 0x6618, 0x6e37, 0x7636, 0x7e55, 0x8653, 0x8e72, 0x9671, 0x9e90, 0xa68f, 0xa6ae, 0xaead, 0xb6cc, 0xbecb, 
	0xc6c9, 0xcee8, 0xcf07, 0xd706, 0xdf25, 0xe724, 0xef23, 0xf742, 0xf741, 0xff60, 0xff60, 0xff40, 0xff20, 0xff20, 0xf700, 0xae40, 
	0xa660, 0x94e0, 0xe621, 0xff02, 0xfec2, 0xfec2, 0xfec3, 0xfec3, 0xfec3, 0xfec3, 0xfea3, 0xfea3, 0xfea3, 0xfea3, 0xfea3, 0xfea3, 
	0xfea3, 0xfea3, 0xfea3, 0xfec3, 0xfec3, 0xfec3, 0xfec3, 0xfee3, 0xfee2, 0xff02, 0xff02, 0xff02, 0xff22, 0xff21, 0xff21, 0xff41, 
	0xff40, 0xff40, 0xff60, 0xff60, 0xf741, 0xef42, 0xe723, 0xe744, 0xd6c5, 0xad85, 0xc6a7, 0xcf09, 0xc6ea, 0xbecb, 0xb6cc, 0xaead, 
	0xa6ae, 0x9e8f, 0x9690, 0x9671, 0x8e72, 0x8654, 0x7e55, 0x7636, 0x6e37, 0x6618, 0x5e19, 0x55fb, 0x4dfc, 0x45dd, 0x45de, 0x3dbf, 
	0x3dbf, 0x3dbe, 0x45bd, 0x45dc, 0x4ddb, 0x4ddb, 0x55fa, 0x55f9, 0x55f9, 0x5df8, 0x6618, 0x6618, 0x6e18, 0x6e38, 0x7657, 0x7e57, 
	0x6e18, 0x6618, 0x6618, 0x5df8, 0x5df9, 0x55f9, 0x55da, 0x4dda, 0x4ddb, 0x45dc, 0x45bd, 0x3dbe, 0x3dbe, 0x3dbf, 0x3dde, 0x45dd, 
	0x4dfc, 0x55fb, 0x5e1a, 0x6618, 0x6e37, 0x7636, 0x7e55, 0x8654, 0x8673, 0x8e72, 0x9671, 0x9e8f, 0xa6ae, 0xaead, 0xb6cc, 0xb6cb, 
	0xbeca, 0xc6e9, 0xcee8, 0xd707, 0xdf06, 0xdf25, 0xe724, 0xef43, 0xef21, 0xf720, 0xff40, 0xff40, 0xff20, 0xff20, 0xeee0, 0xae20, 
	0xae60, 0x9d20, 0xe641, 0xff02, 0xfec2, 0xfee2, 0xfec2, 0xfec2, 0xfec3, 0xfec3, 0xfec3, 0xfec3, 0xfea3, 0xfea3, 0xfea3, 0xfea3, 
	0xfea3, 0xfea3, 0xfec3, 0xfec3, 0xfec2, 0xfec2, 0xfee2, 0xfee2, 0xfee2, 0xfee2, 0xff01, 0xff01, 0xff21, 0xff21, 0xff41, 0xff40, 
	0xff40, 0xff60, 0xff60, 0xf741, 0xf742, 0xef23, 0xe724, 0xdf05, 0xdf06, 0xd707, 0xcee8, 0xc6e9, 0xbeca, 0xb6cb, 0xb6ac, 0xaead, 
	0xa6ae, 0x9e90, 0x9691, 0x8e72, 0x8653, 0x7e54, 0x7e55, 0x7636, 0x6e38, 0x6619, 0x5e1a, 0x55fb, 0x4dfc, 0x45dd, 0x3dde, 0x3dbf, 
	0x3dbe, 0x3dbd, 0x45bd, 0x45dc, 0x4ddb, 0x4dda, 0x55da, 0x55f9, 0x5df9, 0x5df8, 0x6618, 0x6618, 0x6e38, 0x6e37, 0x7637, 0x7e57, 
	0x6e38, 0x6618, 0x6618, 0x5df8, 0x5df9, 0x55f9, 0x55da, 0x4dda, 0x4ddb, 0x45dc, 0x45dc, 0x3dbd, 0x3dbe, 0x3dbf, 0x3dbf, 0x45dd, 
	0x4dfc, 0x55fb, 0x5e1a, 0x6619, 0x6e18, 0x6e37, 0x7636, 0x7e54, 0x8653, 0x8e72, 0x9671, 0x9e90, 0x9e8f, 0xa6ae, 0xaead, 0xb6cc, 
	0xbecb, 0xc6ea, 0xc6e9, 0xcf07, 0xd706, 0xdf05, 0xdf04, 0xe703, 0xef22, 0xef21, 0xf720, 0xff20, 0xff20, 0xff20, 0xdea0, 0xa600, 
	0xa620, 0xa5a0, 0xee81, 0xfee1, 0xf6c1, 0xf6c2, 0xf6c2, 0xf6c2, 0xf6c2, 0xf6a2, 0xf6a2, 0xf6a2, 0xf6a2, 0xf6a3, 0xf6a3, 0xf6a3, 
	0xf6a2, 0xf6a2, 0xf6a2, 0xf6a2, 0xf6a2, 0xf6c2, 0xf6c2, 0xfec2, 0xfee1, 0xfee1, 0xff01, 0xff01, 0xff00, 0xff20, 0xff40, 0xff40, 
	0xff60, 0xff60, 0xff41, 0xf742, 0xef43, 0xe724, 0xdf25, 0xdf06, 0xd707, 0xcee8, 0xc6e9, 0xc6ea, 0xbecb, 0xb6cc, 0xaead, 0xa6ae, 
	0x9e8f, 0x9690, 0x9671, 0x8e72, 0x8654, 0x7e55, 0x7636, 0x6e37, 0x6618, 0x6619, 0x5dfa, 0x55fb, 0x4ddd, 0x45de, 0x3dbf, 0x3dbf, 
	0x3dbe, 0x45dd, 0x45dc, 0x45db, 0x4ddb, 0x4dda, 0x55da, 0x55f9, 0x5df9, 0x5df8, 0x6618, 0x6618, 0x6e38, 0x7638, 0x7657, 0x7e57, 
	0x6e38, 0x6618, 0x6618, 0x5df8, 0x5df9, 0x55f9, 0x55da, 0x4dda, 0x4ddb, 0x45db, 0x45dc, 0x45bd, 0x3dbe, 0x3dbf, 0x3dbf, 0x45de, 
	0x4ddd, 0x4dfc, 0x55fb, 0x5e19, 0x6618, 0x6e37, 0x7636, 0x7e55, 0x8654, 0x8673, 0x8e72, 0x9691, 0x9e8f, 0xa68e, 0xaead, 0xb6ac, 
	0xb6cb, 0xbeca, 0xc6e9, 0xcee8, 0xcee7, 0xd6e6, 0xdee5, 0xdee4, 0xe703, 0xe702, 0xef01, 0xef00, 0xf700, 0xf700, 0xd640, 0xa620, 
	0xae80, 0xade0, 0xee80, 0xf6c1, 0xf6a1, 0xf6a1, 0xf6a1, 0xf6a1, 0xf6a2, 0xf6a2, 0xf682, 0xf682, 0xf682, 0xf682, 0xf682, 0xf682, 
	0xf682, 0xf682, 0xf682, 0xf682, 0xf6a2, 0xf6a2, 0xf6a1, 0xf6c1, 0xf6c1, 0xf6e1, 0xf6e1, 0xff00, 0xff20, 0xff20, 0xff20, 0xff40, 
	0xff40, 0xf740, 0xf742, 0xef42, 0xe723, 0xe724, 0xdf05, 0xd706, 0xcf07, 0xcee8, 0xc6e9, 0xbeca, 0xb6cb, 0xaeac, 0xaeae, 0xa68f, 
	0x9e90, 0x9671, 0x8e72, 0x8653, 0x7e54, 0x7e55, 0x7636, 0x6e37, 0x6618, 0x5e1a, 0x55fb, 0x4dfc, 0x45dd, 0x45de, 0x3dbf, 0x3dbf, 
	0x3dbe, 0x45bd, 0x45dc, 0x45db, 0x4ddb, 0x4dda, 0x55f9, 0x55f9, 0x5df9, 0x5e18, 0x6618, 0x6618, 0x6e38, 0x7637, 0x7657, 0x7e58, 
	0x6e38, 0x6e18, 0x6618, 0x5df8, 0x5df9, 0x55f9, 0x55f9, 0x4dda, 0x4dda, 0x4ddb, 0x45dc, 0x45dd, 0x3dbd, 0x3dbe, 0x3dbf, 0x3dbf, 
	0x45dd, 0x4dfc, 0x55fb, 0x5e1a, 0x6619, 0x6e38, 0x6e37, 0x7636, 0x7e54, 0x8653, 0x8e72, 0x9671, 0x9e90, 0x9e8f, 0xa6ae, 0xaead, 
	0xb6ac, 0xb6ab, 0xbec9, 0xc6c8, 0xc6c7, 0xcec6, 0xd6c5, 0xd6c4, 0xdec4, 0xdee3, 0xe6c2, 0xe6e1, 0xeec0, 0xf700, 0xc5a0, 0x73c0, 
	0x8d00, 0xa5a0, 0xe660, 0xeea1, 0xeea1, 0xee81, 0xf6a1, 0xf6a1, 0xf6a1, 0xf6a1, 0xee82, 0xee82, 0xee82, 0xee82, 0xee82, 0xee82, 
	0xee82, 0xee82, 0xee82, 0xee82, 0xee81, 0xee81, 0xeea1, 0xf6a1, 0xf6a1, 0xf6c0, 0xf6e0, 0xf6e0, 0xf700, 0xf720, 0xff20, 0xf720, 
	0xf720, 0xef21, 0xef22, 0xe703, 0xdf04, 0xdf05, 0xd706, 0xd707, 0xcee8, 0xc6e9, 0xbeca, 0xb6cb, 0xb6cc, 0xaead, 0xa6ae, 0x9e8f, 
	0x9690, 0x9671, 0x8e72, 0x8654, 0x7e55, 0x7636, 0x6e37, 0x6618, 0x6619, 0x5dfa, 0x55fb, 0x4ddc, 0x45dd, 0x3dbf, 0x3dbf, 0x3dbe, 
	0x3dbd, 0x45dc, 0x45dc, 0x4ddb, 0x4dda, 0x55da, 0x55f9, 0x5df9, 0x5df8, 0x6618, 0x6618, 0x6e18, 0x6e37, 0x7637, 0x7657, 0x7e58, 
	0x6e37, 0x6e18, 0x6618, 0x65f8, 0x5df8, 0x55f9, 0x55f9, 0x55da, 0x4dda, 0x4ddb, 0x45dc, 0x45bc, 0x3dbd, 0x3dbe, 0x3dbf, 0x3dbf, 
	0x45de, 0x4ddd, 0x55fc, 0x55fa, 0x5e19, 0x6618, 0x6e37, 0x7636, 0x7e55, 0x8654, 0x8673, 0x8e72, 0x9691, 0x9e90, 0xa68f, 0xa68d, 
	0xae8c, 0xb6ab, 0xb6aa, 0xbea9, 0xbea8, 0xc6a7, 0xcea6, 0xcea5, 0xcea4, 0xd6a3, 0xd6a3, 0xdea2, 0xdea1, 0xeee0, 0xbd60, 0x41e0, 
	0x3180, 0x83a0, 0xe680, 0xeea1, 0xee81, 0xee81, 0xeea1, 0xeea1, 0xee81, 0xee82, 0xee82, 0xee82, 0xee62, 0xee62, 0xee82, 0xee82, 
	0xee82, 0xee82, 0xee82, 0xee82, 0xee81, 0xee81, 0xeea1, 0xeea1, 0xeea0, 0xeea0, 0xeec0, 0xf6c0, 0xf6e0, 0xf700, 0xf700, 0xef00, 
	0xef01, 0xe702, 0xe703, 0xdf04, 0xdee5, 0xd6e5, 0xcee6, 0xcee8, 0xc6e9, 0xbeea, 0xbecb, 0xb6cc, 0xaead, 0xa6ae, 0xa68f, 0x9e90, 
	0x9671, 0x8e72, 0x8653, 0x7e54, 0x7e55, 0x7636, 0x6e37, 0x6618, 0x5e1a, 0x55fb, 0x4dfc, 0x4ddd, 0x45de, 0x3dbf, 0x3dbf, 0x3dbe, 
	0x45dd, 0x45dc, 0x45db, 0x4ddb, 0x4dda, 0x55da, 0x55f9, 0x5df9, 0x5df8, 0x6618, 0x6618, 0x6e18, 0x6e37, 0x7637, 0x7657, 0x7e58, 
	0x6e37, 0x6e18, 0x6618, 0x6618, 0x5df8, 0x5df9, 0x55f9, 0x55d9, 0x4dda, 0x4ddb, 0x45db, 0x45dc, 0x45bd, 0x3dbe, 0x3dbf, 0x3dbf, 
	0x3dde, 0x45dd, 0x4dfc, 0x55fb, 0x5e1a, 0x6619, 0x6e38, 0x6e37, 0x7636, 0x7e55, 0x8653, 0x8e72, 0x9671, 0x9690, 0x9e6f, 0x9e8e, 
	0xa68d, 0xae8c, 0xae8b, 0xb68a, 0xb689, 0xbe88, 0xbe67, 0xc686, 0xce85, 0xce85, 0xd684, 0xd683, 0xd683, 0xdea2, 0xb561, 0x4a40, 
	0x3160, 0x6b20, 0xde40, 0xe680, 0xe680, 0xe681, 0xe661, 0xe661, 0xe661, 0xe661, 0xe661, 0xe661, 0xe641, 0xe641, 0xe641, 0xe641, 
	0xe641, 0xe641, 0xe641, 0xe641, 0xe661, 0xe661, 0xe681, 0xe681, 0xeea0, 0xeea0, 0xeec0, 0xeec0, 0xeee0, 0xeec0, 0xe6c1, 0xe6e1, 
	0xe6e2, 0xdee3, 0xdee4, 0xd6e5, 0xd6c5, 0xcec6, 0xcec7, 0xc6c8, 0xbec9, 0xbeaa, 0xb6cb, 0xaead, 0xaead, 0xa68e, 0x9e8f, 0x9690, 
	0x8e72, 0x8e73, 0x8654, 0x7e55, 0x7636, 0x6e37, 0x6618, 0x6619, 0x5dfa, 0x55fb, 0x4ddc, 0x45dd, 0x3ddf, 0x3dbf, 0x3dbe, 0x3dbd, 
	0x45bd, 0x45dc, 0x45db, 0x4dda, 0x4dda, 0x55d9, 0x55f9, 0x5df8, 0x5df8, 0x6618, 0x6618, 0x6e18, 0x6e37, 0x7637, 0x7e57, 0x7e58, 
	0x7637, 0x6e18, 0x6618, 0x6618, 0x5df8, 0x5df8, 0x55f9, 0x55d9, 0x4dda, 0x4dda, 0x45db, 0x45dc, 0x45dc, 0x3dbd, 0x3dbe, 0x3dbf, 
	0x3dbf, 0x45de, 0x4ddd, 0x55fc, 0x55fa, 0x5e19, 0x6618, 0x6e37, 0x7636, 0x7e55, 0x7e54, 0x8653, 0x8e52, 0x8e51, 0x9670, 0x9e6f, 
	0x9e6e, 0xa66c, 0xa66b, 0xae6a, 0xb649, 0xb648, 0xbe68, 0xbe67, 0xc666, 0xc665, 0xc665, 0xce44, 0xce43, 0xce42, 0xc5e1, 0x83e0, 
	0x5ac0, 0x83c0, 0xcde0, 0xde40, 0xd620, 0xde40, 0xde40, 0xde20, 0xde20, 0xde21, 0xde21, 0xde21, 0xde21, 0xd601, 0xd601, 0xd601, 
	0xd601, 0xd601, 0xd600, 0xd600, 0xd600, 0xde20, 0xde20, 0xde40, 0xe660, 0xe680, 0xe6a0, 0xe6a0, 0xe6a1, 0xe6a1, 0xdea2, 0xdea2, 
	0xd6a3, 0xd6a4, 0xcea5, 0xcea5, 0xcea6, 0xc6a7, 0xbea8, 0xbea9, 0xbeaa, 0xb6ab, 0xae8c, 0xaead, 0xa6ae, 0x9e8f, 0x9690, 0x9671, 
	0x8e72, 0x8653, 0x7e54, 0x7655, 0x7636, 0x6e37, 0x6619, 0x5e1a, 0x55fb, 0x4dfc, 0x4ddd, 0x45de, 0x3dbf, 0x3dbf, 0x3dbe, 0x3dbd, 
	0x45dc, 0x45dc, 0x4ddb, 0x4dda, 0x55da, 0x55f9, 0x55f9, 0x5df8, 0x5df8, 0x6618, 0x6618, 0x6e18, 0x7637, 0x7637, 0x7e57, 0x7e58, 
	0x7637, 0x6e17, 0x6e18, 0x6618, 0x65f8, 0x5df8, 0x55f9, 0x55f9, 0x55da, 0x4dda, 0x4ddb, 0x45db, 0x45dc, 0x45bd, 0x3dbe, 0x3dbf, 
	0x3dbf, 0x3dde, 0x45dd, 0x4dfc, 0x55fb, 0x5dfa, 0x6619, 0x6618, 0x6e37, 0x7636, 0x7e55, 0x7e33, 0x8632, 0x8e51, 0x8e50, 0x964f, 
	0x9e4e, 0x9e4d, 0xa62c, 0xa62b, 0xae4a, 0xae4a, 0xb649, 0xb648, 0xb627, 0xb626, 0xbe05, 0xbe04, 0xbde3, 0xbdc3, 0xbda2, 0xb581, 
	0xb541, 0xb561, 0xc5a0, 0xc5c0, 0xcdc0, 0xcde0, 0xcde0, 0xd600, 0xd600, 0xd600, 0xd5e0, 0xd5e0, 0xcde0, 0xcdc0, 0xcdc0, 0xcda0, 
	0xc580, 0xc580, 0xc580, 0xc5a0, 0xc5a0, 0xcdc0, 0xcde0, 0xd600, 0xd620, 0xd640, 0xd641, 0xd661, 0xd662, 0xd682, 0xd683, 0xd684, 
	0xce84, 0xce85, 0xc686, 0xc686, 0xbe87, 0xbe88, 0xb689, 0xb68a, 0xae8b, 0xae8c, 0xa68d, 0xa68d, 0x9e8f, 0x9e90, 0x9671, 0x8e72, 
	0x8673, 0x8654, 0x7e55, 0x7636, 0x6e37, 0x6618, 0x5e19, 0x5dfa, 0x55fb, 0x4ddc, 0x45dd, 0x3ddf, 0x3dbf, 0x3dbe, 0x3dbe, 0x45bd, 
	0x45bc, 0x45db, 0x4ddb, 0x4dda, 0x55d9, 0x55f9, 0x5df9, 0x5df8, 0x6618, 0x6618, 0x6e18, 0x6e38, 0x7637, 0x7637, 0x7e58, 0x8658, 
	0x7637, 0x6e37, 0x6e18, 0x6618, 0x65f8, 0x5df8, 0x5df9, 0x55d9, 0x55d9, 0x4dda, 0x4dda, 0x4ddb, 0x45bc, 0x45bd, 0x3dbd, 0x3dbe, 
	0x3dbf, 0x3dbf, 0x45de, 0x4ddd, 0x4dfc, 0x55fb, 0x5e1a, 0x6619, 0x6e38, 0x7637, 0x7635, 0x7e34, 0x7e33, 0x8632, 0x8630, 0x8e30, 
	0x960e, 0x960e, 0x9e2d, 0x9e2c, 0xa62b, 0xa62a, 0xae09, 0xae08, 0xade7, 0xadc7, 0xada6, 0xada5, 0xad84, 0xa564, 0xa523, 0xa503, 
	0xa502, 0xa4e2, 0xa4e1, 0xad21, 0xb541, 0xbd80, 0xc5a0, 0xc5c0, 0xcde0, 0xcde0, 0xcdc0, 0xc5a0, 0xc5a0, 0xbd60, 0xbd40, 0xb520, 
	0xace1, 0xacc0, 0xa4c0, 0xace0, 0xad00, 0xb540, 0xbd80, 0xc5a0, 0xc5c0, 0xc5e1, 0xc602, 0xc602, 0xce23, 0xce23, 0xc644, 0xc644, 
	0xc665, 0xc666, 0xbe67, 0xbe67, 0xbe68, 0xb668, 0xae69, 0xae6a, 0xae6b, 0xa66c, 0xa66d, 0x9e6e, 0x966f, 0x9671, 0x8e72, 0x8e73, 
	0x8654, 0x7e55, 0x7636, 0x6e37, 0x6e38, 0x6619, 0x5e1a, 0x55fb, 0x4dfc, 0x4ddd, 0x45de, 0x3dbf, 0x3dbf, 0x3dbe, 0x45bd, 0x45bc, 
	0x45bc, 0x4ddb, 0x4dda, 0x4dda, 0x55d9, 0x55d9, 0x5df8, 0x5df8, 0x65f8, 0x6618, 0x6e17, 0x6e37, 0x7637, 0x7e37, 0x7e58, 0x8658, 
	0x7637, 0x6e37, 0x6e17, 0x6618, 0x6618, 0x5df8, 0x5df8, 0x55f9, 0x55d9, 0x55da, 0x4dda, 0x4ddb, 0x45db, 0x45bc, 0x45bd, 0x3dbe, 
	0x3dbe, 0x3dbf, 0x3ddf, 0x45dd, 0x4ddc, 0x55fb, 0x5dfa, 0x5e19, 0x6618, 0x6e17, 0x6e16, 0x7635, 0x7e13, 0x7e12, 0x8611, 0x85f0, 
	0x8def, 0x960e, 0x960d, 0x9e0c, 0x9deb, 0x9dca, 0x9dca, 0x9da9, 0x9da8, 0xa587, 0xa566, 0x9d45, 0x9d05, 0x94c4, 0x8c64, 0x8423, 
	0x7be3, 0x83e3, 0x8402, 0x9462, 0x9ca2, 0xa4e1, 0xad21, 0xb540, 0xbd61, 0xbd81, 0xbd60, 0xb540, 0xb520, 0xace0, 0x9c80, 0x9440, 
	0x8c01, 0x83e1, 0x83e1, 0x8c01, 0x9441, 0x9c81, 0xa4e1, 0xad21, 0xb562, 0xbda2, 0xbdc3, 0xbdc3, 0xbde3, 0xbde4, 0xbde5, 0xbe05, 
	0xbe26, 0xb627, 0xb647, 0xb648, 0xb649, 0xae4a, 0xae4a, 0xa64b, 0xa64c, 0x9e6d, 0x9e4e, 0x966f, 0x9670, 0x8e51, 0x8e72, 0x8653, 
	0x7e54, 0x7635, 0x7636, 0x6e37, 0x6618, 0x5e19, 0x55fa, 0x55fc, 0x4ddd, 0x45de, 0x3dbf, 0x3dbf, 0x3dbe, 0x3dbd, 0x45bd, 0x45dc, 
	0x45db, 0x4ddb, 0x4dda, 0x55d9, 0x55d9, 0x55f9, 0x5df8, 0x5df8, 0x6618, 0x6618, 0x6e18, 0x6e37, 0x7637, 0x7e38, 0x7e58, 0x8678, 
	0x7638, 0x7637, 0x6e17, 0x6e18, 0x65f8, 0x65f8, 0x5df8, 0x5df9, 0x55d9, 0x55d9, 0x4dda, 0x4dda, 0x4ddb, 0x45dc, 0x45bc, 0x3dbd, 
	0x3dbe, 0x3dbf, 0x3dbf, 0x45de, 0x45dd, 0x4dfc, 0x55fb, 0x5e1a, 0x5e19, 0x65f7, 0x6e16, 0x7615, 0x75f4, 0x7df3, 0x7df2, 0x7df1, 
	0x8610, 0x8def, 0x8dee, 0x8dcd, 0x8dac, 0x8d8a, 0x956a, 0x9569, 0x9568, 0x9548, 0x9527, 0x8ce6, 0x8485, 0x7c04, 0x6b84, 0x4a82, 
	0x4a43, 0x4a62, 0x6302, 0x5ac0, 0x73a2, 0x8c42, 0x9ca2, 0xa4e1, 0xad01, 0xad01, 0xa501, 0xa4e1, 0x9c81, 0x8c41, 0x83c1, 0x7382, 
	0x6b01, 0x5aa1, 0x5261, 0x5281, 0x5280, 0x7ba2, 0x8c22, 0x9ca2, 0xa502, 0xad23, 0xad63, 0xad84, 0xad84, 0xada5, 0xada5, 0xadc6, 
	0xadc6, 0xade7, 0xade8, 0xae09, 0xae2a, 0xa62a, 0xa62b, 0x9e2c, 0x9e2d, 0x9e2e, 0x964f, 0x8e50, 0x8e51, 0x8652, 0x8653, 0x7e54, 
	0x7e55, 0x7636, 0x6e37, 0x6618, 0x5e19, 0x5e1a, 0x55fb, 0x4ddc, 0x45dd, 0x3dde, 0x3dbf, 0x3dbf, 0x3dbe, 0x3dbd, 0x45dc, 0x45db, 
	0x4ddb, 0x4dda, 0x4dda, 0x55d9, 0x55d9, 0x5df8, 0x5df8, 0x65f8, 0x6618, 0x6e18, 0x6e17, 0x7637, 0x7637, 0x7e57, 0x7e58, 0x8678, 
	0x7637, 0x7637, 0x6e17, 0x6e17, 0x6618, 0x65f8, 0x5df8, 0x5df8, 0x55f9, 0x55d9, 0x4dda, 0x4dda, 0x4ddb, 0x45db, 0x45bc, 0x45bd, 
	0x3dbd, 0x3dbe, 0x3dbf, 0x3dbf, 0x45de, 0x4ddd, 0x55fc, 0x55fb, 0x5df9, 0x5df8, 0x65f7, 0x6df6, 0x6df4, 0x75d3, 0x75d2, 0x7df2, 
	0x85d0, 0x85af, 0x858e, 0x856d, 0x854b, 0x852a, 0x852a, 0x8509, 0x84e8, 0x84e8, 0x84a7, 0x7c66, 0x73e5, 0x6365, 0x4243, 0x73ad, 
	0xc638, 0x632a, 0x31a2, 0x842e, 0x6325, 0x73a2, 0x8c43, 0x9482, 0x94a2, 0x9ca2, 0x9482, 0x8c62, 0x8402, 0x73a2, 0x62e2, 0x41e1, 
	0x41e3, 0x5287, 0x73ad, 0x5aa9, 0x9490, 0x52a2, 0x73a2, 0x8423, 0x9483, 0x94c3, 0x9ce3, 0x9d04, 0x9d24, 0x9d45, 0x9d66, 0x9d66, 
	0x9d67, 0x9d87, 0x9d88, 0x9da9, 0x9dca, 0x9deb, 0x9e0c, 0x9e2d, 0x960e, 0x960e, 0x8e2f, 0x8e30, 0x8631, 0x8633, 0x7e33, 0x7e55, 
	0x7636, 0x6e37, 0x6e18, 0x6619, 0x5e1a, 0x55fb, 0x4dfc, 0x4ddd, 0x45de, 0x3dbf, 0x3dbf, 0x3dbe, 0x3dbd, 0x45bd, 0x45bc, 0x45db, 
	0x4ddb, 0x4dda, 0x4dd9, 0x55d9, 0x55d9, 0x5df8, 0x5df8, 0x65f8, 0x6618, 0x6e18, 0x6e17, 0x7637, 0x7637, 0x7e58, 0x8658, 0x8678, 
	0x7637, 0x7637, 0x6e17, 0x6e17, 0x6618, 0x65f8, 0x5df8, 0x5df8, 0x55f8, 0x55d9, 0x55d9, 0x4dda, 0x4dda, 0x45db, 0x45bc, 0x45bc, 
	0x3dbd, 0x3dbe, 0x3dbf, 0x3dbf, 0x3dde, 0x45dd, 0x4dfc, 0x55fb, 0x55da, 0x5df9, 0x65d7, 0x65d6, 0x6dd5, 0x6dd4, 0x75d3, 0x75d2, 
	0x7db1, 0x756f, 0x754e, 0x750c, 0x74eb, 0x74cb, 0x74aa, 0x7489, 0x7468, 0x7448, 0x7427, 0x6be6, 0x6366, 0x4ac4, 0x4246, 0xce39, 
	0xbdd7, 0x840f, 0x630b, 0xe71c, 0x4224, 0x6b43, 0x73c3, 0x7c03, 0x8403, 0x8403, 0x8403, 0x73a2, 0x6b62, 0x5ac2, 0x31a2, 0x8c71, 
	0xbdd7, 0xc618, 0xdefc, 0xce79, 0xbdd7, 0x31a1, 0x6323, 0x7383, 0x7c04, 0x8444, 0x8464, 0x8464, 0x8485, 0x8ca5, 0x8cc6, 0x8ce7, 
	0x8d07, 0x8d28, 0x8d28, 0x8d49, 0x8d4a, 0x8d8b, 0x8dcc, 0x8ded, 0x8e0e, 0x8e0f, 0x85f0, 0x8611, 0x7e12, 0x7e33, 0x7634, 0x7635, 
	0x6e37, 0x6e38, 0x6619, 0x5e1a, 0x55fb, 0x55fc, 0x4ddd, 0x45de, 0x3dbf, 0x3dbf, 0x3dbe, 0x3dbe, 0x45bd, 0x45bc, 0x45db, 0x45db, 
	0x4dda, 0x4dda, 0x55d9, 0x55d9, 0x55d8, 0x5df8, 0x5df8, 0x65f8, 0x6617, 0x6e17, 0x6e17, 0x7637, 0x7e38, 0x7e58, 0x8658, 0x8678, 
	0x7e38, 0x7637, 0x7637, 0x6e17, 0x6618, 0x65f8, 0x65f8, 0x5df8, 0x5dd8, 0x55d9, 0x55d9, 0x4dd9, 0x4dda, 0x4ddb, 0x45bb, 0x45bc, 
	0x45bd, 0x3dbd, 0x3dbe, 0x3dbf, 0x3dbf, 0x45de, 0x45dd, 0x4ddc, 0x4ddb, 0x55d9, 0x5dd8, 0x5db7, 0x65b6, 0x6dd5, 0x6db4, 0x6d92, 
	0x6d71, 0x6d2f, 0x6cee, 0x6cac, 0x6c6b, 0x644a, 0x6409, 0x63e8, 0x63e8, 0x63c8, 0x63a7, 0x5b46, 0x4ac5, 0x4244, 0x2102, 0xad75, 
	0xe71c, 0x738d, 0xe73c, 0x630b, 0x39c1, 0x5b04, 0x6323, 0x6b63, 0x6b83, 0x6b83, 0x6b63, 0x6323, 0x5ae3, 0x39c1, 0xa534, 0xef7d, 
	0x8410, 0x5acb, 0x7bef, 0xffff, 0x7bce, 0x2961, 0x52c4, 0x5b04, 0x6344, 0x6b84, 0x6ba5, 0x73c5, 0x73e5, 0x73e5, 0x7406, 0x7446, 
	0x7c67, 0x7c68, 0x7ca8, 0x7cc9, 0x7cca, 0x852b, 0x856c, 0x85ad, 0x85cf, 0x85f0, 0x7df1, 0x7df2, 0x7e13, 0x7614, 0x7615, 0x6e16, 
	0x6e37, 0x6618, 0x5e19, 0x55fa, 0x55fb, 0x4ddc, 0x45dd, 0x3dde, 0x3dbf, 0x3dbf, 0x3dbe, 0x3dbd, 0x45bc, 0x45bc, 0x45bb, 0x4dda, 
	0x4dda, 0x4dd9, 0x55d9, 0x55d9, 0x5df8, 0x5df8, 0x65f8, 0x65f8, 0x6e17, 0x6e17, 0x7637, 0x7638, 0x7e38, 0x7e58, 0x8658, 0x8e78, 
	0x7e38, 0x7638, 0x7637, 0x6e17, 0x6e17, 0x65f7, 0x65f8, 0x5df8, 0x5df8, 0x55d8, 0x55d9, 0x55d9, 0x4dda, 0x4dda, 0x45db, 0x45bb, 
	0x45bc, 0x3dbd, 0x3dbd, 0x3dbe, 0x3dbf, 0x3dbf, 0x45de, 0x45dc, 0x4ddb, 0x55ba, 0x55b9, 0x55b7, 0x5db6, 0x65b5, 0x6594, 0x6573, 
	0x6531, 0x64cf, 0x648d, 0x5c2c, 0x53aa, 0x42e7, 0x4b07, 0x5348, 0x4ae6, 0x4285, 0x4ac6, 0x4aa5, 0x4265, 0x2983, 0x52ca, 0xe73c, 
	0xe73c, 0xce59, 0x6b6c, 0x2142, 0x4244, 0x4a84, 0x52a4, 0x52c4, 0x52c4, 0x52c4, 0x4242, 0x4242, 0x4a43, 0x39c4, 0xa534, 0x94b2, 
	0x9cd3, 0xb596, 0xc5f7, 0xf7be, 0x52ca, 0x2962, 0x4a64, 0x4a64, 0x4a84, 0x52c4, 0x52e4, 0x52e4, 0x5b25, 0x5b46, 0x5b66, 0x6386, 
	0x6387, 0x63c7, 0x63c8, 0x5b87, 0x6429, 0x74ab, 0x750c, 0x7d6e, 0x7daf, 0x7df1, 0x7df2, 0x75d3, 0x75f4, 0x75f5, 0x6e16, 0x6617, 
	0x6618, 0x5e19, 0x5dfa, 0x55fb, 0x4dfc, 0x45dd, 0x45de, 0x3dbf, 0x3dbf, 0x3dbe, 0x3dbd, 0x45bd, 0x45bc, 0x45bb, 0x4ddb, 0x4dda, 
	0x4dda, 0x55d9, 0x55d9, 0x5dd8, 0x5df8, 0x5df8, 0x65f8, 0x6618, 0x6e17, 0x6e17, 0x7637, 0x7638, 0x7e38, 0x8658, 0x8658, 0x8e79, 
	0x7e38, 0x7e38, 0x7637, 0x6e17, 0x6e17, 0x6617, 0x65f8, 0x65f8, 0x5df8, 0x5dd8, 0x55d9, 0x55d9, 0x4dd9, 0x4dda, 0x4dda, 0x45bb, 
	0x45bc, 0x45bc, 0x3dbd, 0x3dbe, 0x3dbf, 0x3dbf, 0x3dbf, 0x45bd, 0x45bc, 0x4dbb, 0x5599, 0x5598, 0x5db7, 0x5d96, 0x6575, 0x5d33, 
	0x5cf1, 0x5c8f, 0x540d, 0x4b8a, 0x3a87, 0x73ce, 0x4aa8, 0x3205, 0x4aa8, 0x6b8d, 0x3205, 0x3a25, 0x2963, 0x18e2, 0x52aa, 0x73ae, 
	0x4a48, 0x2123, 0x1902, 0x31c4, 0x31e3, 0x2982, 0x39c4, 0x31a3, 0x3a23, 0x31a2, 0x632a, 0x5ac8, 0x31a2, 0x31a3, 0x10a1, 0x1081, 
	0x0020, 0x1081, 0x2103, 0x4a48, 0x3184, 0x2122, 0x2101, 0x3184, 0x31c4, 0x2983, 0x31a2, 0x4244, 0x3203, 0x39e4, 0x3a25, 0x4264, 
	0x4ae6, 0x4ae6, 0x4286, 0x7c0e, 0x5b49, 0x5c0a, 0x6ccc, 0x752e, 0x7590, 0x7dd2, 0x75d2, 0x75d3, 0x6dd4, 0x6df5, 0x65f7, 0x65f8, 
	0x5df9, 0x5e1a, 0x55fb, 0x4dfc, 0x4ddd, 0x45de, 0x3dbf, 0x3dbf, 0x3dbe, 0x3dbe, 0x45bd, 0x45bc, 0x45bc, 0x45db, 0x4dda, 0x4dda, 
	0x4dd9, 0x55d9, 0x55d8, 0x5dd8, 0x5df8, 0x65f8, 0x65f8, 0x6e17, 0x6e17, 0x7617, 0x7637, 0x7e38, 0x7e58, 0x8658, 0x8658, 0x8e79, 
	0x7e38, 0x7e38, 0x7637, 0x7617, 0x6e17, 0x6e17, 0x65f7, 0x65f8, 0x5df8, 0x5dd8, 0x55d8, 0x55d9, 0x55d9, 0x4dda, 0x4dda, 0x45db, 
	0x45bb, 0x45bc, 0x45bc, 0x3dbd, 0x3dbe, 0x3dbf, 0x3dbf, 0x3dbe, 0x45bd, 0x459b, 0x4d9a, 0x4d99, 0x5598, 0x5d76, 0x5d55, 0x5d13, 
	0x54b1, 0x542f, 0x4bcd, 0x2a67, 0x6b8d, 0xffdf, 0x52aa, 0x1902, 0xc618, 0xce59, 0x2964, 0x2163, 0x6b6d, 0xce79, 0xce79, 0xce79, 
	0x9cd3, 0x2964, 0x2963, 0x31a4, 0x2122, 0x8430, 0xd6ba, 0x8430, 0x2101, 0x39e6, 0xf79e, 0x7bce, 0x2122, 0x1902, 0x738d, 0xdedb, 
	0x73ae, 0xb5b6, 0xb5b6, 0x2123, 0x18e2, 0x39e6, 0xad75, 0xd6ba, 0xdedb, 0xce79, 0x630b, 0x2122, 0x4247, 0xbdf7, 0xc638, 0x4a68, 
	0x3a45, 0x29c4, 0x8430, 0xf79e, 0x52e9, 0x53a9, 0x648d, 0x6d0f, 0x7570, 0x75b2, 0x75d3, 0x6dd4, 0x6dd5, 0x65d6, 0x65f8, 0x5df9, 
	0x5dfa, 0x55fb, 0x4dfc, 0x4ddd, 0x45de, 0x3ddf, 0x3dbf, 0x3dbf, 0x3dbe, 0x3dbd, 0x45bc, 0x45bc, 0x45bb, 0x4dbb, 0x4dda, 0x4dd9, 
	0x55d9, 0x55d9, 0x55d8, 0x5df8, 0x5df8, 0x65f8, 0x65f8, 0x6e17, 0x6e17, 0x7617, 0x7638, 0x7e38, 0x7e58, 0x8658, 0x8658, 0x8e79, 
	0x7e58, 0x7e38, 0x7638, 0x7618, 0x6e17, 0x6e17, 0x65f7, 0x65f8, 0x5df8, 0x5df8, 0x5dd8, 0x55d8, 0x55d9, 0x4dd9, 0x4dda, 0x4dda, 
	0x45bb, 0x45bb, 0x45bc, 0x3dbd, 0x3dbd, 0x3dbe, 0x35bf, 0x359f, 0x3d9e, 0x457c, 0x457b, 0x4d99, 0x5578, 0x5577, 0x5536, 0x54f3, 
	0x4c71, 0x4bee, 0x436c, 0x1985, 0xad75, 0xc618, 0x10c2, 0x2985, 0xf79e, 0x6b6d, 0x0880, 0x73ae, 0xef5d, 0x7bce, 0x52ca, 0x738e, 
	0xffdf, 0x8c71, 0x10c2, 0x2122, 0x5aeb, 0xbdb7, 0x6b6d, 0xd6ba, 0x10a1, 0x73ae, 0xef5d, 0x2123, 0x10c1, 0x6b4d, 0xe73c, 0x7bcf, 
	0xce59, 0x8430, 0xf7be, 0x7bce, 0x10a2, 0xd6ba, 0xad55, 0x5aca, 0x5aca, 0xbdd7, 0xef5d, 0x18e3, 0xb5b6, 0x7bcf, 0xb596, 0x840f, 
	0x2163, 0x2164, 0xce59, 0xa534, 0x21c4, 0x53cb, 0x5c4d, 0x64ef, 0x6d51, 0x6d93, 0x6db4, 0x65b5, 0x65b6, 0x5dd7, 0x5dd8, 0x55d9, 
	0x55fb, 0x4dfc, 0x4ddd, 0x45dd, 0x3dde, 0x3dbf, 0x3dbf, 0x3dbe, 0x3dbd, 0x45bc, 0x45bc, 0x45bb, 0x45bb, 0x4dba, 0x4dda, 0x55d9, 
	0x55d9, 0x55d8, 0x5dd8, 0x5df8, 0x65f8, 0x65f8, 0x6617, 0x6e17, 0x6e17, 0x7617, 0x7638, 0x7e38, 0x8658, 0x8658, 0x8e79, 0x8e79, 
	0x8658, 0x7e38, 0x7e38, 0x7618, 0x7617, 0x6e17, 0x6df7, 0x65f7, 0x65f8, 0x5df8, 0x5dd8, 0x55d8, 0x55d9, 0x55d9, 0x4dd9, 0x4dba, 
	0x45ba, 0x45bb, 0x45bb, 0x3dbc, 0x3dbc, 0x3dbd, 0x359e, 0x359e, 0x359e, 0x3d7d, 0x3d7c, 0x459a, 0x4d79, 0x4d58, 0x4d16, 0x4cb4, 
	0x4c51, 0x43ae, 0x3aeb, 0x2185, 0xdedb, 0x8c92, 0x0061, 0x52aa, 0xf79e, 0x39e7, 0x1923, 0x31c6, 0x5aeb, 0x5aeb, 0x18c2, 0x0040, 
	0xce79, 0x94b2, 0x0861, 0x2103, 0x4248, 0xc638, 0xef5d, 0xad75, 0x0000, 0xa514, 0xce59, 0x18c2, 0x18e3, 0xd6bb, 0x7bcf, 0x4228, 
	0x9cd3, 0x2104, 0xdedb, 0x8410, 0x1081, 0x5269, 0x738e, 0x4207, 0x0000, 0x630b, 0xf79e, 0x18e3, 0x8c71, 0xd6ba, 0xef5d, 0x4a89, 
	0x1923, 0x2964, 0xef5d, 0x7bef, 0x2a26, 0x53ab, 0x542d, 0x64d0, 0x6552, 0x6d94, 0x6595, 0x65b6, 0x5db7, 0x5db8, 0x55d9, 0x55da, 
	0x4ddc, 0x4ddd, 0x45dd, 0x3dde, 0x3dbf, 0x3dbf, 0x3dbe, 0x3dbd, 0x3dbd, 0x45bc, 0x45bb, 0x45bb, 0x4dda, 0x4dda, 0x4dd9, 0x55d9, 
	0x55d8, 0x55d8, 0x5dd8, 0x5df8, 0x65f8, 0x65f7, 0x6df7, 0x6e17, 0x7617, 0x7638, 0x7e38, 0x7e38, 0x8658, 0x8658, 0x8e79, 0x9679, 
	0x8658, 0x7e38, 0x7e38, 0x7618, 0x7617, 0x6e17, 0x6e17, 0x65f7, 0x65f7, 0x5df8, 0x5dd8, 0x5dd8, 0x55b8, 0x4db8, 0x4db9, 0x4db9, 
	0x4599, 0x459a, 0x459a, 0x3d9b, 0x3d9c, 0x3d9c, 0x359d, 0x357d, 0x355e, 0x355d, 0x3d5c, 0x3d7b, 0x455a, 0x4d38, 0x4517, 0x44b4, 
	0x4411, 0x3b6e, 0x2a69, 0x31c7, 0xf79e, 0x634d, 0x0020, 0x840f, 0xe73c, 0x2124, 0x1903, 0x4207, 0xa534, 0xce38, 0x7c0f, 0x10a2, 
	0xf7be, 0x5aeb, 0x5acb, 0x9cd3, 0x0860, 0x2945, 0xef5d, 0x8410, 0x0000, 0xd6ba, 0x9cd2, 0x0860, 0x2965, 0xef5d, 0x8c51, 0x9cf3, 
	0xa514, 0x8c51, 0xe71c, 0x5aeb, 0x0840, 0x94b2, 0xa534, 0xdedb, 0x18c2, 0x9492, 0xd69a, 0x18c2, 0x1081, 0x8410, 0xef7d, 0x2124, 
	0x1903, 0x4228, 0xf7be, 0x4a89, 0x3267, 0x4bac, 0x542e, 0x5cd1, 0x5d33, 0x6595, 0x6596, 0x5db7, 0x5597, 0x55b9, 0x55ba, 0x4dbb, 
	0x45bc, 0x45dd, 0x3dbe, 0x3dbf, 0x35bf, 0x3dbe, 0x3dbd, 0x3dbd, 0x45bc, 0x45bb, 0x45bb, 0x4dba, 0x4dda, 0x4dd9, 0x55d9, 0x55d9, 
	0x55d8, 0x5dd8, 0x5dd8, 0x65f8, 0x65f7, 0x65f7, 0x6df7, 0x6e17, 0x7617, 0x7638, 0x7e38, 0x7e38, 0x8658, 0x8659, 0x8e79, 0x967a, 
	0x8658, 0x7e58, 0x7e38, 0x7618, 0x7618, 0x6e17, 0x6e17, 0x65f7, 0x65f7, 0x65d7, 0x5dd7, 0x55b7, 0x55b8, 0x55b8, 0x4d98, 0x4d98, 
	0x4d99, 0x4599, 0x459a, 0x457a, 0x3d7b, 0x3d9c, 0x3d7c, 0x355c, 0x355d, 0x355d, 0x353c, 0x353b, 0x3d3a, 0x3d19, 0x3cd7, 0x3c74, 
	0x3bf1, 0x3b4e, 0x2208, 0x5b0c, 0xf7be, 0x2986, 0x0020, 0xad75, 0xbdf7, 0x0881, 0x10c2, 0x73ae, 0xbdd7, 0xbdd7, 0x8c51, 0x31a6, 
	0xffdf, 0x2965, 0x4a69, 0xffff, 0x4a49, 0x1903, 0xf7be, 0x528a, 0x18c2, 0xf79e, 0x632c, 0x0020, 0x2965, 0xef5d, 0x6b6d, 0xbdf7, 
	0xbdd7, 0x6b4d, 0xef7d, 0x2124, 0x3185, 0xe73c, 0x8410, 0xbdf7, 0x18c2, 0xc638, 0x9cf3, 0x08a1, 0x08a1, 0x94b2, 0xce79, 0x10a2, 
	0x0020, 0x8430, 0xdefb, 0x2185, 0x32a9, 0x438c, 0x544f, 0x54b1, 0x5513, 0x5d55, 0x5576, 0x5597, 0x4d78, 0x4d99, 0x459b, 0x459c, 
	0x3d9d, 0x3dbe, 0x359f, 0x359e, 0x359e, 0x3d9d, 0x3d9c, 0x3d9c, 0x3d9b, 0x459a, 0x45ba, 0x4dba, 0x4db9, 0x4dd9, 0x55d9, 0x55d8, 
	0x5dd8, 0x5dd8, 0x5dd8, 0x65f8, 0x65f7, 0x6df7, 0x6e17, 0x6e17, 0x7617, 0x7638, 0x7e38, 0x8638, 0x8658, 0x8e59, 0x8e79, 0x967a, 
	0x8659, 0x8638, 0x7e38, 0x7e38, 0x7618, 0x7617, 0x6e17, 0x6df7, 0x65d7, 0x5dd7, 0x5db7, 0x55b7, 0x55b7, 0x5597, 0x4d98, 0x4d78, 
	0x4d78, 0x4578, 0x4579, 0x4579, 0x455a, 0x3d7a, 0x3d5b, 0x353b, 0x353b, 0x353c, 0x351c, 0x351c, 0x3d1b, 0x3cf9, 0x3cb7, 0x3c55, 
	0x33d1, 0x334e, 0x1186, 0x7c10, 0xffff, 0xb596, 0x39a6, 0xce59, 0xef7d, 0x8430, 0x1903, 0x2144, 0x73ae, 0xffdf, 0x738e, 0x632c, 
	0xe73c, 0x1903, 0x0881, 0xa514, 0xd69a, 0x630c, 0xef7d, 0x2103, 0x4a28, 0xffff, 0xce79, 0x528a, 0x18c2, 0xdedb, 0xa514, 0xc638, 
	0x3186, 0x7bef, 0xdefb, 0x0841, 0x630b, 0xf79e, 0x9cd2, 0x31c6, 0x1082, 0xef5d, 0x73ae, 0x10c2, 0x18e3, 0xce79, 0x8c71, 0x18c2, 
	0x7c0f, 0xf7be, 0xa514, 0x1964, 0x3aea, 0x438d, 0x4c30, 0x4cb2, 0x5514, 0x5556, 0x5557, 0x4d58, 0x4d59, 0x457a, 0x457b, 0x3d7c, 
	0x3d9d, 0x359f, 0x359e, 0x359d, 0x3d9d, 0x3d9c, 0x3d9b, 0x3d9b, 0x459b, 0x459a, 0x459a, 0x4d99, 0x4d99, 0x4db8, 0x55b8, 0x55d8, 
	0x5dd8, 0x5dd8, 0x65d8, 0x65f7, 0x65f7, 0x6df7, 0x6e17, 0x7617, 0x7618, 0x7e38, 0x7e38, 0x8638, 0x8659, 0x8e59, 0x8e7a, 0x967a, 
	0x8659, 0x8638, 0x7e38, 0x7e38, 0x7618, 0x7618, 0x6df7, 0x65f7, 0x65d7, 0x5dd7, 0x5db7, 0x5d97, 0x5597, 0x5577, 0x5577, 0x4d77, 
	0x4d57, 0x4557, 0x4558, 0x4558, 0x3d59, 0x3d59, 0x3d39, 0x353a, 0x353a, 0x351b, 0x351b, 0x351c, 0x34fb, 0x34da, 0x34b8, 0x3455, 
	0x33b2, 0x334f, 0x19a7, 0xb5b6, 0x8c51, 0xa514, 0x94b2, 0xce59, 0x630c, 0xdefb, 0x29a6, 0x1944, 0x0881, 0xd69a, 0x8410, 0xa4f3, 
	0xbdf7, 0x10c2, 0x2164, 0x2124, 0xce59, 0xffdf, 0xce59, 0x0840, 0x8c50, 0xad75, 0x8430, 0xad55, 0x18e3, 0xf7be, 0xd6ba, 0x31c6, 
	0x0000, 0xbdf7, 0xad75, 0x0000, 0x8c51, 0xef7d, 0x18e3, 0x10a2, 0x73ae, 0xf79e, 0x39e7, 0x1923, 0x2965, 0xef3c, 0xd69a, 0xe71c, 
	0xce79, 0x6b4d, 0xce39, 0x29e7, 0x3b0b, 0x43ae, 0x4c51, 0x4cb3, 0x4cf5, 0x4d36, 0x4d38, 0x4538, 0x4539, 0x453a, 0x3d5c, 0x355d, 
	0x355e, 0x357e, 0x3d7d, 0x3d5c, 0x3d5c, 0x3d5b, 0x3d7b, 0x457a, 0x457a, 0x4579, 0x4599, 0x4d99, 0x4d98, 0x4db8, 0x55b8, 0x55b7, 
	0x5dd8, 0x5dd8, 0x65d7, 0x65f7, 0x6df7, 0x6df7, 0x6e17, 0x7618, 0x7618, 0x7e38, 0x7e38, 0x8659, 0x8659, 0x8e59, 0x967a, 0x967a, 
	0x8e59, 0x8659, 0x8638, 0x7e38, 0x7e18, 0x7618, 0x6dd7, 0x6dd7, 0x65d7, 0x65b6, 0x5d96, 0x5d76, 0x5576, 0x5576, 0x4d76, 0x4d56, 
	0x4d57, 0x4d57, 0x4537, 0x4538, 0x4538, 0x4538, 0x3d39, 0x3d19, 0x353a, 0x34f9, 0x34fa, 0x34fa, 0x34fa, 0x34da, 0x2c98, 0x3456, 
	0x2bd3, 0x3370, 0x19e9, 0x8c92, 0xd69a, 0xad75, 0x39e7, 0xc618, 0xc638, 0x8c51, 0x1945, 0x29e7, 0x1944, 0xa514, 0xf79e, 0xdedb, 
	0x528a, 0x1964, 0x3206, 0x2164, 0x4228, 0xffbf, 0x94d2, 0x0060, 0x634c, 0xd69a, 0xbdf7, 0x4a69, 0x4a89, 0xf79e, 0x4228, 0x08a1, 
	0x4227, 0xffbf, 0x6b6d, 0x0881, 0x4a69, 0xe71c, 0xef3c, 0xd6ba, 0xdefb, 0x738e, 0x2144, 0x2185, 0x4a69, 0xef7d, 0xad75, 0x52ca, 
	0xc618, 0xc617, 0x73ce, 0x21e7, 0x3b4d, 0x43cf, 0x4452, 0x44b4, 0x4cf6, 0x4517, 0x4518, 0x3d39, 0x3d3a, 0x3d3b, 0x353c, 0x353d, 
	0x355d, 0x3d7c, 0x3d7c, 0x3d5b, 0x3d5a, 0x3d5a, 0x3d59, 0x4559, 0x4559, 0x4558, 0x4d78, 0x4d78, 0x4d98, 0x5598, 0x55b8, 0x55b7, 
	0x5db7, 0x5dd7, 0x65f7, 0x65f7, 0x6df7, 0x6e17, 0x7618, 0x7618, 0x7e18, 0x7e38, 0x8638, 0x8659, 0x8e59, 0x8e5a, 0x967a, 0x9e7b, 
	0x8e59, 0x8659, 0x8639, 0x7e38, 0x7e18, 0x75f7, 0x6df7, 0x6dd7, 0x65b6, 0x6596, 0x5d96, 0x5d76, 0x5576, 0x5576, 0x5556, 0x4d56, 
	0x4d36, 0x4d36, 0x4d37, 0x4537, 0x4517, 0x4518, 0x3d38, 0x3d18, 0x3d19, 0x3cf9, 0x3cf9, 0x3cf9, 0x34fa, 0x34d9, 0x2c99, 0x2c57, 
	0x2bf4, 0x2b91, 0x2aee, 0x2209, 0x52ec, 0x29e8, 0x1145, 0x3208, 0x52eb, 0x2186, 0x2a08, 0x2a28, 0x2a07, 0x29a6, 0x52cb, 0x31e7, 
	0x21a5, 0x3247, 0x3247, 0x3247, 0x21a5, 0x29c6, 0x29a5, 0x29c5, 0x2164, 0x4a89, 0x4248, 0x2144, 0x31c6, 0x29a6, 0x2185, 0x29c5, 
	0x4248, 0x7bef, 0x29a5, 0x29c5, 0x2184, 0x29a5, 0x52ca, 0x52aa, 0x29a5, 0x2164, 0x3227, 0x2a07, 0x3207, 0x31e7, 0x1965, 0x1944, 
	0x4269, 0x4aaa, 0x21e7, 0x330c, 0x3b8f, 0x3bf1, 0x3c53, 0x4495, 0x44f6, 0x4518, 0x3d19, 0x3d19, 0x351b, 0x351c, 0x353c, 0x353c, 
	0x3d5c, 0x3d5b, 0x3d5b, 0x455a, 0x3d59, 0x3d59, 0x3d59, 0x4558, 0x4558, 0x4557, 0x4d57, 0x4d77, 0x5577, 0x5597, 0x5597, 0x55b7, 
	0x5db7, 0x5db7, 0x65d7, 0x6df7, 0x6df7, 0x6df7, 0x7618, 0x7618, 0x7e18, 0x7e38, 0x8639, 0x8639, 0x8e5a, 0x8e7a, 0x967b, 0x9e9b, 
	0x8e5a, 0x8659, 0x8639, 0x7e39, 0x7e18, 0x75f7, 0x6dd7, 0x6db7, 0x6596, 0x6596, 0x5d96, 0x5d76, 0x5556, 0x5556, 0x5555, 0x5556, 
	0x5535, 0x5536, 0x5536, 0x5536, 0x4d16, 0x4d17, 0x4517, 0x3cf7, 0x3cf7, 0x3cf8, 0x3cd8, 0x3cd8, 0x3cd8, 0x34b9, 0x3498, 0x2c58, 
	0x2c16, 0x2bb3, 0x2b51, 0x2b0e, 0x1a6b, 0x226b, 0x2a6b, 0x224a, 0x2229, 0x32ab, 0x32cb, 0x32cb, 0x32aa, 0x3289, 0x2228, 0x2a68, 
	0x3aaa, 0x3aca, 0x3aca, 0x3ac9, 0x3aa9, 0x3288, 0x3268, 0x3a88, 0x3a88, 0x2a26, 0x3227, 0x3a68, 0x3267, 0x3247, 0x3267, 0x3a88, 
	0x3247, 0x21e5, 0x3247, 0x3a68, 0x3a68, 0x3227, 0x21c6, 0x29e6, 0x3248, 0x3a89, 0x32a9, 0x3aca, 0x32a9, 0x3289, 0x3289, 0x3289, 
	0x2a49, 0x2a8a, 0x330c, 0x3b6e, 0x3bd0, 0x3c32, 0x3c74, 0x44b6, 0x44f8, 0x3cf9, 0x3cf9, 0x34fa, 0x351c, 0x351c, 0x351b, 0x353b, 
	0x3d3b, 0x455a, 0x455a, 0x4559, 0x4559, 0x4539, 0x4558, 0x4538, 0x4558, 0x4557, 0x4557, 0x4d57, 0x4d56, 0x5576, 0x5576, 0x5d96, 
	0x5d97, 0x5db7, 0x65b7, 0x6dd7, 0x6df7, 0x75f8, 0x7618, 0x7e18, 0x7e38, 0x8639, 0x8639, 0x8e59, 0x8e5a, 0x965a, 0x967b, 0x9e9c, 
	0x8e5a, 0x8e5a, 0x8639, 0x7e18, 0x7df8, 0x75f7, 0x75d7, 0x6db6, 0x6596, 0x6576, 0x5d76, 0x6575, 0x6d95, 0x6d95, 0x6d75, 0x6555, 
	0x5d14, 0x5cf4, 0x54f4, 0x54f4, 0x4cf5, 0x4cf5, 0x4cf6, 0x44d6, 0x44d6, 0x44b6, 0x3cb6, 0x3cb6, 0x3497, 0x3497, 0x3477, 0x2c57, 
	0x2c16, 0x2bf5, 0x2b93, 0x2b71, 0x2b50, 0x2b0f, 0x2b0e, 0x2aed, 0x330d, 0x330d, 0x332d, 0x332d, 0x330c, 0x330c, 0x3b2c, 0x3b2c, 
	0x3b2c, 0x3b4c, 0x434c, 0x434c, 0x432b, 0x432b, 0x430b, 0x3b0a, 0x3b0a, 0x432a, 0x430a, 0x430a, 0x430a, 0x432a, 0x432a, 0x430a, 
	0x430a, 0x432a, 0x430a, 0x3aea, 0x3aea, 0x3ac9, 0x3aea, 0x3aca, 0x3aea, 0x3b0b, 0x3b0b, 0x3b0b, 0x3b0b, 0x330b, 0x32eb, 0x32ec, 
	0x332d, 0x3b4e, 0x3b8f, 0x3bd1, 0x3c12, 0x3c54, 0x3c75, 0x3cb7, 0x3cd8, 0x34d9, 0x34da, 0x34da, 0x34fb, 0x34fa, 0x351a, 0x3d1a, 
	0x453a, 0x4539, 0x4559, 0x4d59, 0x4d58, 0x4537, 0x4537, 0x4537, 0x4d37, 0x4d36, 0x4d36, 0x4d56, 0x4d56, 0x5576, 0x5576, 0x5d76, 
	0x5d96, 0x65b7, 0x65d7, 0x65d7, 0x6df7, 0x7618, 0x7618, 0x7e18, 0x7e18, 0x8639, 0x8639, 0x8e5a, 0x8e5a, 0x967b, 0x967b, 0x9e9c, 
	0x8e5a, 0x8e5a, 0x8639, 0x7e19, 0x7df8, 0x75d7, 0x75b7, 0x6d96, 0x6596, 0x6db6, 0x7db6, 0x7dd6, 0x7db6, 0x7575, 0x6d34, 0x64f3, 
	0x5cb2, 0x5492, 0x5452, 0x4c72, 0x4c72, 0x4c93, 0x4cb4, 0x44b4, 0x44b5, 0x4495, 0x3c95, 0x3c75, 0x3c76, 0x3476, 0x3476, 0x3456, 
	0x2c15, 0x2bf5, 0x23d4, 0x23b3, 0x2b93, 0x2b92, 0x2b71, 0x2b70, 0x3370, 0x336f, 0x336f, 0x336f, 0x336e, 0x336e, 0x336e, 0x3b4e, 
	0x3b6d, 0x3b6d, 0x3b8d, 0x3b8d, 0x438d, 0x436d, 0x436c, 0x436c, 0x436c, 0x436c, 0x436c, 0x436c, 0x436c, 0x436c, 0x436c, 0x436c, 
	0x436c, 0x436c, 0x436c, 0x436c, 0x434c, 0x3b4c, 0x3b2b, 0x3b2b, 0x3b2c, 0x3b4c, 0x3b4d, 0x3b4d, 0x3b4d, 0x3b6e, 0x3b6e, 0x3b6f, 
	0x3b8f, 0x3bb0, 0x33d1, 0x33f2, 0x3414, 0x3435, 0x3476, 0x3498, 0x3498, 0x3499, 0x34b9, 0x34b9, 0x34d9, 0x34f9, 0x3cf9, 0x3d19, 
	0x4518, 0x4518, 0x4517, 0x4d17, 0x4d37, 0x4d16, 0x44f6, 0x4516, 0x4516, 0x4d36, 0x4d36, 0x5536, 0x5556, 0x5576, 0x5576, 0x5d76, 
	0x5d96, 0x6596, 0x65d7, 0x6dd7, 0x6dd7, 0x75f8, 0x7618, 0x7e18, 0x7e39, 0x8639, 0x8e39, 0x8e5a, 0x965b, 0x967b, 0x9e7c, 0x9e9c, 
	0x965b, 0x8e5a, 0x863a, 0x8619, 0x7df8, 0x7dd7, 0x6d97, 0x75b6, 0x85f7, 0x8e17, 0x8df6, 0x85b6, 0x7d75, 0x6d34, 0x64f3, 0x5c92, 
	0x5410, 0x438e, 0x438e, 0x43af, 0x43d0, 0x4c11, 0x4c52, 0x4473, 0x4474, 0x4494, 0x4474, 0x4474, 0x3c54, 0x3454, 0x3455, 0x3455, 
	0x3435, 0x2bf5, 0x2bf4, 0x2bd4, 0x23b4, 0x2bb4, 0x2bb3, 0x2b92, 0x2bb2, 0x3392, 0x33b1, 0x33b1, 0x3390, 0x3390, 0x3b90, 0x3b8f, 
	0x3baf, 0x3baf, 0x3baf, 0x3baf, 0x3baf, 0x43ae, 0x43ae, 0x43ae, 0x43ae, 0x43ae, 0x43ae, 0x43ae, 0x43ae, 0x43ae, 0x43ae, 0x43ae, 
	0x43ae, 0x43ad, 0x3b8d, 0x3b6d, 0x3b6d, 0x3b4d, 0x3b4d, 0x3b4d, 0x3b4d, 0x3b6e, 0x3b8e, 0x3b8e, 0x3b8f, 0x338f, 0x3390, 0x33b0, 
	0x33b1, 0x33d1, 0x33d2, 0x2bf3, 0x2c14, 0x2c35, 0x2c57, 0x2c78, 0x2c78, 0x2c78, 0x2c98, 0x3478, 0x3497, 0x3497, 0x3497, 0x3cb7, 
	0x3cd6, 0x44d6, 0x44d6, 0x4cf6, 0x4cf6, 0x4cf5, 0x44b5, 0x3cb4, 0x44b4, 0x44d4, 0x4cf4, 0x4d15, 0x5535, 0x5555, 0x5d76, 0x5d76, 
	0x5d76, 0x6596, 0x6db7, 0x6dd7, 0x6dd7, 0x75f8, 0x7e18, 0x7e19, 0x8639, 0x8639, 0x8e3a, 0x8e5a, 0x965b, 0x967c, 0x9e7c, 0x9e7c, 
	0x965b, 0x8e5b, 0x861a, 0x8619, 0x7df8, 0x75b7, 0x85d7, 0x9e38, 0x9e57, 0x9616, 0x8dd6, 0x8595, 0x7554, 0x6d13, 0x64b2, 0x540f, 
	0x434d, 0x7430, 0x5bae, 0x2a8a, 0x3b0c, 0x3b6e, 0x43d0, 0x4411, 0x4432, 0x3c32, 0x3c12, 0x3c12, 0x3c13, 0x3413, 0x3413, 0x33f3, 
	0x3414, 0x33f4, 0x2bf4, 0x2bd4, 0x2bb4, 0x23b4, 0x23b4, 0x2bb3, 0x2bb3, 0x2bb2, 0x33b2, 0x33b2, 0x33b1, 0x3391, 0x3390, 0x3390, 
	0x3bb0, 0x3bd0, 0x3bb0, 0x3bb0, 0x3baf, 0x3baf, 0x3baf, 0x3baf, 0x43cf, 0x43cf, 0x43cf, 0x43cf, 0x43cf, 0x43cf, 0x43cf, 0x43cf, 
	0x43cf, 0x43cf, 0x3baf, 0x3b8e, 0x3b6e, 0x3b4d, 0x3b4d, 0x332d, 0x332d, 0x334e, 0x334e, 0x336f, 0x336f, 0x334f, 0x3370, 0x3391, 
	0x33b1, 0x2bb2, 0x2bd3, 0x2bd3, 0x2bd4, 0x2c15, 0x2416, 0x2c37, 0x2c37, 0x2c56, 0x2c56, 0x3435, 0x3434, 0x3414, 0x3434, 0x3c34, 
	0x3c54, 0x4494, 0x4495, 0x44b4, 0x4cb4, 0x4c93, 0x4c72, 0x3c11, 0x3c31, 0x4452, 0x4493, 0x4cd4, 0x4d14, 0x5535, 0x5d55, 0x5d76, 
	0x5d76, 0x6596, 0x6d96, 0x6dd7, 0x6dd7, 0x75f8, 0x7e19, 0x7e19, 0x8639, 0x863a, 0x8e3a, 0x8e5b, 0x965b, 0x9e7c, 0x9e7c, 0x9e7c, 
	0x965c, 0x8e3b, 0x861a, 0x85f9, 0x7dd8, 0x9618, 0xae78, 0xa658, 0x9e37, 0x95f6, 0x8db5, 0x7d54, 0x7513, 0x6cd2, 0x5c50, 0x4b8d, 
	0x3aca, 0xe71c, 0x8451, 0x73ef, 0xb5b6, 0x32cb, 0x436e, 0x43cf, 0x43f0, 0x3bf0, 0x3bd0, 0x3bb0, 0x33b0, 0x33b1, 0x3390, 0x2b90, 
	0x2b91, 0x2b91, 0x2b92, 0x2b92, 0x2b92, 0x2b92, 0x2373, 0x2373, 0x2372, 0x2372, 0x2b72, 0x2b51, 0x2b50, 0x2b50, 0x2b50, 0x2b50, 
	0x3370, 0x3370, 0x3370, 0x336f, 0x336f, 0x336f, 0x336f, 0x3b8f, 0x3b8f, 0x3bb0, 0x3bd0, 0x3baf, 0x3bd0, 0x3bd0, 0x3bd0, 0x3bd0, 
	0x3bf0, 0x3bd0, 0x3baf, 0x3b6f, 0x332d, 0x2acc, 0x2aab, 0x2a8b, 0x2aac, 0x2acc, 0x2acd, 0x2acd, 0x2acd, 0x2aee, 0x2b2f, 0x2b50, 
	0x2b91, 0x2b92, 0x2b51, 0x2b52, 0x2372, 0x2b93, 0x2bd4, 0x2c15, 0x2c35, 0x3435, 0x33f4, 0x33d2, 0x3391, 0x3370, 0x3370, 0x3bb0, 
	0x3bf2, 0x4433, 0x4473, 0x4c93, 0x4c52, 0x4411, 0x43cf, 0x336e, 0x334e, 0x338f, 0x3bd0, 0x4472, 0x4cb3, 0x5514, 0x5d35, 0x5d56, 
	0x6576, 0x6576, 0x6d96, 0x6dd7, 0x75d8, 0x75f8, 0x7e19, 0x8619, 0x861a, 0x8e3a, 0x8e3b, 0x965b, 0x965c, 0x9e5c, 0x965c, 0x9e7c, 
	0x965c, 0x8e3b, 0x8e1a, 0x7df9, 0x9e59, 0xbeb9, 0xae79, 0xa658, 0x9e17, 0x95d6, 0x8575, 0x7d33, 0x74d2, 0x6450, 0x53ae, 0x42eb, 
	0x530c, 0xf7be, 0x52eb, 0xd6ba, 0x9d34, 0x2208, 0x3b0c, 0x3b4d, 0x3b6e, 0x3b6e, 0x3b4e, 0x334e, 0x332e, 0x332e, 0x332e, 0x330e, 
	0x2b0e, 0x2b0e, 0x2b2f, 0x2b2f, 0x2b30, 0x2b30, 0x2b30, 0x2310, 0x2310, 0x2310, 0x22f0, 0x22ef, 0x22ef, 0x22ee, 0x22ee, 0x2aee, 
	0x2b0e, 0x2b0f, 0x2b0f, 0x2b0e, 0x2b0e, 0x2aed, 0x330e, 0x332e, 0x334f, 0x336f, 0x336f, 0x336f, 0x336f, 0x336f, 0x336f, 0x33b0, 
	0x33b1, 0x33b0, 0x336f, 0x2b0e, 0x2aac, 0x2a6a, 0x328b, 0x328b, 0x2a4a, 0x19e9, 0x224a, 0x224b, 0x2a6b, 0x2a8c, 0x22ad, 0x22ef, 
	0x2310, 0x2310, 0x22ce, 0x228d, 0x2aef, 0x230f, 0x2b92, 0x2bf4, 0x2bf4, 0x33f3, 0x3391, 0x2b2f, 0x228b, 0x32cc, 0x32cc, 0x2aac, 
	0x334e, 0x3bd0, 0x4432, 0x4431, 0x43d0, 0x434e, 0x430c, 0x3aec, 0x32cc, 0x3b2d, 0x438e, 0x43f0, 0x4c92, 0x54f4, 0x5d35, 0x6556, 
	0x6576, 0x6576, 0x6d97, 0x75b7, 0x75d8, 0x75f8, 0x7e19, 0x8619, 0x863a, 0x8e3a, 0x8e3b, 0x965c, 0x965c, 0x965c, 0x965c, 0x965c, 
	0x965c, 0x8e3c, 0x861b, 0xa67b, 0xc6fb, 0xb699, 0xb679, 0xae58, 0x9e17, 0x95b6, 0x8554, 0x7cf3, 0x6c50, 0x53ae, 0x3aaa, 0x2a07, 
	0x428a, 0x73ae, 0x4269, 0xf79e, 0x52eb, 0x1965, 0x21e7, 0x2a6a, 0x3acb, 0x3aec, 0x2aab, 0x3acc, 0x3acc, 0x2a8b, 0x224a, 0x19e8, 
	0x19e9, 0x19e9, 0x224b, 0x2aac, 0x2acd, 0x1a6c, 0x122b, 0x228c, 0x228c, 0x122c, 0x228d, 0x228d, 0x120b, 0x11ea, 0x19ea, 0x11ea, 
	0x1a6c, 0x22ad, 0x2aad, 0x1a4b, 0x11e9, 0x1a09, 0x11e9, 0x1a4b, 0x2acd, 0x2aee, 0x2b0e, 0x2acd, 0x1a6b, 0x1a6b, 0x2aee, 0x3350, 
	0x3391, 0x3391, 0x334f, 0x22ac, 0x4b0d, 0xd6ba, 0xe71c, 0xe73c, 0xe73c, 0x94b3, 0x21c8, 0x1987, 0xad75, 0xc659, 0x222b, 0x228d, 
	0x22ae, 0x228d, 0x11ea, 0xad96, 0xc659, 0x228c, 0x232f, 0x2bb2, 0x33d2, 0x33b1, 0x2b2f, 0x32cc, 0xa596, 0xe71c, 0xef5d, 0xa555, 
	0x32ab, 0x3b4e, 0x43d0, 0x43cf, 0x3b4d, 0x32ab, 0xbdf7, 0xe73c, 0xdedb, 0xef3c, 0xa555, 0x3b8e, 0x4c72, 0x54d4, 0x5d35, 0x6555, 
	0x6576, 0x6576, 0x6d97, 0x75b7, 0x75d8, 0x7df9, 0x8619, 0x861a, 0x8e3a, 0x8e3b, 0x8e3b, 0x965c, 0x965c, 0x965c, 0x965c, 0x965c, 
	0x963c, 0x8e1c, 0xa67c, 0xcf1c, 0xc6db, 0xbeba, 0xb699, 0xae58, 0x9df7, 0x9595, 0x8533, 0x7491, 0x5bae, 0x42ca, 0x8471, 0xb5b6, 
	0x4aaa, 0x08c3, 0x6b8e, 0xef5d, 0x2165, 0x634d, 0xb5b6, 0x5b4d, 0x2a28, 0x2a49, 0x42cb, 0xe71c, 0x638e, 0x1145, 0x530c, 0xa575, 
	0xbdf8, 0x9d35, 0x42ab, 0x21e9, 0x19e8, 0x532d, 0x7c51, 0x2a09, 0x2209, 0x7c72, 0x326b, 0x19c9, 0x7431, 0xb5b7, 0xbe18, 0x9514, 
	0x326b, 0x1a0a, 0x19e9, 0x532e, 0xa576, 0xbdf8, 0xadb7, 0x5b6f, 0x1a2a, 0x228c, 0x226c, 0x2a6b, 0x9d35, 0x9515, 0x2aac, 0x22ee, 
	0x2b70, 0x2b50, 0x2b0f, 0x11ea, 0x7431, 0xf77d, 0x428b, 0x3a29, 0x7c10, 0xffff, 0x636e, 0x1146, 0xef5d, 0xf7be, 0x2a2a, 0x1a0a, 
	0x224b, 0x11c9, 0x5b6e, 0xffff, 0xbe18, 0x1a0a, 0x2b0e, 0x3391, 0x33b2, 0x3370, 0x2aed, 0xce9a, 0xdefb, 0x636e, 0x7c10, 0xffdf, 
	0x7410, 0x2aab, 0x438e, 0x436e, 0x32cb, 0x4aeb, 0xf7be, 0x7c10, 0x52ec, 0x638e, 0x4b4d, 0x3b8e, 0x4c51, 0x54d3, 0x5d15, 0x6556, 
	0x6556, 0x6d76, 0x6d97, 0x75b8, 0x75d8, 0x7df9, 0x861a, 0x861a, 0x8e1b, 0x8e3b, 0x963c, 0x965c, 0x963c, 0x963c, 0x963c, 0x965c, 
	0x8e1c, 0x9e5c, 0xd73e, 0xd73d, 0xc6db, 0xbeba, 0xb699, 0xae58, 0xa5f7, 0x9595, 0x8513, 0x6c30, 0x42ca, 0x7c30, 0xb5b6, 0xb5b6, 
	0xa555, 0x0082, 0x9d13, 0xc638, 0x4a69, 0xbdf7, 0xa514, 0xbdf7, 0x29c7, 0x19a6, 0x8451, 0xe73c, 0x1966, 0x7c10, 0xf77d, 0x9d14, 
	0x8451, 0xd6ba, 0xe71c, 0x21c7, 0x4acb, 0xad55, 0xbdf7, 0x5b4d, 0x636e, 0xe71c, 0x21a7, 0xad96, 0xdeba, 0x8c92, 0x8c92, 0xef3c, 
	0xce59, 0x0926, 0x6baf, 0xef3c, 0x9d14, 0x8452, 0xbdf8, 0xffbe, 0x4aed, 0x19ea, 0x19c9, 0x9d35, 0x9cf3, 0xd679, 0x6bf0, 0x124c, 
	0x2330, 0x2310, 0x22ce, 0x11a9, 0xa576, 0xce59, 0x1125, 0x1146, 0x08e5, 0xe71c, 0x73cf, 0x426a, 0xf79e, 0xef3c, 0x5b2d, 0x1187, 
	0x21e9, 0x21e8, 0xce59, 0xf7be, 0x9d35, 0x11c8, 0x2b0e, 0x3370, 0x33b1, 0x2b4f, 0x4b6e, 0xc618, 0x3a8a, 0x0925, 0x29c7, 0xf77d, 
	0x7410, 0x2a8a, 0x436e, 0x434d, 0x2a29, 0x8451, 0xef3c, 0x29a6, 0x1145, 0x19c7, 0x32cb, 0x3b8e, 0x4c51, 0x54d3, 0x5d15, 0x6556, 
	0x6556, 0x6d77, 0x6d77, 0x7598, 0x7dd9, 0x7df9, 0x861a, 0x861b, 0x8e3b, 0x8e3c, 0x963c, 0x963c, 0x963c, 0x963c, 0x963c, 0x963c, 
	0x8e1c, 0xc6fd, 0xdf5e, 0xd71d, 0xcefc, 0xc6bb, 0xbe9a, 0xae38, 0xa5f7, 0x9575, 0x84d2, 0x63cf, 0x3a28, 0xad96, 0xe71c, 0xb5b6, 
	0x5b0c, 0x10e3, 0xce79, 0x94d3, 0x4229, 0xce79, 0xce59, 0xa555, 0x1945, 0x1945, 0xb5b6, 0xbdd7, 0x1104, 0xb596, 0x73ae, 0x52cb, 
	0x10e3, 0x3a08, 0xffdf, 0x31e8, 0x5b2d, 0xd69a, 0xd6ba, 0xce59, 0xdefb, 0x5b4d, 0x1166, 0x6bae, 0x632d, 0x2166, 0x0021, 0x73cf, 
	0xe73c, 0x1966, 0x4acb, 0x6baf, 0x3a09, 0x00a3, 0x1946, 0xf77d, 0x638f, 0x0947, 0x1187, 0xa555, 0xc618, 0xe71c, 0x4b2e, 0x1a6d, 
	0x2310, 0x2310, 0x22ae, 0x19c9, 0xd6ba, 0x8452, 0x0063, 0x0905, 0x6baf, 0xf79d, 0x2166, 0x94d3, 0xbdf7, 0xbdd7, 0x8471, 0x0925, 
	0x1146, 0x9cf4, 0xb596, 0xce38, 0x8492, 0x11c8, 0x332e, 0x3390, 0x3bb0, 0x336f, 0x32cc, 0x2a4a, 0x21e8, 0x1966, 0xbdf7, 0xd6ba, 
	0x3249, 0x3b0c, 0x436d, 0x434d, 0x2a49, 0xb5d7, 0xffdf, 0xdedb, 0xc638, 0x4aeb, 0x2a8a, 0x438e, 0x4c31, 0x54b3, 0x5d15, 0x6536, 
	0x6557, 0x6d77, 0x7597, 0x75b8, 0x7dd9, 0x7dda, 0x7dfb, 0x85fb, 0x8e1c, 0x8e3c, 0x8e3c, 0x8e3c, 0x8e3c, 0x8e3c, 0x8e3c, 0x8e3c, 
	0xae9d, 0xdf5e, 0xd73d, 0xd71d, 0xcefc, 0xcedc, 0xbe9a, 0xb659, 0xa5f7, 0x9575, 0x7cb2, 0x5b6d, 0x3a48, 0xd69a, 0xb5b6, 0x39e7, 
	0x1924, 0x2965, 0xe73c, 0x73cf, 0x10c3, 0x52cb, 0xffbe, 0x7bef, 0x1104, 0x2165, 0xdedb, 0x8c71, 0x0882, 0x4249, 0xce59, 0xdedb, 
	0xbdd7, 0x73ae, 0xe71c, 0x2186, 0x1925, 0x6bae, 0xa555, 0x94d3, 0x426a, 0x1125, 0x1945, 0x73af, 0xbdd7, 0xce79, 0x1104, 0x9d14, 
	0xce59, 0x08c4, 0x3a29, 0xad75, 0xd69a, 0x632d, 0x4249, 0xf7be, 0x3209, 0x8472, 0x428b, 0x1125, 0xa534, 0xe73c, 0x220a, 0x228d, 
	0x2b30, 0x2b30, 0x226c, 0x2a2a, 0xef7d, 0xce7a, 0x94d3, 0xbdf7, 0xe71c, 0x5b4d, 0x08e4, 0xdedb, 0x6bae, 0x8c71, 0xb5b7, 0x00a3, 
	0x4aab, 0xdefb, 0x3a29, 0xdefb, 0x73f0, 0x1a09, 0x3b4e, 0x3bb0, 0x3b8f, 0x332d, 0x32cc, 0x2208, 0x2a08, 0xbe18, 0xe71c, 0x42ab, 
	0x328a, 0x434d, 0x4b8e, 0x432c, 0x42cb, 0xb5d7, 0x8430, 0x6bae, 0xe73c, 0xce79, 0x2a6a, 0x3b6e, 0x4c52, 0x64f4, 0x7d96, 0x85d7, 
	0x9618, 0x9e38, 0xa679, 0xae9a, 0xaebb, 0xaebb, 0xaebc, 0xae9d, 0x965d, 0x8e1c, 0x8e1c, 0x8e1c, 0x8e3c, 0x8e1c, 0x8e1c, 0x8e1c, 
	0xdf5e, 0xdf5e, 0xd73d, 0xd71d, 0xcefd, 0xcefc, 0xc69b, 0xb659, 0xadf7, 0x9555, 0x7c71, 0x532c, 0x4a89, 0xef7d, 0x4a8a, 0x9cf3, 
	0xad75, 0x4228, 0xf7be, 0x4a69, 0x1904, 0x39e7, 0xef7d, 0x52aa, 0x08a2, 0x3a08, 0xf79e, 0x52cb, 0x10e3, 0xd69a, 0x9cf3, 0x0061, 
	0xad75, 0xe73c, 0xb596, 0x1104, 0x29c7, 0x3a29, 0x10e4, 0x08e4, 0x4aaa, 0x3208, 0x2186, 0xdedb, 0x8431, 0xc638, 0x2145, 0xce79, 
	0x94d3, 0x0041, 0xad75, 0xad55, 0xb596, 0x5b2d, 0x6b8e, 0xe73c, 0x1105, 0xbdf7, 0xc638, 0x0062, 0x94d3, 0xce79, 0x19c9, 0x22ce, 
	0x2b30, 0x2b2f, 0x1a4b, 0x5b4e, 0xf79e, 0xa576, 0xa576, 0x8472, 0x326a, 0x0946, 0x3a6a, 0xf79e, 0x31e8, 0x6b8e, 0xd69a, 0x1104, 
	0xc638, 0x7c10, 0x29a7, 0xf7be, 0x530c, 0x226b, 0x3b4e, 0x3b6f, 0x334e, 0x32ec, 0x21e8, 0x4aeb, 0xe6fc, 0xc618, 0x3a49, 0x2a49, 
	0x3aeb, 0x434d, 0x434d, 0x432c, 0x42eb, 0x3a69, 0x29c7, 0x1104, 0x8430, 0xef3c, 0x3aab, 0x53af, 0x74d3, 0x8d95, 0x9e17, 0xa658, 
	0xae79, 0xb699, 0xbeba, 0xc6fb, 0xcf1c, 0xd75d, 0xdf7e, 0xe77e, 0xdf7e, 0xcf1e, 0xb6bd, 0x9e5d, 0x85fc, 0x8e1c, 0x8e1c, 0x8e1c, 
	0xdf7e, 0xdf5e, 0xd73d, 0xd71d, 0xcefc, 0xcefc, 0xc6bb, 0xbe7a, 0xadf8, 0x9d55, 0x7c71, 0x52eb, 0x6bae, 0xe71c, 0xad55, 0xad96, 
	0xc618, 0xa534, 0xdefb, 0x29a6, 0x1904, 0x73ae, 0xe71c, 0x2145, 0x4a8a, 0xce79, 0xdefb, 0x1924, 0x52cb, 0xffff, 0xc618, 0x3a28, 
	0x528a, 0xffff, 0x8451, 0x1945, 0xa514, 0xce79, 0x636d, 0x31e8, 0xf79e, 0x3208, 0x4aaa, 0xf7be, 0xad96, 0x4249, 0x1925, 0xef7d, 
	0x6b6e, 0x10e4, 0xce79, 0xd6ba, 0x73cf, 0x0083, 0xad75, 0xc618, 0x0905, 0x3a6a, 0xf77d, 0x73cf, 0xc618, 0x9d15, 0x11c9, 0x2b0e, 
	0x2b30, 0x2b2f, 0x120a, 0x8493, 0xdefb, 0x1166, 0x1187, 0x11c9, 0x224a, 0x11a8, 0x7c31, 0xe6fb, 0x1145, 0x4aab, 0xd6ba, 0x7c30, 
	0xce59, 0x1105, 0x634d, 0xef7d, 0x328a, 0x32cc, 0x3b4e, 0x3b6e, 0x3b0d, 0x2229, 0x6bcf, 0xe73c, 0x8c92, 0x1965, 0x21e7, 0x3269, 
	0x328a, 0x32aa, 0x42eb, 0x3acb, 0x3289, 0x3a69, 0x3228, 0x2185, 0xc658, 0xbe18, 0x42ca, 0x6c30, 0x8513, 0x95b6, 0x9e17, 0xa658, 
	0xae79, 0xb69a, 0xbedb, 0xc6fc, 0xcf1d, 0xd75d, 0xdf7e, 0xdf7e, 0xdf7e, 0xe79f, 0xe79f, 0xdf7e, 0xbefe, 0x963d, 0x85fc, 0x8e1c, 
	0xdf7e, 0xdf5e, 0xd73d, 0xd71d, 0xcefc, 0xcedc, 0xc6bb, 0xc67a, 0xb618, 0x9d75, 0x8492, 0x52eb, 0x94b2, 0xffff, 0xbdf7, 0x18e3, 
	0x8451, 0xffff, 0xb5b6, 0x2986, 0x2165, 0x94d3, 0xf79e, 0xc638, 0xf7be, 0x7bef, 0xd69a, 0x31c7, 0x8430, 0xbdf7, 0x9cf3, 0xad75, 
	0x31a6, 0xffff, 0x5b2c, 0x4aab, 0xc638, 0xb5b7, 0xad75, 0xce79, 0xa535, 0x0904, 0x7c10, 0xf79e, 0x31c7, 0x1104, 0x7c10, 0xf79e, 
	0x3208, 0x21a7, 0xf79e, 0x7c10, 0x08a3, 0x426a, 0xf77d, 0x7c51, 0x1187, 0x19a7, 0x6bcf, 0xf79e, 0xf79e, 0x6bd0, 0x1a2b, 0x334f, 
	0x3370, 0x334f, 0x1a4b, 0xbdf8, 0xbe18, 0x19e9, 0x32cc, 0x32ed, 0x2acc, 0x1a09, 0xc638, 0xad96, 0x1146, 0x2a08, 0xdefc, 0xf77d, 
	0x530c, 0x0925, 0x8451, 0xe6fb, 0x2a6a, 0x330c, 0x3b6e, 0x3b6e, 0x2aab, 0x8471, 0xffdf, 0x8430, 0x3208, 0x4aab, 0x530c, 0x3a8a, 
	0x6bef, 0xb5b6, 0x42cb, 0x63ae, 0x7c30, 0x3a8a, 0x428a, 0xad96, 0xef5d, 0x636d, 0x536d, 0x7491, 0x8d54, 0x9dd6, 0xa638, 0xae79, 
	0xb69a, 0xbeba, 0xc6db, 0xcf1c, 0xd73d, 0xdf5e, 0xdf7e, 0xdf7e, 0xdf7e, 0xdf7e, 0xdf7e, 0xdf7e, 0xe79f, 0xdf5e, 0xaebd, 0x8dfc, 
	0xdf5e, 0xdf5e, 0xd73d, 0xd71d, 0xcefc, 0xcedc, 0xcebb, 0xc67b, 0xb619, 0xa596, 0x8cd3, 0x5b6d, 0xb5d7, 0xe71c, 0x4228, 0x2985, 
	0x3a08, 0xef7d, 0x8c92, 0x2986, 0x3207, 0xbdd7, 0xef5d, 0x6bae, 0xad75, 0xc638, 0x9d14, 0x2165, 0x636d, 0xd6ba, 0xc618, 0x5b2c, 
	0x5b0c, 0xf79e, 0x3a49, 0x21c7, 0x9cf4, 0xdedb, 0xce59, 0x8cb2, 0x2a08, 0x21e8, 0x4acb, 0xdefb, 0xef5c, 0xd6ba, 0xe71c, 0x7410, 
	0x21c8, 0x21e8, 0xad76, 0xf79e, 0xd6ba, 0xe71c, 0xad96, 0x2a6a, 0x2a6b, 0x2a8b, 0x19e9, 0xa576, 0xf7be, 0x42ec, 0x2aed, 0x3390, 
	0x33b1, 0x3370, 0x2aed, 0xd6ba, 0x84d4, 0x1a6b, 0x332e, 0x334f, 0x332e, 0x32ed, 0xdefb, 0x6c10, 0x1a09, 0x2a09, 0xc638, 0xa555, 
	0x21e8, 0x19e8, 0x9514, 0xce59, 0x2aab, 0x3b6e, 0x43af, 0x438e, 0x432d, 0xdefb, 0xf7be, 0xdf1c, 0xef5d, 0xef7d, 0xef5d, 0x5b2c, 
	0xbdf7, 0xffdf, 0x42cb, 0x8cb2, 0xffbf, 0xdefb, 0xe71c, 0xce79, 0x63ae, 0x534c, 0x6c30, 0x8513, 0x9595, 0xa617, 0xae59, 0xb679, 
	0xbe9a, 0xbebb, 0xcefc, 0xd71d, 0xdf5e, 0xdf5e, 0xdf7e, 0xdf7e, 0xdf7e, 0xdf7e, 0xdf7e, 0xdf7e, 0xdf7e, 0xdf7f, 0xe77f, 0xc71e, 
	0xdf5e, 0xdf5e, 0xd73e, 0xd71d, 0xcefd, 0xcefc, 0xcedc, 0xc69b, 0xbe5a, 0xadd8, 0x9535, 0x7c51, 0x6bcf, 0x52eb, 0x4269, 0x3a08, 
	0x630c, 0x6b6d, 0x3a08, 0x4269, 0x428a, 0x4acb, 0x4269, 0x29a6, 0x4269, 0x638d, 0x3a49, 0x3a49, 0x3249, 0x5b4c, 0x4aeb, 0x29e7, 
	0x4aeb, 0x63ae, 0x3269, 0x3269, 0x2a08, 0x3269, 0x3249, 0x2229, 0x32ab, 0x32ab, 0x2a6a, 0x326a, 0x5b6e, 0x5b6e, 0x326a, 0x2229, 
	0x32ab, 0x2a8a, 0x2a29, 0x4b0d, 0x63ae, 0x42ec, 0x224a, 0x2acc, 0x330d, 0x330e, 0x2acc, 0x2aac, 0x3b0d, 0x330d, 0x338f, 0x3bf2, 
	0x3c12, 0x3bd1, 0x3b90, 0x438f, 0x3b4f, 0x336f, 0x3bb0, 0x3bd1, 0x3bb0, 0x3b6f, 0x436f, 0x330d, 0x32ec, 0x32cc, 0x3b0c, 0x32cc, 
	0x32cc, 0x32ec, 0x434d, 0x436e, 0x3b6e, 0x4bd0, 0x4c10, 0x4bcf, 0x4b8e, 0x4b4d, 0x42ec, 0x42eb, 0x42eb, 0x4b0c, 0x4b4c, 0x42eb, 
	0x5b8d, 0x5b8d, 0x430c, 0x4b0b, 0x5b6d, 0x7c10, 0x638e, 0x4b0b, 0x5b8d, 0x6c30, 0x7cf3, 0x9575, 0x9df7, 0xae58, 0xb679, 0xbe9a, 
	0xbebb, 0xc6fc, 0xcf1d, 0xd73e, 0xdf5e, 0xdf5e, 0xdf7e, 0xdf7e, 0xdf7e, 0xdf7e, 0xdf7e, 0xdf7e, 0xdf7e, 0xdf7e, 0xdf7e, 0xe77e, 
	0xdf7e, 0xdf5e, 0xd73e, 0xd71d, 0xcefd, 0xcefc, 0xcedc, 0xc6bb, 0xbe5a, 0xb5f8, 0xa597, 0x9514, 0x7c51, 0x6bcf, 0x4acb, 0x73cf, 
	0xb5b6, 0xbdd7, 0x4aca, 0x4aca, 0x532c, 0x532c, 0x532c, 0x532c, 0x4aeb, 0x42cb, 0x4b2c, 0x4b4c, 0x4b4c, 0x430b, 0x430c, 0x4b2c, 
	0x430c, 0x3b0c, 0x434c, 0x432d, 0x434d, 0x432d, 0x434d, 0x434d, 0x436e, 0x436e, 0x3b4d, 0x3b0c, 0x32cb, 0x2aab, 0x330c, 0x3b2d, 
	0x3b4e, 0x3b2d, 0x330d, 0x2acc, 0x2aab, 0x2acc, 0x332e, 0x3b6f, 0x3bb0, 0x3bb0, 0x3bb0, 0x3b8f, 0x338f, 0x3bd0, 0x4412, 0x4453, 
	0x4473, 0x4453, 0x4412, 0x3bf1, 0x3bf1, 0x4412, 0x4432, 0x4452, 0x4432, 0x43f1, 0x3bb0, 0x3baf, 0x43af, 0x43af, 0x3b8f, 0x438f, 
	0x43af, 0x43cf, 0x43cf, 0x4bf0, 0x4c31, 0x5451, 0x5472, 0x5451, 0x5410, 0x4bae, 0x436d, 0x434d, 0x434c, 0x4b6d, 0x4b8d, 0x53ae, 
	0x53ae, 0x53ae, 0x5bef, 0x5bcf, 0x5bae, 0x538d, 0x5bce, 0x6c0f, 0x7491, 0x84f3, 0x9575, 0x9dd7, 0xae38, 0xb679, 0xbe9a, 0xbebb, 
	0xc6dc, 0xcf1d, 0xd73d, 0xd75e, 0xdf5e, 0xdf5e, 0xdf7e, 0xdf7e, 0xdf7e, 0xdf7e, 0xdf7e, 0xdf7e, 0xdf7e, 0xdf7e, 0xdf7e, 0xdf7e, 
	0xdf7e, 0xdf5e, 0xd73e, 0xd71d, 0xcefd, 0xcedc, 0xcedc, 0xc6bb, 0xc67b, 0xbe39, 0xadf8, 0xa597, 0x9d35, 0x8472, 0x5b4d, 0x7c10, 
	0xce59, 0xce59, 0x52cb, 0x5b4d, 0x63cf, 0x6c0f, 0x6c0f, 0x640f, 0x63ef, 0x63ef, 0x5bef, 0x640f, 0x5c0f, 0x5bef, 0x5bef, 0x53ef, 
	0x53ef, 0x53ef, 0x53ef, 0x53ef, 0x53ef, 0x53ef, 0x4bf0, 0x4c10, 0x4c10, 0x4c10, 0x4bf0, 0x43cf, 0x43af, 0x43af, 0x43cf, 0x43f0, 
	0x43f0, 0x43f0, 0x43d0, 0x43af, 0x43af, 0x43d0, 0x43f1, 0x4411, 0x4452, 0x4452, 0x4452, 0x4452, 0x4452, 0x4c73, 0x4c93, 0x4cb4, 
	0x4cb4, 0x4cb4, 0x4c94, 0x4c93, 0x4c93, 0x4c93, 0x4c93, 0x4cb3, 0x4c93, 0x4c73, 0x4c72, 0x4c52, 0x4c52, 0x4c52, 0x4c52, 0x4c52, 
	0x5472, 0x5472, 0x5472, 0x5492, 0x5c92, 0x5cd3, 0x5cd3, 0x5cb3, 0x5c92, 0x5c71, 0x5c51, 0x5c30, 0x5c50, 0x6451, 0x6471, 0x6471, 
	0x6c91, 0x6c92, 0x6cb2, 0x6c91, 0x7491, 0x7491, 0x7cb2, 0x84f3, 0x8d54, 0x9596, 0x9df7, 0xae38, 0xb679, 0xbe9a, 0xc6bb, 0xc6dc, 
	0xcefc, 0xd71d, 0xd73d, 0xdf5e, 0xdf5e, 0xdf7e, 0xdf7e, 0xdf7e, 0xdf7e, 0xdf7e, 0xdf7e, 0xdf7e, 0xdf7e, 0xdf7e, 0xdf7e, 0xdf7e, 
	0xdf7e, 0xdf5e, 0xd75e, 0xd73d, 0xd71d, 0xcefc, 0xcedc, 0xcebc, 0xc69b, 0xbe5a, 0xb639, 0xb5f8, 0xa597, 0x8cd4, 0x7c10, 0x4aab, 
	0xb5d7, 0xc638, 0x4acb, 0x63cf, 0x7451, 0x7cb2, 0x7cb2, 0x7492, 0x7491, 0x7491, 0x7491, 0x6cb1, 0x6c91, 0x6c91, 0x6c91, 0x6491, 
	0x6491, 0x6491, 0x6492, 0x6492, 0x6492, 0x5c92, 0x5c92, 0x5c92, 0x5c92, 0x5c92, 0x5492, 0x5472, 0x5451, 0x5472, 0x5472, 0x5472, 
	0x5492, 0x5492, 0x4c72, 0x4c52, 0x4c72, 0x4c72, 0x4c93, 0x4c93, 0x4cb3, 0x4cb3, 0x4cb4, 0x4cd4, 0x4cb4, 0x4cd4, 0x54d4, 0x54f5, 
	0x54f5, 0x54f5, 0x54d4, 0x54d4, 0x54d4, 0x54f4, 0x54f4, 0x54f4, 0x54d4, 0x54d3, 0x54d4, 0x54d4, 0x54d3, 0x54d3, 0x5cd3, 0x5cd3, 
	0x5cd3, 0x5cd3, 0x5cd3, 0x5cf3, 0x64f3, 0x6514, 0x6514, 0x6513, 0x6d13, 0x6cf3, 0x6cf3, 0x6cf3, 0x6cf3, 0x74f3, 0x7513, 0x7513, 
	0x7d13, 0x7d34, 0x7d34, 0x7d34, 0x8554, 0x8d54, 0x8d75, 0x9596, 0x9dd7, 0xa618, 0xae39, 0xb679, 0xbe9a, 0xc6bb, 0xc6bc, 0xcefc, 
	0xd71d, 0xd73d, 0xd73e, 0xd75e, 0xdf5e, 0xdf7e, 0xdf7e, 0xdf7e, 0xdf7e, 0xdf7e, 0xdf7e, 0xdf7e, 0xdf7e, 0xdf7e, 0xdf7e, 0xdf7e, 
	0xdf5f, 0xd75e, 0xd73e, 0xd73e, 0xd73e, 0xd71d, 0xcedc, 0xcedc, 0xcedc, 0xc69b, 0xbe7b, 0xbe3a, 0xb5f8, 0xa576, 0x8c93, 0x73cf, 
	0xce79, 0x94d3, 0x638e, 0x7c72, 0x84d3, 0x8513, 0x8d34, 0x8d34, 0x8514, 0x8514, 0x8514, 0x7d13, 0x7d13, 0x7d13, 0x7d13, 0x7513, 
	0x7513, 0x7513, 0x74f3, 0x6d13, 0x6d13, 0x6d13, 0x6d13, 0x6d13, 0x64f3, 0x64f3, 0x64f3, 0x64f3, 0x64f3, 0x5cd3, 0x5cd3, 0x5cd3, 
	0x5cf4, 0x5cf4, 0x5cd3, 0x5cd3, 0x5cd4, 0x5cd4, 0x5cf4, 0x5cf4, 0x5cf4, 0x5cf4, 0x5cf4, 0x5d15, 0x5d15, 0x5d15, 0x5d35, 0x5d35, 
	0x5d35, 0x5d35, 0x5d35, 0x5d35, 0x5d35, 0x5d35, 0x5d35, 0x5d35, 0x5d15, 0x5d15, 0x5d15, 0x5d14, 0x6514, 0x6514, 0x6534, 0x6534, 
	0x6534, 0x6534, 0x6d35, 0x6d55, 0x6d54, 0x6d54, 0x7555, 0x7575, 0x7575, 0x7555, 0x7554, 0x7d75, 0x7d75, 0x7d75, 0x8575, 0x8595, 
	0x8595, 0x8d95, 0x8d95, 0x8db6, 0x95d6, 0x95d6, 0x9df7, 0xa618, 0xae39, 0xb679, 0xb67a, 0xbe9a, 0xc6bb, 0xc6dc, 0xcefc, 0xd71d, 
	0xd71d, 0xd73e, 0xd73e, 0xd73e, 0xdf5e, 0xdf5e, 0xdf5e, 0xdf5e, 0xdf5e, 0xdf5e, 0xdf5e, 0xdf5e, 0xdf5e, 0xdf5e, 0xdf5e, 0xdf5e, 
	0xdf7e, 0xe79f, 0xd73e, 0xd73e, 0xbe98, 0x95f2, 0x8dd1, 0x95d2, 0xae17, 0xbe7a, 0xbe59, 0xb639, 0xa618, 0x9db6, 0x84f3, 0x644f, 
	0x5c2e, 0x540d, 0x644f, 0x7cb2, 0x9555, 0x9d96, 0x9596, 0x9575, 0x9575, 0x8d75, 0x8d75, 0x8d75, 0x8575, 0x8554, 0x8554, 0x8574, 
	0x7d54, 0x7d54, 0x7d54, 0x7534, 0x7554, 0x7554, 0x7534, 0x7534, 0x6d34, 0x6d34, 0x6d34, 0x6d34, 0x6d34, 0x6534, 0x6514, 0x6514, 
	0x6514, 0x6514, 0x6514, 0x6514, 0x6514, 0x6515, 0x6515, 0x6535, 0x6535, 0x6535, 0x6535, 0x6555, 0x6555, 0x6556, 0x6576, 0x6576, 
	0x6576, 0x6576, 0x6576, 0x6576, 0x6576, 0x6576, 0x6576, 0x6576, 0x6576, 0x6575, 0x6555, 0x6d75, 0x6d75, 0x6d75, 0x6d75, 0x6d75, 
	0x6d75, 0x7575, 0x7575, 0x7595, 0x7595, 0x7d96, 0x7db6, 0x7db6, 0x7db6, 0x85b6, 0x85b6, 0x85b6, 0x85b6, 0x8db6, 0x8dd6, 0x8dd6, 
	0x95d6, 0x95d6, 0x95f7, 0x9e17, 0xa618, 0xa638, 0xae59, 0xae59, 0xb67a, 0xbe9a, 0xbe9b, 0xc6bb, 0xc6dc, 0xcedc, 0xcefd, 0xd71d, 
	0xd73d, 0xd73e, 0xd73e, 0xdf5e, 0xdf5e, 0xdf5e, 0xdf5e, 0xdf5e, 0xdf5e, 0xdf5e, 0xdf5e, 0xdf5e, 0xdf5e, 0xdf5e, 0xdf5e, 0xdf5e, 
	0x64d0, 0x8db5, 0x9df7, 0x9df4, 0x8d4b, 0x854b, 0x7d2c, 0x750c, 0x854c, 0x9dae, 0x9dcf, 0x8d6f, 0x64b0, 0x4c4f, 0x4c2d, 0x43eb, 
	0x4c0b, 0x542b, 0x544b, 0x4c2b, 0x6caf, 0x9db6, 0xa5d7, 0x9db6, 0x9db6, 0x9db6, 0x95b6, 0x95b6, 0x95b6, 0x8db6, 0x8db6, 0x8db6, 
	0x8d96, 0x8595, 0x8595, 0x8595, 0x8595, 0x7d95, 0x7d75, 0x7d75, 0x7575, 0x7575, 0x7575, 0x7575, 0x7575, 0x7555, 0x6d75, 0x6d55, 
	0x6d55, 0x6d55, 0x6d55, 0x6d55, 0x6d75, 0x6d75, 0x6d75, 0x6d76, 0x6d76, 0x6d76, 0x6d96, 0x6d96, 0x6d96, 0x6d96, 0x6d96, 0x6d96, 
	0x6d96, 0x6d96, 0x6d96, 0x6d96, 0x6d96, 0x6d96, 0x6db6, 0x6db6, 0x75b6, 0x75b6, 0x7596, 0x7596, 0x7596, 0x7596, 0x7596, 0x7596, 
	0x75b6, 0x7db6, 0x7db6, 0x7db6, 0x85d6, 0x85d6, 0x85d6, 0x85d6, 0x8dd6, 0x8df7, 0x8df7, 0x8df7, 0x95f7, 0x95f7, 0x95f7, 0x9e17, 
	0x9e17, 0x9e18, 0xa638, 0xa638, 0xae59, 0xae79, 0xb679, 0xbe9a, 0xbe9a, 0xc6bb, 0xc6bc, 0xcedc, 0xd71d, 0xd73e, 0xdf3e, 0xdf5e, 
	0xdf5f, 0xdf5f, 0xdf5e, 0xdf5e, 0xdf5e, 0xdf7f, 0xdf7f, 0xdf7f, 0xdf7f, 0xdf5f, 0xdf7f, 0xdf7f, 0xdf5f, 0xdf5f, 0xdf5e, 0xdf5e, 
	0x5c49, 0x43ea, 0x440c, 0x4c4a, 0x7d0b, 0x9d8d, 0x9dad, 0xae0e, 0xbe2e, 0xbe2d, 0xbe2d, 0x956d, 0x3bcc, 0x440d, 0x74cd, 0x74cb, 
	0x74ca, 0x7cca, 0x84eb, 0x74c9, 0x6c89, 0x7d4f, 0xae18, 0xae18, 0xa618, 0xa618, 0xa618, 0x9e18, 0x9e17, 0x9df7, 0x9df7, 0x95f7, 
	0x95f7, 0x95f7, 0x8df7, 0x8df7, 0x8dd6, 0x8dd6, 0x85d6, 0x85d6, 0x85b6, 0x85b6, 0x7db6, 0x7db6, 0x7db6, 0x7db6, 0x7db6, 0x7db6, 
	0x7596, 0x7596, 0x7596, 0x7596, 0x7596, 0x7596, 0x75b6, 0x75b6, 0x75b6, 0x75b6, 0x75b6, 0x75d7, 0x75b6, 0x75b7, 0x75d7, 0x75d7, 
	0x75b7, 0x75b7, 0x75b7, 0x75b7, 0x75b7, 0x75b7, 0x75d7, 0x75d7, 0x75d7, 0x75d7, 0x75b6, 0x7dd6, 0x7dd7, 0x7dd7, 0x7dd7, 0x7dd7, 
	0x7dd6, 0x85d7, 0x85f7, 0x85f7, 0x85f7, 0x8df7, 0x8df7, 0x8df7, 0x8e17, 0x9617, 0x9617, 0x9638, 0x9e38, 0x9e38, 0x9e58, 0xa658, 
	0xa659, 0xae59, 0xae59, 0xae59, 0xb679, 0xb69a, 0xbe9a, 0xbe9b, 0xc6bb, 0xc6dc, 0xcefd, 0xd71e, 0xbe9b, 0x9dd6, 0x8553, 0x7d32, 
	0x8574, 0xb67a, 0xc6dc, 0xae38, 0xcf1d, 0xcf1c, 0xcf1d, 0xc6db, 0xa635, 0x95f3, 0x9e13, 0xbe97, 0xdf5e, 0xd75e, 0xe77f, 0xdf7f, 
	0xa58a, 0x854b, 0x5cab, 0x546a, 0x5c8b, 0x7d0d, 0xa5cf, 0xc64f, 0xce8f, 0xce8e, 0xc66e, 0x7cee, 0x5c4d, 0x9d8d, 0xbe0d, 0xbdec, 
	0xa5ab, 0x9d6a, 0x956b, 0x8d4a, 0x954a, 0x852a, 0x9df4, 0xb65a, 0xb659, 0xae59, 0xae59, 0xae59, 0xa659, 0xa638, 0xa638, 0x9e38, 
	0x9e38, 0x9e38, 0x9e38, 0x9638, 0x9618, 0x9617, 0x9617, 0x8e17, 0x8e17, 0x8df7, 0x8df7, 0x85f7, 0x85f7, 0x85f7, 0x85f7, 0x85f7, 
	0x7df7, 0x7df7, 0x7dd7, 0x7dd6, 0x7dd6, 0x7dd6, 0x7dd6, 0x7dd7, 0x7dd7, 0x75d7, 0x75d7, 0x7dd7, 0x75d7, 0x75d7, 0x7dd7, 0x7dd7, 
	0x7dd6, 0x7dd7, 0x7dd7, 0x7dd7, 0x7dd7, 0x7dd7, 0x7dd7, 0x7dd7, 0x7dd7, 0x7dd7, 0x7dd7, 0x7dd7, 0x7dd7, 0x7df7, 0x85f7, 0x85f7, 
	0x85f7, 0x85f7, 0x8df7, 0x8df7, 0x8df7, 0x8e17, 0x9617, 0x9617, 0x9618, 0x9618, 0x9e38, 0x9e38, 0xa638, 0xa658, 0xa659, 0xae59, 
	0xae59, 0xb679, 0xb67a, 0xb69a, 0xbe9a, 0xbe9b, 0xc6bb, 0xc6dc, 0xcefd, 0xcefd, 0xd71e, 0x95b5, 0x544d, 0x4c0b, 0x4c0a, 0x43ea, 
	0x3bca, 0x4c0c, 0x5c70, 0x5470, 0x8570, 0x9dcf, 0xa5cf, 0x8d6d, 0x750b, 0x752c, 0x854b, 0x8d4b, 0x95d2, 0xa638, 0x9dd7, 0x7512, 
	0xa5ab, 0xa5cc, 0x8d6b, 0x7d2a, 0x5cab, 0x5c8d, 0x8d6e, 0x6cec, 0x7d4c, 0xa5ee, 0xbe70, 0x95af, 0xae0e, 0xce4e, 0xce70, 0xce71, 
	0xb5ec, 0xadab, 0x9d8c, 0x958d, 0x9d6b, 0x8d29, 0x854e, 0xa619, 0xc69b, 0xb67a, 0xb69a, 0xb67a, 0xb679, 0xae59, 0xae59, 0xa659, 
	0xa659, 0xa658, 0x9e38, 0x9e38, 0x9e38, 0x9e17, 0x9617, 0x9617, 0x9617, 0x8e17, 0x8e17, 0x8df7, 0x8df7, 0x8df7, 0x85f7, 0x85f7, 
	0x85f7, 0x85f7, 0x85f7, 0x7df8, 0x7dd8, 0x7df8, 0x7df8, 0x85f5, 0x85f5, 0x7df6, 0x7df7, 0x7df8, 0x7df7, 0x7df7, 0x7df6, 0x7df6, 
	0x7df9, 0x7df8, 0x7e19, 0x7e18, 0x7e18, 0x8618, 0x8617, 0x8617, 0x8617, 0x8617, 0x8617, 0x8617, 0x8617, 0x8e17, 0x8e17, 0x8e17, 
	0x8e17, 0x8e17, 0x9638, 0x9638, 0x9638, 0x9638, 0x9e38, 0x9e58, 0x9e58, 0xa658, 0xa659, 0xa679, 0xa679, 0xae79, 0xae79, 0xae7a, 
	0xb69a, 0xb69a, 0xbebb, 0xbebb, 0xc6dc, 0xc6dc, 0xcefd, 0xcf1d, 0xcf1d, 0xd73e, 0xa636, 0x648a, 0x6ca9, 0x7cea, 0x7cea, 0x74ca, 
	0x74ca, 0x74cc, 0x544c, 0x33ad, 0x7cec, 0xbe2d, 0xbe2d, 0xbe2d, 0xae0e, 0xa5cd, 0x9d8d, 0x8d4c, 0x5c6a, 0x442d, 0x3beb, 0x4c29, 
	0x9dac, 0x9dcc, 0x95ac, 0x858b, 0x5cc9, 0x54cb, 0x5ccc, 0x446a, 0x4c89, 0x64eb, 0x754d, 0x754e, 0x856e, 0x852d, 0xb632, 0xd6d7, 
	0xb5ee, 0xb5ed, 0xadee, 0xa5ef, 0x9d8c, 0x9549, 0x6cab, 0x7d55, 0xc6bc, 0xbebb, 0xbebb, 0xbe9b, 0xb69a, 0xb69a, 0xb69a, 0xae9a, 
	0xae9a, 0xae9a, 0xae7a, 0xae7a, 0xa67a, 0xa67a, 0xa67a, 0xa67a, 0x9e7a, 0x9e59, 0x9659, 0x9659, 0x9639, 0x963a, 0x9639, 0x8e38, 
	0x8e37, 0x8e36, 0x8e34, 0x8e12, 0x8e11, 0x8e11, 0x8e12, 0x8e2b, 0x9624, 0x9625, 0x8e32, 0x8618, 0x8e32, 0x9626, 0x9623, 0x8e2b, 
	0x8e32, 0x8e31, 0x8e31, 0x8e32, 0x8e34, 0x8e36, 0x8e37, 0x8e38, 0x8e39, 0x8e5a, 0x8e5a, 0x8e59, 0x9659, 0x9659, 0x967a, 0x967a, 
	0x967a, 0x9e7a, 0x9e7a, 0x9e7a, 0x9e7a, 0xa67a, 0xa679, 0xa679, 0xa679, 0xa679, 0xae99, 0xae9a, 0xae9a, 0xb6ba, 0xb6bb, 0xbebb, 
	0xbedb, 0xbedc, 0xc6dc, 0xc6fc, 0xcefd, 0xcf1d, 0xd71e, 0xd71e, 0xd71e, 0xbe9a, 0x854c, 0x8d29, 0x8d2a, 0x956b, 0x9d6a, 0x9d8a, 
	0xb5cc, 0xbe0d, 0xadcd, 0x6cad, 0x648d, 0xbe2e, 0xce8e, 0xd6af, 0xce6f, 0xb60f, 0x8d4e, 0x64ac, 0x546b, 0x546a, 0x7d0b, 0x9d8b, 
	0x8d8b, 0x8d8b, 0x858b, 0x754b, 0x5d0a, 0x652b, 0x5d2c, 0x5d0b, 0x5d0a, 0x5d0a, 0x5d0b, 0x54cb, 0x54cc, 0x5ccc, 0x6ced, 0x7d2f, 
	0x750e, 0x958e, 0xae0f, 0xae0f, 0x9dce, 0x956a, 0x6ca9, 0x95d7, 0xd71e, 0xcf1e, 0xcf1e, 0xc6fd, 0xcf1d, 0xc6fd, 0xbebb, 0xb6ba, 
	0xae79, 0xa656, 0x9e13, 0x95d1, 0x8dd1, 0x8db0, 0x8daf, 0x858f, 0x8590, 0x7d4c, 0x7d4b, 0x85ac, 0x962f, 0x964e, 0x964b, 0x9647, 
	0x9645, 0x9642, 0x9641, 0x9641, 0x9640, 0x9640, 0x9640, 0x9641, 0x9640, 0x9640, 0x9642, 0x9623, 0x9642, 0x9640, 0x9640, 0x9641, 
	0x9640, 0x9640, 0x9640, 0x9641, 0x9641, 0x9642, 0x9645, 0x9647, 0x964b, 0x964e, 0x962f, 0x85ac, 0x7d4b, 0x7d4c, 0x8590, 0x858e, 
	0x858f, 0x8db0, 0x8dd0, 0x8dd1, 0x95f3, 0x9e35, 0xa678, 0xae99, 0xaeba, 0xb6dc, 0xbedc, 0xbedc, 0xbefc, 0xbedb, 0xbedb, 0xc6dc, 
	0xc6fc, 0xcefd, 0xcf1d, 0xd71e, 0xd73e, 0xd71e, 0xd71e, 0xd73e, 0xcefd, 0x8d92, 0x8529, 0x956a, 0x958c, 0x9d8d, 0xa58b, 0xb5cb, 
	0xc64f, 0xce91, 0xce6e, 0xbe2e, 0x958f, 0xb630, 0xb64e, 0x8d8c, 0x750c, 0x856d, 0x6ced, 0x546b, 0x7d2a, 0x856b, 0x9dac, 0xadcc, 
	0x7d4b, 0x7d4b, 0x7d6b, 0x754c, 0x754c, 0x7d8e, 0x758e, 0x758d, 0x6d4c, 0x652b, 0x652c, 0x5d0b, 0x5d0b, 0x54ea, 0x4caa, 0x4c8b, 
	0x4c6c, 0x546c, 0x6ccc, 0x7d2d, 0x854d, 0x95ac, 0x7d2a, 0x8d91, 0xcefc, 0xb657, 0x9592, 0x95b1, 0x95d4, 0x8db0, 0x856b, 0x7507, 
	0x74c5, 0x74c5, 0x6cc4, 0x6ca3, 0x6ca3, 0x6ca3, 0x6ca3, 0x6cc2, 0x7521, 0x8581, 0x8de0, 0x8e00, 0x9620, 0x9620, 0x9640, 0x9640, 
	0x9640, 0x9640, 0x9640, 0x9640, 0x9641, 0x9641, 0x9641, 0x9640, 0x9641, 0x9641, 0x9640, 0x9640, 0x9640, 0x9641, 0x9641, 0x9640, 
	0x9641, 0x9640, 0x9641, 0x9640, 0x9640, 0x9640, 0x9640, 0x9640, 0x9640, 0x9640, 0x9620, 0x9620, 0x8de0, 0x8581, 0x7d21, 0x6cc2, 
	0x6ca3, 0x6c83, 0x6c83, 0x6ca3, 0x6cc4, 0x6cc5, 0x74c5, 0x7507, 0x7d4a, 0x8d8e, 0x9df1, 0x95cf, 0xa655, 0xc6fc, 0xcf3e, 0xd73e, 
	0xd73e, 0xd73e, 0xd71e, 0xd71e, 0xd73e, 0xd73e, 0xd73e, 0xdf5f, 0xa639, 0x64ad, 0x8509, 0x9d8b, 0x9dce, 0xadee, 0xb5ed, 0xb5ed, 
	0xce94, 0xceb6, 0x8d6d, 0x8d6e, 0x7d6e, 0x7d6e, 0x6d2c, 0x54a9, 0x446a, 0x5ccc, 0x5ccb, 0x54a9, 0x7d4a, 0x95cc, 0x95cc, 0x9dcc, 
	0x752b, 0x6d2b, 0x754c, 0x754c, 0x6d2c, 0x6d4c, 0x754d, 0x756c, 0x652c, 0x652c, 0x652c, 0x6d4d, 0x5d0b, 0x54ea, 0x4cab, 0x4c8b, 
	0x446b, 0x4c6b, 0x4c4b, 0x546b, 0x64cd, 0x7d6e, 0x754c, 0x6cea, 0x8d6d, 0x8529, 0x74e8, 0x8508, 0x6ca8, 0x5447, 0x750c, 0x854b, 
	0x6cc3, 0x6ca5, 0x6487, 0x5c87, 0x64a8, 0x7507, 0x8de2, 0x9641, 0x9643, 0x9660, 0x9641, 0x9e60, 0x9e60, 0x9660, 0x9641, 0x9641, 
	0x9641, 0x9641, 0x9641, 0x9641, 0x9641, 0x9641, 0x9641, 0x9641, 0x9641, 0x9641, 0x9641, 0x9641, 0x9641, 0x9641, 0x9641, 0x9641, 
	0x9641, 0x9641, 0x9641, 0x9641, 0x9641, 0x9641, 0x9641, 0x9641, 0x9641, 0x9641, 0x9641, 0x9641, 0x9641, 0x9660, 0x9641, 0x9621, 
	0x8de2, 0x8582, 0x7d23, 0x74e4, 0x6ca4, 0x6ca4, 0x6ca4, 0x6c84, 0x6ca3, 0x6c83, 0x6ca3, 0x6ca3, 0x6ca4, 0x7d08, 0x9df1, 0xb677, 
	0xcf1c, 0xd73e, 0xdf5f, 0xdf7f, 0xdf5f, 0xdf7f, 0xdf7f, 0xdf7f, 0xbe9c, 0x6ccc, 0x8d29, 0x9dad, 0xa5ef, 0xb60f, 0xa5cf, 0x852e, 
	0x7d30, 0x7d2e, 0x64cc, 0x5ccc, 0x54cc, 0x54eb, 0x5d0b, 0x5ce9, 0x5ceb, 0x5d0c, 0x652b, 0x5d0a, 0x6d2a, 0x858c, 0x8d8b, 0x8d8b, 
	0x6d2b, 0x5cea, 0x650b, 0x650b, 0x54ea, 0x650a, 0x6d2b, 0x650b, 0x650b, 0x650b, 0x5d0b, 0x652c, 0x654c, 0x5d2c, 0x4cab, 0x4cac, 
	0x4c8c, 0x446b, 0x446b, 0x444b, 0x444b, 0x548d, 0x6d0c, 0x6d0a, 0x854a, 0x956a, 0x8d4a, 0x8529, 0x7d09, 0x6cc8, 0x5c8a, 0x8573, 
	0x6ccb, 0x5449, 0x546a, 0x5c8a, 0x5c8a, 0x5caa, 0x6d28, 0x7da5, 0x752c, 0x9609, 0x9623, 0x7584, 0x6d26, 0x7d84, 0x9621, 0x9640, 
	0x9641, 0x9641, 0x9641, 0x9641, 0x9641, 0x9641, 0x9641, 0x9641, 0x9641, 0x9641, 0x9641, 0x9641, 0x9641, 0x9641, 0x9641, 0x9641, 
	0x9641, 0x9641, 0x9641, 0x9641, 0x9641, 0x9641, 0x9641, 0x9641, 0x9641, 0x9641, 0x9641, 0x9641, 0x9641, 0x9641, 0x9641, 0x9641, 
	0x9640, 0x9640, 0x9641, 0x8e01, 0x85c2, 0x8dc1, 0x8582, 0x7d43, 0x6cc4, 0x6ca5, 0x6cc4, 0x6cc4, 0x6cc4, 0x6ca3, 0x6ca2, 0x6ca4, 
	0x74e6, 0x8d6b, 0x9dd0, 0x9df5, 0x9df4, 0x95b2, 0xae35, 0xd73e, 0xa636, 0x752b, 0x958b, 0x8d6d, 0x852d, 0x750c, 0x5c8c, 0x548c, 
	0x4c8c, 0x4c8b, 0x54ca, 0x5d0b, 0x5d0b, 0x5d2c, 0x5d2b, 0x6d4c, 0x756d, 0x758e, 0x7d8e, 0x756c, 0x754c, 0x7d6c, 0x7d4b, 0x7d4b, 
	0x5cc9, 0x54c9, 0x54c9, 0x5cea, 0x5cea, 0x5cea, 0x64ea, 0x64ea, 0x5cea, 0x5cea, 0x5cc9, 0x5cca, 0x650b, 0x6d4c, 0x5d0c, 0x54cc, 
	0x54ac, 0x448b, 0x4c8b, 0x3c4b, 0x3c2a, 0x3c0c, 0x548b, 0x4c6a, 0x6cea, 0x854a, 0x852a, 0x8529, 0x7d09, 0x7d09, 0x74a8, 0x4c2b, 
	0x546d, 0x6ceb, 0x6d0a, 0x752a, 0x6ce9, 0x6ce9, 0x64c9, 0x5ca8, 0x444a, 0x4c4e, 0x444a, 0x33cc, 0x3c0c, 0x442b, 0x6526, 0x9640, 
	0x9640, 0x9640, 0x9641, 0x9641, 0x9641, 0x9641, 0x9641, 0x9641, 0x9641, 0x9641, 0x9641, 0x9641, 0x9641, 0x9641, 0x9641, 0x9641, 
	0x9641, 0x9641, 0x9641, 0x9641, 0x9641, 0x9641, 0x9641, 0x9641, 0x9641, 0x9641, 0x9641, 0x9641, 0x9641, 0x9641, 0x9641, 0x9641, 
	0x9641, 0x9621, 0x9640, 0x9e60, 0x9e60, 0x9640, 0x9640, 0x9621, 0x7d63, 0x74e4, 0x6cc6, 0x64a7, 0x6487, 0x6487, 0x6ca6, 0x6ca4, 
	0x7d08, 0x854d, 0x5447, 0x6488, 0x7ce8, 0x74e8, 0x7d08, 0x958c, 0x6d0b, 0x6d2b, 0x7d6e, 0x6d0d, 0x5c8b, 0x4c4b, 0x4c6b, 0x446b, 
	0x4c8b, 0x4cab, 0x4cca, 0x550b, 0x654c, 0x654c, 0x652c, 0x652c, 0x6d4c, 0x756d, 0x6d4c, 0x6d4c, 0x6d4c, 0x754c, 0x6d2b, 0x6d2b, 
	0x54a9, 0x4ca8, 0x4ca9, 0x4ca9, 0x54c9, 0x5cea, 0x650a, 0x7d6d, 0x5cea, 0x54c9, 0x4ca8, 0x54a9, 0x5cc9, 0x650a, 0x5ceb, 0x4cab, 
	0x54cc, 0x4cac, 0x4c8b, 0x444b, 0x33eb, 0x3c4b, 0x442b, 0x340a, 0x3c4a, 0x4469, 0x5c89, 0x7d0a, 0x958c, 0x854a, 0x7d0a, 0x64cc, 
	0x752c, 0x6d0b, 0x6d0b, 0x6d0a, 0x7d2a, 0x7d4a, 0x6d09, 0x5cc8, 0x4c69, 0x2b8c, 0x33cc, 0x4c6a, 0x5ce9, 0x5cc9, 0x4469, 0x6505, 
	0x9603, 0x9643, 0x9640, 0x9640, 0x9640, 0x9641, 0x9641, 0x9641, 0x9641, 0x9641, 0x9641, 0x9641, 0x9641, 0x9641, 0x9641, 0x9641, 
	0x9641, 0x9641, 0x9641, 0x9641, 0x9641, 0x9641, 0x9641, 0x9641, 0x9641, 0x9641, 0x9641, 0x9641, 0x9641, 0x9641, 0x9641, 0x9641, 
	0x9621, 0x9640, 0x85e3, 0x6d46, 0x7564, 0x8e02, 0x9e47, 0x7d6b, 0x7d87, 0x7546, 0x5caa, 0x5c8a, 0x5c8a, 0x546a, 0x4c4a, 0x5c69, 
	0x8551, 0x64cd, 0x6488, 0x7d08, 0x7d29, 0x854a, 0x8d6a, 0x8d6a, 0x752a, 0x6d2b, 0x5cae, 0x444c, 0x444b, 0x446b, 0x4c6b, 0x4c8c, 
	0x4cac, 0x4cab, 0x550b, 0x654d, 0x654c, 0x650b, 0x650b, 0x650b, 0x650b, 0x650b, 0x650b, 0x54ea, 0x650b, 0x652b, 0x5cea, 0x6d0b, 
	0x4cc9, 0x4ca9, 0x4ca8, 0x4c88, 0x4ca9, 0x4c89, 0x54cb, 0x9e33, 0x858f, 0x54c9, 0x54c9, 0x5cc9, 0x54a9, 0x54c9, 0x54c9, 0x4c89, 
	0x4cab, 0x54ec, 0x54cc, 0x446b, 0x340b, 0x3c2c, 0x442c, 0x3c0b, 0x3c4a, 0x3c69, 0x3408, 0x5cab, 0xb653, 0x854b, 0x6ceb, 0x64cc, 
	0x548b, 0x446b, 0x444b, 0x4c6b, 0x64cb, 0x7d4b, 0x7d6c, 0x752a, 0x546b, 0x3bcc, 0x54aa, 0x5cc9, 0x64ea, 0x650a, 0x54ca, 0x3c2a, 
	0x4c6c, 0x754f, 0x85c7, 0x85e5, 0x9641, 0x9640, 0x9641, 0x9641, 0x9641, 0x9641, 0x9641, 0x9641, 0x9641, 0x9641, 0x9641, 0x9641, 
	0x9641, 0x9641, 0x9641, 0x9641, 0x9641, 0x9641, 0x9641, 0x9641, 0x9641, 0x9641, 0x9641, 0x9641, 0x9641, 0x9641, 0x9640, 0x9640, 
	0x9e60, 0x75a4, 0x444a, 0x3c0c, 0x33cc, 0x440a, 0x5c8d, 0x442d, 0x54a8, 0x64c9, 0x6ce9, 0x6ce9, 0x750a, 0x6d0a, 0x6cea, 0x5cac, 
	0x440c, 0x6489, 0x7ce8, 0x7d09, 0x7d29, 0x852a, 0x854a, 0x7d2a, 0x548a, 0x548b, 0x442c, 0x340b, 0x3c4a, 0x448b, 0x446b, 0x4cac, 
	0x54cc, 0x54ec, 0x6d4d, 0x6d2c, 0x5cea, 0x5cc9, 0x5cea, 0x5cea, 0x64ea, 0x650a, 0x5cea, 0x54ea, 0x5cea, 0x54c9, 0x54c9, 0x5cc9, 
	0x4c88, 0x4ca9, 0x4469, 0x3c49, 0x3c29, 0x3c2a, 0x3c2a, 0x5cad, 0x548c, 0x444a, 0x446a, 0x54a9, 0x54c9, 0x5cc9, 0x5cc9, 0x54a9, 
	0x4c8a, 0x4cab, 0x54cc, 0x4cab, 0x44aa, 0x54cb, 0x6d2e, 0x64ed, 0x5ceb, 0x5ce9, 0x4488, 0x54ca, 0x754c, 0x548b, 0x4c6b, 0x4c8b, 
	0x446b, 0x446a, 0x3c2a, 0x3c2b, 0x3c2c, 0x4c6c, 0x6d2c, 0x858c, 0x64ac, 0x5cad, 0x8d8d, 0x856c, 0x7d4b, 0x7d4c, 0x858d, 0x856d, 
	0x5cad, 0x54cd, 0x5d2d, 0x654e, 0x7dc9, 0x9640, 0x9641, 0x9641, 0x9641, 0x9641, 0x9641, 0x9641, 0x9641, 0x9641, 0x9641, 0x9641, 
	0x9641, 0x9641, 0x9641, 0x9641, 0x9641, 0x9641, 0x9641, 0x9641, 0x9641, 0x9641, 0x9641, 0x9641, 0x9640, 0x9640, 0x9642, 0x9643, 
	0x7584, 0x4488, 0x54a9, 0x64e9, 0x54aa, 0x33eb, 0x2b8c, 0x3c0a, 0x5cc7, 0x64e9, 0x7d2a, 0x7d4a, 0x752a, 0x6d0a, 0x6d0b, 0x752c, 
	0x6ccc, 0x74ea, 0x852a, 0x8d6b, 0x8d4c, 0x6489, 0x4c69, 0x444a, 0x340a, 0x3c2b, 0x444b, 0x340b, 0x3c2b, 0x4c8b, 0x4cac, 0x54cc, 
	0x4cab, 0x54cb, 0x650b, 0x5cc9, 0x54c9, 0x4ca8, 0x54c9, 0x5cca, 0x754c, 0x6d2b, 0x5cea, 0x5cea, 0x54a9, 0x4ca9, 0x4ca8, 0x4ca9, 
	0x3c48, 0x3c49, 0x3c4a, 0x340a, 0x3409, 0x3409, 0x3409, 0x3409, 0x340a, 0x3c2b, 0x340b, 0x3c2a, 0x4c6a, 0x54aa, 0x5cca, 0x5ccb, 
	0x54aa, 0x5caa, 0x54aa, 0x54eb, 0x5d0b, 0x652b, 0x758d, 0x7d8d, 0x5cea, 0x4cc9, 0x54e9, 0x4cc9, 0x4cc9, 0x5d0c, 0x5ceb, 0x448b, 
	0x448a, 0x4caa, 0x446a, 0x3c49, 0x3c4b, 0x340b, 0x650f, 0xae74, 0x7d6f, 0x85af, 0x9e0f, 0x9dcf, 0x95ad, 0x8d8d, 0x8d8d, 0x8dad, 
	0x7d8e, 0x758e, 0x756e, 0x6d8d, 0x652d, 0x85c5, 0x9640, 0x9641, 0x9641, 0x9641, 0x9641, 0x9641, 0x9641, 0x9641, 0x9641, 0x9641, 
	0x9641, 0x9641, 0x9641, 0x9641, 0x9641, 0x9641, 0x9641, 0x9641, 0x9641, 0x9641, 0x9641, 0x9640, 0x8e03, 0x8605, 0x858d, 0x5cce, 
	0x3c2a, 0x4c89, 0x650a, 0x650a, 0x5cc9, 0x54aa, 0x3c0c, 0x440b, 0x750a, 0x7d6b, 0x7d6b, 0x6d0b, 0x548a, 0x444b, 0x444b, 0x4c8b, 
	0x5ccc, 0x6ceb, 0x750a, 0xb652, 0x856f, 0x3407, 0x3c49, 0x3c69, 0x3c2b, 0x442b, 0x444c, 0x340b, 0x3c4b, 0x4cab, 0x54ec, 0x54cb, 
	0x4c89, 0x4ca9, 0x54c9, 0x54c9, 0x5cc9, 0x54c9, 0x54c9, 0x6d2c, 0xa654, 0x6d2d, 0x4c89, 0x4caa, 0x4c88, 0x4c88, 0x4ca9, 0x4cc9, 
	0x3428, 0x3c49, 0x3c49, 0x3c49, 0x3c49, 0x3428, 0x3c29, 0x3409, 0x3429, 0x3c2a, 0x3c4a, 0x340a, 0x33eb, 0x3c0b, 0x4c6b, 0x54ab, 
	0x548b, 0x5cab, 0x5cea, 0x650b, 0x652c, 0x652b, 0x652c, 0x654c, 0x54ea, 0x4488, 0x44a8, 0x44a9, 0x4cca, 0x652c, 0x5d0c, 0x4cca, 
	0x44a9, 0x44a9, 0x44a9, 0x4489, 0x448a, 0x3c4a, 0x54ae, 0x85b1, 0x6d4d, 0x85af, 0x95f0, 0x95cf, 0x8dce, 0x7d8c, 0x7d6c, 0x8d8d, 
	0x8dcf, 0x9631, 0x8e11, 0x75af, 0x54cd, 0x444d, 0x7585, 0x9640, 0x9641, 0x9641, 0x9641, 0x9641, 0x9641, 0x9641, 0x9641, 0x9641, 
	0x9641, 0x9641, 0x9641, 0x9641, 0x9641, 0x9641, 0x9641, 0x9641, 0x9641, 0x9641, 0x9640, 0x8605, 0x6d6d, 0x652d, 0x5ced, 0x548d, 
	0x752d, 0x858d, 0x7d4c, 0x7d2b, 0x7d4b, 0x8d8c, 0x6ced, 0x546c, 0x7d6c, 0x756c, 0x54ac, 0x444c, 0x3c2b, 0x3c2a, 0x3c4a, 0x446b, 
	0x446b, 0x548b, 0x546b, 0x752c, 0x650c, 0x3c88, 0x54c9, 0x5cea, 0x64cc, 0x6d2e, 0x5cec, 0x44aa, 0x44aa, 0x54cc, 0x4cab, 0x4c8a, 
	0x4ca9, 0x54c9, 0x5cc9, 0x54c9, 0x5cc9, 0x4c8a, 0x446a, 0x4c6b, 0x64ce, 0x444b, 0x3c2a, 0x3c2a, 0x3c49, 0x4469, 0x4ca9, 0x4ca8, 
	0x3c67, 0x3c67, 0x3c87, 0x3c67, 0x3c88, 0x3c87, 0x3c68, 0x3429, 0x3429, 0x3429, 0x3c4a, 0x3c4a, 0x3c4a, 0x444b, 0x4c6b, 0x5ccb, 
	0x64eb, 0x5cac, 0x64eb, 0x6d0b, 0x754c, 0x756d, 0x6d2c, 0x652c, 0x654c, 0x5d0b, 0x4cc9, 0x44a9, 0x44a9, 0x652c, 0x5d2c, 0x54ea, 
	0x4cca, 0x4cc9, 0x4489, 0x3c88, 0x3c88, 0x3c89, 0x3c49, 0x3c69, 0x44a9, 0x5d0b, 0x756d, 0x6d4c, 0x6d2b, 0x650a, 0x650a, 0x754c, 
	0x8dce, 0x9e31, 0xa672, 0x8e11, 0x758f, 0x5cce, 0x54ac, 0x8e21, 0x9640, 0x9641, 0x9641, 0x9641, 0x9641, 0x9641, 0x9641, 0x9641, 
	0x9641, 0x9641, 0x9641, 0x9641, 0x9641, 0x9641, 0x9641, 0x9641, 0x9641, 0x9640, 0x8e02, 0x6d4c, 0x6d6e, 0x6d6e, 0x758e, 0x7d8e, 
	0x8dad, 0x8dad, 0x8d6c, 0x8d8d, 0x95ce, 0x9def, 0x8dcf, 0x754e, 0x9e12, 0x85b1, 0x3c0b, 0x3c2b, 0x3c4a, 0x3c69, 0x4c8a, 0x448a, 
	0x446b, 0x54cb, 0x650c, 0x4cca, 0x44a9, 0x54e9, 0x54c9, 0x54e9, 0x756c, 0x7dae, 0x654c, 0x5d0b, 0x54eb, 0x54ab, 0x5caa, 0x548a, 
	0x5caa, 0x64cb, 0x5cca, 0x4c8a, 0x442a, 0x3c0a, 0x3c0b, 0x3c0a, 0x3409, 0x3409, 0x3409, 0x3409, 0x3409, 0x3c4a, 0x444a, 0x3c49
};


// ===== NORMAL IMAGE =====
const uint16_t epd_bitmap_NORMAL [] PROGMEM = {
	0xbf5d, 0xbf5d, 0xbf5d, 0xbf5d, 0xbf5d, 0xbf5d, 0xbf5d, 0xbf5d, 0xbf5d, 0xbf5d, 0xbf5d, 0xbf5d, 0xbf5d, 0xbf5d, 0xbf5d, 0xbf5d, 
	0xbf5d, 0xbf5d, 0xbf5d, 0xbf5d, 0xbf5d, 0xbf5d, 0xbf5d, 0xbf5d, 0xbf5d, 0xbf5d, 0xbf5d, 0xbf5d, 0xbf5d, 0xbf5d, 0xbf5d, 0xbf5d, 
	0xbf5d, 0xbf5d, 0xbf5d, 0xbf5d, 0xbf5d, 0xbf5d, 0xbf5d, 0xbf5d, 0xbf5d, 0xbf5d, 0xbf5d, 0xbf5d, 0xbf5d, 0xbf5d, 0xbf5d, 0xbf5d, 
	0xbf5d, 0xbf5d, 0xbf5d, 0xbf5d, 0xbf5d, 0xbf5d, 0xbf5d, 0xbf5d, 0xbf5d, 0xbf5d, 0xbf5d, 0xbf5d, 0xbf5d, 0xbf5d, 0xbf5d, 0xbf5d, 
	0xbf5d, 0xbf5d, 0xbf5d, 0xbf5d, 0xbf5d, 0xbf5d, 0xbf5d, 0xbf5d, 0xbf5d, 0xbf5d, 0xbf5d, 0xbf5d, 0xbf5d, 0xbf5d, 0xbf5d, 0xbf5d, 
	0xbf5d, 0xbf5d, 0xbf5d, 0xbf5d, 0xbf5d, 0xbf5d, 0xbf5d, 0xbf5d, 0xbf5d, 0xbf5d, 0xbf5d, 0xbf5d, 0xbf5d, 0xbf5d, 0xbf5d, 0xbf5d, 
	0xbf5d, 0xbf5d, 0xbf5d, 0xbf5d, 0xbf5d, 0xbf5d, 0xbf5d, 0xbf5d, 0xbf5d, 0xbf5d, 0xbf5d, 0xbf5d, 0xbf5d, 0xbf5d, 0xbf5d, 0xbf5d, 
	0xbf5d, 0xbf5d, 0xbf5d, 0xbf5d, 0xbf5d, 0xbf5d, 0xbf5d, 0xbf5d, 0xbf5d, 0xbf5d, 0xbf5d, 0xbf5d, 0xbf5d, 0xbf5d, 0xbf5d, 0xbf5d, 
	0xbf5d, 0xbf5d, 0xbf5d, 0xbf5d, 0xbf5d, 0xbf5d, 0xbf5d, 0xbf5d, 0xbf5d, 0xbf5d, 0xbf5d, 0xbf5d, 0xbf5d, 0xbf5d, 0xbf5d, 0xbf5d, 
	0xbf5d, 0xbf5d, 0xbf5d, 0xbf5d, 0xbf5d, 0xbf5d, 0xbf5d, 0xbf5d, 0xbf5d, 0xbf5d, 0xbf5d, 0xbf5d, 0xbf5d, 0xbf5d, 0xbf5d, 0xbf5d, 
	0xbf5d, 0xbf5d, 0xbf5d, 0xbf5d, 0xbf5d, 0xbf5d, 0xbf5d, 0xbf5d, 0xbf5d, 0xbf5d, 0xbf5d, 0xbf5d, 0xbf5d, 0xbf5d, 0xbf5d, 0xbf5d, 
	0xbf5d, 0xbf5d, 0xbf5d, 0xbf5d, 0xbf5d, 0xbf5d, 0xbf5d, 0xbf5d, 0xbf5d, 0xbf5d, 0xbf5d, 0xbf5d, 0xbf5d, 0xbf5d, 0xbf5d, 0xbf5d, 
	0xbf5d, 0xbf5d, 0xbf5d, 0xbf5d, 0xbf5d, 0xbf5d, 0xbf5d, 0xbf5d, 0xbf5d, 0xbf5d, 0xbf5d, 0xbf5d, 0xbf5d, 0xbf5d, 0xbf5d, 0xbf5d, 
	0xbf5d, 0xbf5d, 0xbf5d, 0xbf5d, 0xbf5d, 0xbf5d, 0xbf5d, 0xbf5d, 0xbf5d, 0xbf5d, 0xbf5d, 0xbf5d, 0xbf5d, 0xbf5d, 0xbf5d, 0xbf5d, 
	0xbf5d, 0xbf5d, 0xbf5d, 0xbf5d, 0xbf5d, 0xbf5d, 0xbf5d, 0xbf5d, 0xbf5d, 0xbf5d, 0xbf5d, 0xbf5d, 0xbf5d, 0xbf5d, 0xbf5d, 0xbf5d, 
	0xbf5d, 0xbf5d, 0xbf5d, 0xbf5d, 0xbf5d, 0xbf5d, 0xbf5d, 0xbf5d, 0xbf5d, 0xbf5d, 0xbf5d, 0xbf5d, 0xbf5d, 0xbf5d, 0xbf5d, 0xbf5d, 
	0xbf5d, 0xbf5d, 0xbf5d, 0xbf5d, 0xbf5d, 0xbf5d, 0xbf5d, 0xbf5d, 0xbf5d, 0xbf5d, 0xbf5d, 0xbf5d, 0xbf5d, 0xbf5d, 0xbf5d, 0xbf5d, 
	0xbf5d, 0xbf5d, 0xbf5d, 0xbf5d, 0xbf5d, 0xbf5d, 0xbf5d, 0xbf5d, 0xbf5d, 0xbf5d, 0xbf5d, 0xbf5d, 0xbf5d, 0xbf5d, 0xbf5d, 0xbf5d, 
	0xbf5d, 0xbf5d, 0xbf5d, 0xbf5d, 0xbf5d, 0xbf5d, 0xbf5d, 0xbf5d, 0xbf5d, 0xbf5d, 0xbf5d, 0xbf5d, 0xbf5d, 0xbf5d, 0xbf5d, 0xbf5d, 
	0xbf5d, 0xbf5d, 0xbf5d, 0xbf5d, 0xbf5d, 0xbf5d, 0xbf5d, 0xbf5d, 0xbf5c, 0xbf5c, 0xbf5c, 0xbf5c, 0xbf5c, 0xbf5c, 0xbf5c, 0xbf5c, 
	0xbf5c, 0xbf5c, 0xbf5c, 0xbf5c, 0xbf5c, 0xbf5d, 0xbf5d, 0xbf5d, 0xbf5d, 0xbf5d, 0xbf5d, 0xbf5d, 0xbf5d, 0xbf5d, 0xbf5d, 0xbf5d, 
	0xbf5d, 0xbf5d, 0xbf5d, 0xbf5d, 0xbf5d, 0xbf5d, 0xbf5d, 0xbf5d, 0xbf5d, 0xbf5d, 0xbf5d, 0xbf5d, 0xbf5d, 0xbf5d, 0xbf5d, 0xbf5d, 
	0xbf5d, 0xbf5d, 0xbf5d, 0xbf5d, 0xbf5d, 0xbf5d, 0xbf5d, 0xbf5d, 0xbf5d, 0xbf5d, 0xbf5d, 0xbf5d, 0xbf5d, 0xbf5d, 0xbf5d, 0xbf5d, 
	0xbf5d, 0xbf5d, 0xbf5d, 0xbf5d, 0xbf5d, 0xbf5d, 0xbf5d, 0xbf5d, 0xbf5d, 0xbf5d, 0xbf5d, 0xbf5d, 0xbf5d, 0xbf5d, 0xbf5d, 0xbf5d, 
	0xbf5d, 0xbf5d, 0xbf5d, 0xbf5d, 0xbf5d, 0xbf5d, 0xbf5d, 0xbf5d, 0xbf5d, 0xbf5d, 0xbf5d, 0xbf5d, 0xbf5d, 0xbf5d, 0xbf5d, 0xbf5d, 
	0xbf5d, 0xbf5d, 0xbf5d, 0xbf5d, 0xbf5d, 0xbf5d, 0xbf5d, 0xbf5d, 0xbf5d, 0xbf5d, 0xbf5d, 0xbf5d, 0xbf5d, 0xbf5d, 0xbf5d, 0xbf5d, 
	0xbf5d, 0xbf5d, 0xbf5d, 0xbf5d, 0xbf5d, 0xbf5d, 0xbf5d, 0xbf5d, 0xbf5d, 0xbf5d, 0xbf5d, 0xbf5d, 0xbf5d, 0xbf5d, 0xbf5d, 0xbf5d, 
	0xbf5c, 0xbf5c, 0xbf5c, 0xbf5c, 0xbf3c, 0xbf3c, 0xbf3c, 0xbf3c, 0xb73c, 0xb73c, 0xb73c, 0xb73c, 0xb73c, 0xb73c, 0xb73c, 0xb73c, 
	0xb73c, 0xb73c, 0xb73c, 0xb73c, 0xb73c, 0xbf3c, 0xbf3c, 0xbf3c, 0xbf3c, 0xbf5c, 0xbf5c, 0xbf5c, 0xbf5c, 0xbf5d, 0xbf5d, 0xbf5d, 
	0xbf5d, 0xbf5d, 0xbf5d, 0xbf5d, 0xbf5d, 0xbf5d, 0xbf5d, 0xbf5d, 0xbf5d, 0xbf5d, 0xbf5d, 0xbf5d, 0xbf5d, 0xbf5d, 0xbf5d, 0xbf5d, 
	0xbf5d, 0xbf5d, 0xbf5d, 0xbf5d, 0xbf5d, 0xbf5d, 0xbf5d, 0xbf5d, 0xbf5d, 0xbf5d, 0xbf5d, 0xbf5d, 0xbf5d, 0xbf5d, 0xbf5d, 0xbf5d, 
	0xbf5d, 0xbf5d, 0xbf5d, 0xbf5d, 0xbf5d, 0xbf5d, 0xbf5d, 0xbf5d, 0xbf5d, 0xbf5d, 0xbf5d, 0xbf5d, 0xbf5d, 0xbf5d, 0xbf5d, 0xbf5d, 
	0xbf5d, 0xbf5d, 0xbf5d, 0xbf5d, 0xbf5d, 0xbf5d, 0xbf5d, 0xbf5d, 0xbf5d, 0xbf5d, 0xbf5d, 0xbf5d, 0xbf5d, 0xbf5d, 0xbf5d, 0xbf5d, 
	0xbf5d, 0xbf5d, 0xbf5d, 0xbf5d, 0xbf5d, 0xbf5d, 0xbf5d, 0xbf5d, 0xbf5d, 0xbf5d, 0xbf5d, 0xbf5d, 0xbf5d, 0xbf5d, 0xbf5d, 0xbf5d, 
	0xbf5d, 0xbf5d, 0xbf5d, 0xbf5d, 0xbf5d, 0xbf5d, 0xbf5d, 0xbf5d, 0xbf5d, 0xbf5d, 0xbf5d, 0xbf5d, 0xbf5c, 0xbf5c, 0xbf3c, 0xbf3c, 
	0xbf3c, 0xb73c, 0xb73c, 0xb73b, 0xb73b, 0xb71b, 0xb71b, 0xb71b, 0xb71b, 0xb71b, 0xb71b, 0xb71b, 0xaf1b, 0xaf1b, 0xaf1b, 0xaf1b, 
	0xaf1b, 0xb71b, 0xb71b, 0xb71b, 0xb71b, 0xb71b, 0xb71b, 0xb71b, 0xb73b, 0xb73b, 0xb73c, 0xb73c, 0xbf3c, 0xbf3c, 0xbf3c, 0xbf5c, 
	0xbf5c, 0xbf5c, 0xbf5d, 0xbf5d, 0xbf5d, 0xbf5d, 0xbf5d, 0xbf5d, 0xbf5d, 0xbf5d, 0xbf5d, 0xbf5d, 0xbf5d, 0xbf5d, 0xbf5d, 0xbf5d, 
	0xbf5d, 0xbf5d, 0xbf5d, 0xbf5d, 0xbf5d, 0xbf5d, 0xbf5d, 0xbf5d, 0xbf5d, 0xbf5d, 0xbf5d, 0xbf5d, 0xbf5d, 0xbf5d, 0xbf5d, 0xbf5d, 
	0xbf5d, 0xbf5d, 0xbf5d, 0xbf5d, 0xbf5d, 0xbf5d, 0xbf5d, 0xbf5d, 0xbf5d, 0xbf5d, 0xbf5d, 0xbf5d, 0xbf5d, 0xbf5d, 0xbf5d, 0xbf5d, 
	0xbf5d, 0xbf5d, 0xbf5d, 0xbf5d, 0xbf5d, 0xbf5d, 0xbf5d, 0xbf5d, 0xbf5d, 0xbf5d, 0xbf5d, 0xbf5d, 0xbf5d, 0xbf5d, 0xbf5d, 0xbf5d, 
	0xbf5d, 0xbf5d, 0xbf5d, 0xbf5d, 0xbf5d, 0xbf5d, 0xbf5d, 0xbf5d, 0xbf5d, 0xbf5d, 0xbf5d, 0xbf5d, 0xbf5d, 0xbf5d, 0xbf5d, 0xbf5d, 
	0xbf5d, 0xbf5d, 0xbf5d, 0xbf5d, 0xbf5d, 0xbf5d, 0xbf5d, 0xbf5d, 0xbf5c, 0xbf5c, 0xbf3c, 0xbf3c, 0xb73c, 0xb73c, 0xb73b, 0xb71b, 
	0xb71b, 0xb71b, 0xaf1b, 0xaf1b, 0xaf1b, 0xaf1b, 0xaf1a, 0xaf1a, 0xaefa, 0xaefa, 0xaefa, 0xaefa, 0xaefa, 0xaefa, 0xaefa, 0xaefa, 
	0xaefa, 0xaefa, 0xaefa, 0xaefa, 0xaefa, 0xaf1a, 0xaf1a, 0xaf1b, 0xaf1b, 0xaf1b, 0xaf1b, 0xb71b, 0xb71b, 0xb71b, 0xb73b, 0xb73c, 
	0xb73c, 0xbf3c, 0xbf3c, 0xbf5c, 0xbf5c, 0xbf5d, 0xbf5d, 0xbf5d, 0xbf5d, 0xbf5d, 0xbf5d, 0xbf5d, 0xbf5d, 0xbf5d, 0xbf5d, 0xbf5d, 
	0xbf5d, 0xbf5d, 0xbf5d, 0xbf5d, 0xbf5d, 0xbf5d, 0xbf5d, 0xbf5d, 0xbf5d, 0xbf5d, 0xbf5d, 0xbf5d, 0xbf5d, 0xbf5d, 0xbf5d, 0xbf5d, 
	0xbf5d, 0xbf5d, 0xbf5d, 0xbf5d, 0xbf5d, 0xbf5d, 0xbf5d, 0xbf5d, 0xbf5d, 0xbf5d, 0xbf5d, 0xbf5d, 0xbf5d, 0xbf5d, 0xbf5d, 0xbf5d, 
	0xbf5d, 0xbf5d, 0xbf5d, 0xbf5d, 0xbf5d, 0xbf5d, 0xbf5d, 0xbf5d, 0xbf5d, 0xbf5d, 0xbf5d, 0xbf5d, 0xbf5d, 0xbf5d, 0xbf5d, 0xbf5d, 
	0xbf5d, 0xbf5d, 0xbf5d, 0xbf5d, 0xbf5d, 0xbf5d, 0xbf5d, 0xbf5d, 0xbf5d, 0xbf5d, 0xbf5d, 0xbf5d, 0xbf5d, 0xbf5d, 0xbf5d, 0xbf5d, 
	0xbf5d, 0xbf5d, 0xbf5d, 0xbf5d, 0xbf5d, 0xbf5c, 0xbf3c, 0xbf3c, 0xb73c, 0xb73c, 0xb73b, 0xb71b, 0xb71b, 0xaf1b, 0xaf1b, 0xaf1b, 
	0xaefa, 0xaefa, 0xaefa, 0xa6fa, 0xa6fa, 0xa6fa, 0xa6fa, 0xa6fa, 0xa6fa, 0xa6fa, 0xa6fa, 0xa6fa, 0xa6fa, 0xa6fa, 0xa6fa, 0xa6fa, 
	0xa6fa, 0xa6fa, 0xa6fa, 0xa6fa, 0xa6fa, 0xa6fa, 0xa6fa, 0xa6fa, 0xa6fa, 0xa6fa, 0xaefa, 0xaefa, 0xaefa, 0xaf1a, 0xaf1b, 0xaf1b, 
	0xb71b, 0xb71b, 0xb73b, 0xb73c, 0xb73c, 0xbf3c, 0xbf3c, 0xbf5c, 0xbf5d, 0xbf5d, 0xbf5d, 0xbf5d, 0xbf5d, 0xbf5d, 0xbf5d, 0xbf5d, 
	0xbf5d, 0xbf5d, 0xbf5d, 0xbf5d, 0xbf5d, 0xbf5d, 0xbf5d, 0xbf5d, 0xbf5d, 0xbf5d, 0xbf5d, 0xbf5d, 0xbf5d, 0xbf5d, 0xbf5d, 0xbf5d, 
	0xbf5d, 0xbf5d, 0xbf5d, 0xbf5d, 0xbf5d, 0xbf5d, 0xbf5d, 0xbf5d, 0xbf5d, 0xbf5d, 0xbf5d, 0xbf5d, 0xbf5d, 0xbf5d, 0xbf5d, 0xbf5d, 
	0xbf5d, 0xbf5d, 0xbf5d, 0xbf5d, 0xbf5d, 0xbf5d, 0xbf5d, 0xbf5d, 0xbf5d, 0xbf5d, 0xbf5d, 0xbf5d, 0xbf5d, 0xbf5d, 0xbf5d, 0xbf5d, 
	0xbf5d, 0xbf5d, 0xbf5d, 0xbf5d, 0xbf5d, 0xbf5d, 0xbf5d, 0xbf5d, 0xbf5d, 0xbf5d, 0xbf5d, 0xbf5d, 0xbf5d, 0xbf5d, 0xbf5d, 0xbf5d, 
	0xbf5d, 0xbf5d, 0xbf5c, 0xbf5c, 0xbf3c, 0xb73c, 0xb73c, 0xb71b, 0xb71b, 0xaf1b, 0xaf1b, 0xaf1a, 0xaefa, 0xaefa, 0xa6fa, 0xa6fa, 
	0xa6fa, 0xa6fa, 0xa6da, 0xa6d9, 0xa6d9, 0x9ed9, 0x9ed9, 0x9ed9, 0x9ed9, 0x9ed9, 0x9ed9, 0x9ed9, 0x9ed9, 0x9ed9, 0x9ed9, 0x9ed9, 
	0x9ed9, 0x9ed9, 0x9ed9, 0x9ed9, 0x9ed9, 0x9ed9, 0x9ed9, 0x9ed9, 0xa6d9, 0xa6d9, 0xa6da, 0xa6fa, 0xa6fa, 0xa6fa, 0xa6fa, 0xaefa, 
	0xaefa, 0xaf1a, 0xaf1b, 0xaf1b, 0xb71b, 0xb71b, 0xb73b, 0xb73c, 0xbf3c, 0xbf3c, 0xbf5c, 0xbf5d, 0xbf5d, 0xbf5d, 0xbf5d, 0xbf5d, 
	0xbf5d, 0xbf5d, 0xbf5d, 0xbf5d, 0xbf5d, 0xbf5d, 0xbf5d, 0xbf5d, 0xbf5d, 0xbf5d, 0xbf5d, 0xbf5d, 0xbf5d, 0xbf5d, 0xbf5d, 0xbf5d, 
	0xbf5d, 0xbf5d, 0xbf5d, 0xbf5d, 0xbf5d, 0xbf5d, 0xbf5d, 0xbf5d, 0xbf5d, 0xbf5d, 0xbf5d, 0xbf5d, 0xbf5d, 0xbf5d, 0xbf5d, 0xbf5d, 
	0xbf5d, 0xbf5d, 0xbf5d, 0xbf5d, 0xbf5d, 0xbf5d, 0xbf5d, 0xbf5d, 0xbf5d, 0xbf5d, 0xbf5d, 0xbf5d, 0xbf5d, 0xbf5d, 0xbf5d, 0xbf5d, 
	0xbf5d, 0xbf5d, 0xbf5d, 0xbf5d, 0xbf5d, 0xbf5d, 0xbf5d, 0xbf5d, 0xbf5d, 0xbf5d, 0xbf5d, 0xbf5d, 0xbf5d, 0xbf5d, 0xbf5d, 0xbf5d, 
	0xbf5c, 0xbf3c, 0xbf3c, 0xb73c, 0xb71b, 0xb71b, 0xaf1b, 0xaf1b, 0xaefa, 0xaefa, 0xa6fa, 0xa6fa, 0xa6fa, 0xa6da, 0xa6d9, 0xa6d9, 
	0x9ed9, 0x9ed9, 0x9ed9, 0x9ed9, 0x9ed9, 0x9eb9, 0x9eb9, 0x9eb9, 0x96b9, 0x96b9, 0x96b9, 0x96b9, 0x96b9, 0x96b9, 0x96b9, 0x96b9, 
	0x96b9, 0x96b9, 0x96b9, 0x96b9, 0x96b9, 0x9eb9, 0x9eb9, 0x9eb9, 0x9ed9, 0x9ed9, 0x9ed9, 0x9ed9, 0x9ed9, 0x9ed9, 0xa6d9, 0xa6da, 
	0xa6fa, 0xa6fa, 0xa6fa, 0xaefa, 0xaefa, 0xaf1b, 0xaf1b, 0xb71b, 0xb71b, 0xb73c, 0xb73c, 0xbf3c, 0xbf5c, 0xbf5c, 0xbf5d, 0xbf5d, 
	0xbf5d, 0xbf5d, 0xbf5d, 0xbf5d, 0xbf5d, 0xbf5d, 0xbf5d, 0xbf5d, 0xbf5d, 0xbf5d, 0xbf5d, 0xbf5d, 0xbf5d, 0xbf5d, 0xbf5d, 0xbf5d, 
	0xbf5d, 0xbf5d, 0xbf5d, 0xbf5d, 0xbf5d, 0xbf5d, 0xbf5d, 0xbf5d, 0xbf5d, 0xbf5d, 0xbf5d, 0xbf5d, 0xbf5d, 0xbf5d, 0xbf5d, 0xbf5d, 
	0xbf5d, 0xbf5d, 0xbf5d, 0xbf5d, 0xbf5d, 0xbf5d, 0xbf5d, 0xbf5d, 0xbf5d, 0xbf5d, 0xbf5d, 0xbf5d, 0xbf5d, 0xbf5d, 0xbf5d, 0xbf5d, 
	0xbf5d, 0xbf5d, 0xbf5d, 0xbf5d, 0xbf5d, 0xbf5d, 0xbf5d, 0xbf5d, 0xbf5d, 0xbf5d, 0xbf5d, 0xbf5d, 0xbf5d, 0xbf5c, 0xbf5c, 0xbf3c, 
	0xb73c, 0xb73b, 0xb71b, 0xaf1b, 0xaf1b, 0xaefa, 0xaefa, 0xa6fa, 0xa6fa, 0xa6fa, 0xa6d9, 0x9ed9, 0x9ed9, 0x9ed9, 0x9ed9, 0x9eb9, 
	0x9eb9, 0x96b9, 0x96b9, 0x96b9, 0x96b8, 0x96b8, 0x96b8, 0x96b8, 0x96b8, 0x96b8, 0x9698, 0x9698, 0x9698, 0x9698, 0x9698, 0x9698, 
	0x9698, 0x9698, 0x9698, 0x96b8, 0x96b8, 0x96b8, 0x96b8, 0x96b8, 0x96b8, 0x96b9, 0x96b9, 0x96b9, 0x9eb9, 0x9eb9, 0x9ed9, 0x9ed9, 
	0x9ed9, 0x9ed9, 0xa6d9, 0xa6da, 0xa6fa, 0xa6fa, 0xaefa, 0xaefa, 0xaf1b, 0xaf1b, 0xb71b, 0xb73b, 0xb73c, 0xbf3c, 0xbf5c, 0xbf5c, 
	0xbf5d, 0xbf5d, 0xbf5d, 0xbf5d, 0xbf5d, 0xbf5d, 0xbf5d, 0xbf5d, 0xbf5d, 0xbf5d, 0xbf5d, 0xbf5d, 0xbf5d, 0xbf5d, 0xbf5d, 0xbf5d, 
	0xbf5d, 0xbf5d, 0xbf5d, 0xbf5d, 0xbf5d, 0xbf5d, 0xbf5d, 0xbf5d, 0xbf5d, 0xbf5d, 0xbf5d, 0xbf5d, 0xbf5d, 0xbf5d, 0xbf5d, 0xbf5d, 
	0xbf5d, 0xbf5d, 0xbf5d, 0xbf5d, 0xbf5d, 0xbf5d, 0xbf5d, 0xbf5d, 0xbf5d, 0xbf5d, 0xbf5d, 0xbf5d, 0xbf5d, 0xbf5d, 0xbf5d, 0xbf5d, 
	0xbf5d, 0xbf5d, 0xbf5d, 0xbf5d, 0xbf5d, 0xbf5d, 0xbf5d, 0xbf5d, 0xbf5d, 0xbf5d, 0xbf5d, 0xbf5c, 0xbf5c, 0xbf3c, 0xb73c, 0xb71b, 
	0xb71b, 0xaf1b, 0xaf1a, 0xaefa, 0xa6fa, 0xa6fa, 0xa6da, 0xa6d9, 0x9ed9, 0x9ed9, 0x9ed9, 0x9eb9, 0x96b9, 0x96b9, 0x96b9, 0x96b8, 
	0x96b8, 0x96b8, 0x9698, 0x8e98, 0x8e98, 0x8e98, 0x8e98, 0x8e98, 0x8e98, 0x8e98, 0x8e98, 0x8e98, 0x8e98, 0x8e98, 0x8e98, 0x8e98, 
	0x8e98, 0x8e98, 0x8e98, 0x8e98, 0x8e98, 0x8e98, 0x8e98, 0x8e98, 0x8e98, 0x8e98, 0x8e98, 0x96b8, 0x96b8, 0x96b8, 0x96b9, 0x96b9, 
	0x96b9, 0x9eb9, 0x9ed9, 0x9ed9, 0x9ed9, 0xa6d9, 0xa6da, 0xa6fa, 0xa6fa, 0xaefa, 0xaf1a, 0xaf1b, 0xaf1b, 0xb71b, 0xb73c, 0xbf3c, 
	0xbf3c, 0xbf5c, 0xbf5d, 0xbf5d, 0xbf5d, 0xbf5d, 0xbf5d, 0xbf5d, 0xbf5d, 0xbf5d, 0xbf5d, 0xbf5d, 0xbf5d, 0xbf5d, 0xbf5d, 0xbf5d, 
	0xbf5d, 0xbf5d, 0xbf5d, 0xbf5d, 0xbf5d, 0xbf5d, 0xbf5d, 0xbf5d, 0xbf5d, 0xbf5d, 0xbf5d, 0xbf5d, 0xbf5d, 0xbf5d, 0xbf5d, 0xbf5d, 
	0xbf5d, 0xbf5d, 0xbf5d, 0xbf5d, 0xbf5d, 0xbf5d, 0xbf5d, 0xbf5d, 0xbf5d, 0xbf5d, 0xbf5d, 0xbf5d, 0xbf5d, 0xbf5d, 0xbf5d, 0xbf5d, 
	0xbf5d, 0xbf5d, 0xbf5d, 0xbf5d, 0xbf5d, 0xbf5d, 0xbf5d, 0xbf5d, 0xbf5d, 0xbf5c, 0xbf5c, 0xb73c, 0xb73c, 0xb71b, 0xaf1b, 0xaf1b, 
	0xaefa, 0xa6fa, 0xa6fa, 0xa6fa, 0xa6d9, 0x9ed9, 0x9ed9, 0x9ed9, 0x9eb9, 0x96b9, 0x96b9, 0x96b8, 0x96b8, 0x9698, 0x8e98, 0x8e98, 
	0x8e98, 0x8e98, 0x8e98, 0x8e98, 0x8e98, 0x8698, 0x8678, 0x8678, 0x8678, 0x8678, 0x8678, 0x8678, 0x8678, 0x8678, 0x8678, 0x8678, 
	0x8678, 0x8678, 0x8678, 0x8678, 0x8678, 0x8678, 0x8678, 0x8678, 0x8e98, 0x8e98, 0x8e98, 0x8e98, 0x8e98, 0x8e98, 0x8e98, 0x9698, 
	0x96b8, 0x96b8, 0x96b9, 0x96b9, 0x9eb9, 0x9ed9, 0x9ed9, 0x9ed9, 0xa6d9, 0xa6fa, 0xa6fa, 0xa6fa, 0xaefa, 0xaf1b, 0xaf1b, 0xb71b, 
	0xb73b, 0xb73c, 0xbf3c, 0xbf5c, 0xbf5d, 0xbf5d, 0xbf5d, 0xbf5d, 0xbf5d, 0xbf5d, 0xbf5d, 0xbf5d, 0xbf5d, 0xbf5d, 0xbf5d, 0xbf5d, 
	0xbf5d, 0xbf5d, 0xbf5d, 0xbf5d, 0xbf5d, 0xbf5d, 0xbf5d, 0xbf5d, 0xbf5d, 0xbf5d, 0xbf5d, 0xbf5d, 0xbf5d, 0xbf5d, 0xbf5d, 0xbf5d, 
	0xbf5d, 0xbf5d, 0xbf5d, 0xbf5d, 0xbf5d, 0xbf5d, 0xbf5d, 0xbf5d, 0xbf5d, 0xbf5d, 0xbf5d, 0xbf5d, 0xbf5d, 0xbf5d, 0xbf5d, 0xbf5d, 
	0xbf5d, 0xbf5d, 0xbf3c, 0xbf3c, 0xbf3c, 0xbf5d, 0xbf5d, 0xbf5d, 0xbf3c, 0xb73c, 0xb73c, 0xb71b, 0xaf1b, 0xaefb, 0xaefa, 0xa6fa, 
	0xa6fa, 0xa6da, 0x9ed9, 0x9ed9, 0x9eb9, 0x96b9, 0x96b9, 0x96b8, 0x96b8, 0x9698, 0x8e98, 0x8e98, 0x8e98, 0x8e98, 0x8e98, 0x8678, 
	0x8678, 0x8678, 0x8678, 0x8678, 0x8678, 0x8678, 0x8678, 0x8678, 0x7e78, 0x7e78, 0x7e58, 0x7e58, 0x7e58, 0x7e58, 0x7e58, 0x7e58, 
	0x7e58, 0x7e58, 0x7e58, 0x7e78, 0x7e78, 0x8678, 0x8678, 0x8678, 0x8678, 0x8678, 0x8678, 0x8678, 0x8678, 0x8678, 0x8e78, 0x8e98, 
	0x8e98, 0x8e98, 0x8e98, 0x9698, 0x96b8, 0x96b8, 0x96b9, 0x96b9, 0x9eb9, 0x9ed9, 0x9ed9, 0xa6da, 0xa6da, 0xa6fa, 0xaefa, 0xaefb, 
	0xaf1b, 0xb71b, 0xb73b, 0xb73c, 0xbf3c, 0xbf5c, 0xbf5d, 0xbf5d, 0xbf5d, 0xbf5d, 0xbf5d, 0xbf5d, 0xbf5d, 0xbf5d, 0xbf5d, 0xbf5d, 
	0xbf5d, 0xbf5d, 0xbf5d, 0xbf5d, 0xbf5d, 0xbf5d, 0xbf5d, 0xbf5d, 0xbf5d, 0xbf5d, 0xbf5d, 0xbf5d, 0xbf5d, 0xbf5d, 0xbf5d, 0xbf5d, 
	0xbf5d, 0xbf5d, 0xbf5d, 0xbf5d, 0xbf5d, 0xbf5d, 0xbf5d, 0xbf5d, 0xbf5d, 0xbf5d, 0xbf5d, 0xbf5d, 0xbf5d, 0xbf5d, 0xbf5d, 0xbf5d, 
	0xbf5d, 0xbf3c, 0xed18, 0xe538, 0xe579, 0xbf3c, 0xbf3c, 0xb73c, 0xb73c, 0xb71b, 0xaf1b, 0xaefb, 0xaefa, 0xa6fa, 0xa6da, 0xa6d9, 
	0x9ed9, 0x9ed9, 0x9eb9, 0x96b9, 0x96b9, 0x96b8, 0x9698, 0x8e98, 0x8e98, 0x8e98, 0x8e98, 0x8678, 0x8678, 0x8678, 0x8678, 0x8678, 
	0x8678, 0x7e78, 0x7e58, 0x7e58, 0x7e58, 0x7e57, 0x7e57, 0x7e57, 0x7e57, 0x7e57, 0x7e57, 0x7e57, 0x7e57, 0x7e57, 0x7e57, 0x7e57, 
	0x7e57, 0x7e57, 0x7e57, 0x7e57, 0x7e57, 0x7e57, 0x7e57, 0x7e57, 0x7e58, 0x7e58, 0x7e58, 0x7e78, 0x8678, 0x8678, 0x8678, 0x8678, 
	0x8678, 0x8678, 0x8e98, 0x8e98, 0x8e98, 0x8e98, 0x8e98, 0x96b8, 0x96b9, 0x96b9, 0x9eb9, 0x9ed9, 0x9ed9, 0x9ed9, 0xa6da, 0xa6fa, 
	0xa6fa, 0xaefb, 0xaf1b, 0xb71b, 0xb73c, 0xb73c, 0xbf3c, 0xbf5d, 0xbf5d, 0xbf5d, 0xbf5d, 0xbf5d, 0xbf5d, 0xbf5d, 0xbf5d, 0xbf5d, 
	0xbf5d, 0xbf5d, 0xbf5d, 0xbf5d, 0xbf5d, 0xbf5d, 0xbf5d, 0xbf5d, 0xbf5d, 0xbf5d, 0xbf5d, 0xbf5d, 0xbf5d, 0xbf5d, 0xbf5d, 0xbf5d, 
	0xbf5d, 0xbf5d, 0xbf5d, 0xbf5d, 0xbf5d, 0xbf5d, 0xbf5d, 0xbf5d, 0xbf5d, 0xbf5d, 0xbf5d, 0xbf5d, 0xbf5d, 0xbf5d, 0xbf5d, 0xbf5d, 
	0xbf5d, 0xc6bb, 0xf477, 0xf456, 0xf476, 0xcd97, 0xbefb, 0xb71b, 0xaf1b, 0xaf1b, 0xa6fa, 0xa6fa, 0xa6da, 0x9ed9, 0x9ed9, 0x9ed9, 
	0x96b9, 0x96b9, 0x96b8, 0x9698, 0x8e98, 0x8e98, 0x8e98, 0x8698, 0x8678, 0x8678, 0x8678, 0x8678, 0x7e78, 0x7e78, 0x7e58, 0x7e57, 
	0x7e57, 0x7e57, 0x7e57, 0x7657, 0x7657, 0x7657, 0x7657, 0x7657, 0x7637, 0x7637, 0x7637, 0x7637, 0x7637, 0x7637, 0x7637, 0x7637, 
	0x7637, 0x7637, 0x7637, 0x7637, 0x7637, 0x7657, 0x7657, 0x7657, 0x7657, 0x7657, 0x7e57, 0x7e57, 0x7e57, 0x7e57, 0x7e58, 0x7e58, 
	0x7e78, 0x8678, 0x8678, 0x8678, 0x8678, 0x8698, 0x8e98, 0x8e98, 0x8e98, 0x8e98, 0x96b8, 0x96b9, 0x96b9, 0x9eb9, 0x9ed9, 0x9ed9, 
	0xa6da, 0xa6fa, 0xa6fa, 0xaf1b, 0xaf1b, 0xb71b, 0xb73c, 0xb73c, 0xbf3c, 0xbf5d, 0xbf5d, 0xbf5d, 0xbf5d, 0xbf5d, 0xbf5d, 0xbf5d, 
	0xbf5d, 0xbf5d, 0xbf5d, 0xbf5d, 0xbf5d, 0xbf5d, 0xbf5d, 0xbf5d, 0xbf5d, 0xbf5d, 0xbf5d, 0xbf5d, 0xbf5d, 0xbf5d, 0xbf5d, 0xbf5d, 
	0xbf5d, 0xbf5d, 0xbf5d, 0xbf5d, 0xbf5d, 0xbf5d, 0xbf5d, 0xbf5d, 0xbf5d, 0xbf5d, 0xbf5d, 0xbf5d, 0xbf5d, 0xbf5d, 0xbf3c, 0xc6bb, 
	0xc6bb, 0xbe7a, 0xf436, 0xf436, 0xf436, 0xfd16, 0xe537, 0xd598, 0xb69a, 0xa6fa, 0xa6fa, 0x9ed9, 0x9ed9, 0x9ed9, 0x96b9, 0x96b9, 
	0x96b8, 0x8e98, 0x8e98, 0x8e98, 0x8e98, 0x8678, 0x8678, 0x8678, 0x8678, 0x7e78, 0x7e58, 0x7e57, 0x7e57, 0x7e57, 0x7657, 0x7657, 
	0x7657, 0x7657, 0x7637, 0x7637, 0x7637, 0x7637, 0x7637, 0x6e37, 0x6e37, 0x6e37, 0x6e37, 0x6e37, 0x6e37, 0x6e37, 0x6e37, 0x6e37, 
	0x6e37, 0x6e37, 0x6e37, 0x6e37, 0x6e37, 0x6e37, 0x7637, 0x7637, 0x7637, 0x7637, 0x7637, 0x7657, 0x7657, 0x7657, 0x7657, 0x7e57, 
	0x7e57, 0x7e57, 0x7e58, 0x7e78, 0x8678, 0x8678, 0x8678, 0x8678, 0x8e98, 0x8e98, 0x8e98, 0x8e98, 0x96b8, 0x96b9, 0x96b9, 0x9eb9, 
	0x9ed9, 0x9ed9, 0xa6da, 0xa6fa, 0xa6fa, 0xaf1b, 0xaf1b, 0xb71b, 0xb73c, 0xbf3c, 0xbf5d, 0xbf5d, 0xbf5d, 0xbf5d, 0xbf5d, 0xbf5d, 
	0xbf5d, 0xbf5d, 0xbf5d, 0xbf5d, 0xbf5d, 0xbf5d, 0xbf5d, 0xbf5d, 0xbf5d, 0xbf5d, 0xbf5d, 0xbf5d, 0xbf5d, 0xbf5d, 0xbf5d, 0xbf5d, 
	0xbf3d, 0xbf3d, 0xbf3d, 0xbf3d, 0xbf3d, 0xbf3d, 0xbf3d, 0xbf3d, 0xbf3d, 0xbf3d, 0xbf3d, 0xbf3d, 0xbf3d, 0xbf3d, 0xc619, 0xf496, 
	0xf476, 0xe496, 0xe435, 0xf415, 0xf436, 0xf456, 0xf456, 0xf477, 0xbd77, 0x9eda, 0x9ed9, 0x9eb9, 0x96b9, 0x96b9, 0x9698, 0x8e98, 
	0x8e98, 0x8e98, 0x8678, 0x8678, 0x8678, 0x8678, 0x7e58, 0x7e58, 0x7e57, 0x7e57, 0x7657, 0x7657, 0x7637, 0x7637, 0x7637, 0x7637, 
	0x6e37, 0x6e37, 0x6e37, 0x6e37, 0x6e38, 0x6e38, 0x6e18, 0x6e18, 0x6e18, 0x6e18, 0x6e18, 0x6e18, 0x6e18, 0x6e18, 0x6e18, 0x6e18, 
	0x6e18, 0x6e18, 0x6e18, 0x6e18, 0x6e18, 0x6e18, 0x6e18, 0x6e38, 0x6e38, 0x6e37, 0x6e37, 0x6e37, 0x6e37, 0x7637, 0x7637, 0x7637, 
	0x7637, 0x7657, 0x7657, 0x7e57, 0x7e57, 0x7e58, 0x7e58, 0x8678, 0x8678, 0x8678, 0x8678, 0x8e98, 0x8e98, 0x8e98, 0x9698, 0x96b9, 
	0x96b9, 0x9eb9, 0x9ed9, 0x9ed9, 0xa6da, 0xa6fa, 0xa6fa, 0xaf1b, 0xaf1b, 0xb71c, 0xb73c, 0xbf3c, 0xbf3d, 0xbf3d, 0xbf3d, 0xbf3d, 
	0xbf3d, 0xbf3d, 0xbf3d, 0xbf3d, 0xbf3d, 0xbf3d, 0xbf3d, 0xbf3d, 0xbf3d, 0xbf3d, 0xbf3d, 0xbf3d, 0xbf3d, 0xbf3d, 0xbf3d, 0xbf3d, 
	0xbf3d, 0xbf3d, 0xbf3d, 0xbf3d, 0xbf3d, 0xbf3d, 0xbf3d, 0xbf3d, 0xbf3d, 0xbf3d, 0xbf3d, 0xbf3d, 0xbf3d, 0xbf3c, 0xdcd5, 0xf456, 
	0xf416, 0xf415, 0xec36, 0xe3d4, 0xec15, 0xf416, 0xebd5, 0xf456, 0xe4b6, 0x9eb9, 0x96b9, 0x96b9, 0x9698, 0x8e98, 0x8e98, 0x8e98, 
	0x8678, 0x8678, 0x8678, 0x7e78, 0x7e58, 0x7e58, 0x7e57, 0x7657, 0x7657, 0x7637, 0x7637, 0x7637, 0x6e37, 0x6e37, 0x6e37, 0x6e38, 
	0x6e38, 0x6e18, 0x6e18, 0x6e18, 0x6618, 0x6618, 0x6618, 0x6618, 0x6618, 0x6618, 0x6618, 0x6618, 0x6618, 0x6618, 0x6618, 0x6618, 
	0x6618, 0x6618, 0x6618, 0x6618, 0x6618, 0x6618, 0x6618, 0x6618, 0x6618, 0x6e18, 0x6e18, 0x6e18, 0x6e38, 0x6e38, 0x6e37, 0x6e37, 
	0x6e37, 0x7637, 0x7637, 0x7637, 0x7657, 0x7657, 0x7e57, 0x7e57, 0x7e58, 0x7e78, 0x8678, 0x8678, 0x8678, 0x8e98, 0x8e98, 0x8e98, 
	0x9698, 0x96b9, 0x96b9, 0x9eb9, 0x9ed9, 0x9eda, 0xa6fa, 0xa6fa, 0xaefb, 0xaf1b, 0xb71b, 0xb73c, 0xbf3c, 0xbf3d, 0xbf3d, 0xbf3d, 
	0xbf3d, 0xbf3d, 0xbf3d, 0xbf3d, 0xbf3d, 0xbf3d, 0xbf3d, 0xbf3d, 0xbf3d, 0xbf3d, 0xbf3d, 0xbf3d, 0xbf3d, 0xbf3d, 0xbf3d, 0xbf3d, 
	0xbf3d, 0xbf3d, 0xbf3d, 0xbf3d, 0xbf3d, 0xbf3d, 0xbf3d, 0xbf3d, 0xbf3d, 0xbf3d, 0xbf3d, 0xbf3d, 0xbf3d, 0xa659, 0xc434, 0xf456, 
	0xf416, 0xf416, 0xe3d4, 0xab4f, 0xd3b2, 0xec15, 0xf436, 0xec36, 0xa3d0, 0x8e17, 0x96b8, 0x8e98, 0x8e98, 0x8e98, 0x8678, 0x8678, 
	0x8678, 0x7e78, 0x7e58, 0x7e57, 0x7e57, 0x7657, 0x7637, 0x7637, 0x7637, 0x6e37, 0x6e37, 0x6e37, 0x6e38, 0x6e18, 0x6e18, 0x6618, 
	0x6618, 0x6618, 0x6618, 0x6618, 0x6618, 0x6618, 0x6618, 0x6618, 0x6618, 0x6618, 0x5e18, 0x5e18, 0x5df8, 0x5df8, 0x5df8, 0x5df8, 
	0x5df8, 0x5e18, 0x5e18, 0x6618, 0x6618, 0x6618, 0x6618, 0x6618, 0x6618, 0x6618, 0x6618, 0x6618, 0x6618, 0x6618, 0x6e18, 0x6e18, 
	0x6e38, 0x6e37, 0x6e37, 0x6e37, 0x7637, 0x7637, 0x7637, 0x7657, 0x7657, 0x7e57, 0x7e58, 0x7e78, 0x8678, 0x8678, 0x8678, 0x8698, 
	0x8e98, 0x8e98, 0x9698, 0x96b9, 0x96b9, 0x9ed9, 0x9ed9, 0x9eda, 0xa6fa, 0xa6fa, 0xaf1b, 0xaf1b, 0xb71c, 0xb73c, 0xbf3c, 0xbf3d, 
	0xbf3d, 0xbf3d, 0xbf3d, 0xbf3d, 0xbf3d, 0xbf3d, 0xbf3d, 0xbf3d, 0xbf3d, 0xbf3d, 0xbf3d, 0xbf3d, 0xbf3d, 0xbf3d, 0xbf3d, 0xbf3d, 
	0xbf3d, 0xbf3d, 0xbf3d, 0xbf3d, 0xbf3d, 0xbf3d, 0xbf3d, 0xbf3d, 0xbf3d, 0xbf3d, 0xbf3d, 0xbf3d, 0xbf3d, 0xb73c, 0x8472, 0xb3b1, 
	0xd3f4, 0xec56, 0xdbf4, 0xec55, 0xe3d4, 0xe415, 0xc3b2, 0xcc32, 0xfd56, 0xb5d6, 0x8e98, 0x8e98, 0x8678, 0x8678, 0x8678, 0x7e78, 
	0x7e58, 0x7e57, 0x7657, 0x7657, 0x7637, 0x7637, 0x6e37, 0x6e37, 0x6e37, 0x6e38, 0x6e18, 0x6618, 0x6618, 0x6618, 0x6618, 0x6618, 
	0x6618, 0x6618, 0x5e18, 0x5df8, 0x5df8, 0x5df8, 0x5df8, 0x5df8, 0x5df8, 0x5df8, 0x5df8, 0x5df8, 0x5df8, 0x5df8, 0x5df8, 0x5df8, 
	0x5df8, 0x5df8, 0x5df8, 0x5df8, 0x5df8, 0x5df8, 0x5df8, 0x5df8, 0x5df8, 0x5df8, 0x5e18, 0x6618, 0x6618, 0x6618, 0x6618, 0x6618, 
	0x6618, 0x6618, 0x6e18, 0x6e38, 0x6e37, 0x6e37, 0x6e37, 0x7637, 0x7637, 0x7657, 0x7657, 0x7e57, 0x7e58, 0x7e78, 0x8678, 0x8678, 
	0x8678, 0x8e98, 0x8e98, 0x8e98, 0x96b9, 0x96b9, 0x96b9, 0x9ed9, 0x9eda, 0xa6fa, 0xb679, 0xbe5a, 0xcdf9, 0xb6fb, 0xb73c, 0xbf3c, 
	0xbf3d, 0xbf3d, 0xbf3d, 0xbf3d, 0xbf3d, 0xbf3d, 0xbf3d, 0xbf3d, 0xbf3d, 0xbf3d, 0xbf3d, 0xbf3d, 0xbf3d, 0xbf3d, 0xbf3d, 0xbf3d, 
	0xbf3d, 0xbf3d, 0xbf3d, 0xbf3d, 0xbf3d, 0xbf3d, 0xbf3d, 0xbf3d, 0xbf3d, 0xbf3d, 0xbf3d, 0xbf3d, 0xb73c, 0xb73c, 0xa699, 0x9472, 
	0xdc14, 0xf416, 0xf415, 0xec56, 0xf416, 0xf415, 0xf456, 0xfd57, 0xfd57, 0x9d55, 0x8678, 0x8678, 0x8678, 0x7e78, 0x7e58, 0x7e57, 
	0x7657, 0x7657, 0x7637, 0x7637, 0x6e37, 0x6e37, 0x6e38, 0x6e18, 0x6618, 0x6618, 0x6618, 0x6618, 0x6618, 0x6618, 0x5e18, 0x5df8, 
	0x5df8, 0x5df8, 0x5df8, 0x5df8, 0x5df8, 0x5df9, 0x5df9, 0x55f9, 0x55f9, 0x55f9, 0x55f9, 0x55f9, 0x55f9, 0x55f9, 0x55f9, 0x55f9, 
	0x55f9, 0x55f9, 0x55f9, 0x55f9, 0x55f9, 0x55f9, 0x5df9, 0x5df9, 0x5df8, 0x5df8, 0x5df8, 0x5df8, 0x5df8, 0x5df8, 0x5df8, 0x6618, 
	0x6618, 0x6618, 0x6618, 0x6618, 0x6618, 0x6e18, 0x6e38, 0x6e37, 0x6e37, 0x7637, 0x7637, 0x7657, 0x7657, 0x7e57, 0x7e58, 0x7e78, 
	0x8678, 0x8678, 0x8678, 0x8e98, 0x8e98, 0x8e98, 0x96b9, 0x96b9, 0x9ed9, 0x9ed9, 0xecd7, 0xf476, 0xf456, 0xcc94, 0xcdd8, 0xb73c, 
	0xb73c, 0xbf3d, 0xbf3d, 0xbf3d, 0xbf3d, 0xbf3d, 0xbf3d, 0xbf3d, 0xbf3d, 0xbf3d, 0xbf3d, 0xbf3d, 0xbf3d, 0xbf3d, 0xbf3d, 0xbf3d, 
	0xbf3d, 0xbf3d, 0xbf3d, 0xbf3d, 0xbf3d, 0xbf3d, 0xbf3d, 0xbf3d, 0xbf3d, 0xbf3d, 0xbf3d, 0xb73c, 0xb71c, 0xaf1b, 0xc639, 0xfd16, 
	0xf477, 0xf416, 0xf3f5, 0xe434, 0xf436, 0xf3f5, 0xf456, 0xfcf7, 0xedb7, 0x9e38, 0x8678, 0x7e58, 0x7e58, 0x7e57, 0x7657, 0x7637, 
	0x7637, 0x6e37, 0x6e37, 0x6e37, 0x6e18, 0x6618, 0x6618, 0x6618, 0x6618, 0x6618, 0x5df8, 0x5df8, 0x5df8, 0x5df8, 0x5df8, 0x5df8, 
	0x5df9, 0x55f9, 0x55f9, 0x55f9, 0x55f9, 0x55f9, 0x55f9, 0x55f9, 0x55f9, 0x55d9, 0x55d9, 0x55d9, 0x55d9, 0x55d9, 0x55d9, 0x55d9, 
	0x55d9, 0x55d9, 0x55d9, 0x55d9, 0x55f9, 0x55f9, 0x55f9, 0x55f9, 0x55f9, 0x55f9, 0x55f9, 0x55f9, 0x5df9, 0x5df8, 0x5df8, 0x5df8, 
	0x5df8, 0x5df8, 0x5df8, 0x6618, 0x6618, 0x6618, 0x6618, 0x6618, 0x6e18, 0x6e37, 0x6e37, 0x6e37, 0x7637, 0x7637, 0x7657, 0x7e57, 
	0x7e58, 0x7e58, 0x8678, 0x8678, 0x8678, 0x8e98, 0x8e98, 0x9e38, 0xb5d7, 0xae18, 0xf477, 0xf415, 0xf436, 0xfcd7, 0xfd36, 0xbe7a, 
	0xb71c, 0xb73c, 0xbf3d, 0xbf3d, 0xbf3d, 0xbf3d, 0xbf3d, 0xbf3d, 0xbf3d, 0xbf3d, 0xbf3d, 0xbf3d, 0xbf3d, 0xbf3d, 0xbf3d, 0xbf3d, 
	0xb73d, 0xb73d, 0xb73d, 0xb73d, 0xb73d, 0xb73d, 0xb73d, 0xb73d, 0xb73d, 0xb73d, 0xb73c, 0xb71c, 0xaf1b, 0xaefb, 0xe5d8, 0xf4f6, 
	0xdc14, 0xf477, 0xec36, 0xcc32, 0xdc14, 0xf456, 0xec36, 0xccf6, 0x8e58, 0x7e78, 0x7e58, 0x7e57, 0x7657, 0x7637, 0x7637, 0x6e37, 
	0x6e37, 0x6e37, 0x6e18, 0x6618, 0x6618, 0x6618, 0x6618, 0x5e18, 0x5df8, 0x5df8, 0x5df8, 0x5df8, 0x5df9, 0x55f9, 0x55f9, 0x55f9, 
	0x55f9, 0x55f9, 0x55d9, 0x55d9, 0x55d9, 0x55da, 0x55da, 0x4dda, 0x4dda, 0x4dda, 0x4dda, 0x4dda, 0x4dda, 0x4dda, 0x4dda, 0x4dda, 
	0x4dda, 0x4dda, 0x4dda, 0x4dda, 0x4dda, 0x4dda, 0x55da, 0x55da, 0x55d9, 0x55d9, 0x55d9, 0x55f9, 0x55f9, 0x55f9, 0x55f9, 0x55f9, 
	0x5df9, 0x5df8, 0x5df8, 0x5df8, 0x5df8, 0x5df8, 0x6618, 0x6618, 0x6618, 0x6618, 0x6e18, 0x6e37, 0x6e37, 0x6e37, 0x7637, 0x7637, 
	0x7657, 0x7e57, 0x7e58, 0x7e78, 0x8678, 0x8678, 0x8e58, 0xd536, 0xfcf7, 0xf4b6, 0xe435, 0xebd5, 0xf436, 0xec76, 0xf497, 0xf477, 
	0xd538, 0xb71c, 0xb73c, 0xb73d, 0xb73d, 0xb73d, 0xb73d, 0xb73d, 0xb73d, 0xb73d, 0xb73d, 0xb73d, 0xb73d, 0xb73d, 0xb73d, 0xb73d, 
	0xb73d, 0xb73d, 0xb73d, 0xb73d, 0xb73d, 0xb73d, 0xb73d, 0xb73d, 0xb73d, 0xb73c, 0xb71c, 0xaf1b, 0xa6fb, 0xa6fa, 0xc5b6, 0xf556, 
	0xd474, 0xbb91, 0x7aed, 0xed36, 0xbbf1, 0xc3b2, 0xa370, 0x6d33, 0x7e58, 0x7e58, 0x7657, 0x7657, 0x7637, 0x6e37, 0x6e37, 0x6e37, 
	0x6e18, 0x6618, 0x6618, 0x6618, 0x6618, 0x5df8, 0x5df8, 0x5df8, 0x5df8, 0x5df9, 0x55f9, 0x55f9, 0x55f9, 0x55f9, 0x55d9, 0x55d9, 
	0x55d9, 0x4dda, 0x4dda, 0x4dda, 0x4dda, 0x4dda, 0x4dda, 0x4dda, 0x4dda, 0x4dda, 0x4dda, 0x4dda, 0x4dda, 0x4ddb, 0x4ddb, 0x4ddb, 
	0x4ddb, 0x4dda, 0x4dda, 0x4dda, 0x4dda, 0x4dda, 0x4dda, 0x4dda, 0x4dda, 0x4dda, 0x4dda, 0x4dda, 0x55da, 0x55d9, 0x55d9, 0x55f9, 
	0x55f9, 0x55f9, 0x55f9, 0x5df9, 0x5df8, 0x5df8, 0x5df8, 0x5df8, 0x6618, 0x6618, 0x6618, 0x6618, 0x6e18, 0x6e37, 0x6e37, 0x6e37, 
	0x7637, 0x7657, 0x7657, 0x7e58, 0x7e58, 0x8678, 0x9d96, 0xf456, 0xf456, 0xf416, 0xec36, 0xec15, 0xec36, 0xf436, 0xf416, 0xf456, 
	0xe4b7, 0xb69a, 0xaf1c, 0xb73c, 0xb73d, 0xb73d, 0xb73d, 0xb73d, 0xb73d, 0xb73d, 0xb73d, 0xb73d, 0xb73d, 0xb73d, 0xb73d, 0xb73d, 
	0xb73d, 0xb73d, 0xb73d, 0xb73d, 0xb73d, 0xb73d, 0xb73d, 0xb73d, 0xb73c, 0xaf1c, 0xaf1b, 0xa6fb, 0xa6fa, 0x9eda, 0x9637, 0xdd76, 
	0xbc93, 0x5b6d, 0x9d95, 0xfd77, 0xfd77, 0xd493, 0x93d0, 0x75f6, 0x7e57, 0x7657, 0x7637, 0x7637, 0x6e37, 0x6e37, 0x6e18, 0x6618, 
	0x6618, 0x6618, 0x6618, 0x5df8, 0x5df8, 0x5df8, 0x5df8, 0x55f9, 0x55f9, 0x55f9, 0x55f9, 0x55d9, 0x55d9, 0x4dda, 0x4dda, 0x4dda, 
	0x4dda, 0x4dda, 0x4dda, 0x4dda, 0x4ddb, 0x4ddb, 0x4ddb, 0x4ddb, 0x45db, 0x45db, 0x45db, 0x45db, 0x45db, 0x45db, 0x45db, 0x45db, 
	0x45db, 0x45db, 0x45db, 0x45db, 0x45db, 0x4ddb, 0x4ddb, 0x4ddb, 0x4ddb, 0x4dda, 0x4dda, 0x4dda, 0x4dda, 0x4dda, 0x4dda, 0x4dda, 
	0x55d9, 0x55d9, 0x55f9, 0x55f9, 0x55f9, 0x55f9, 0x5df8, 0x5df8, 0x5df8, 0x5df8, 0x6618, 0x6618, 0x6618, 0x6618, 0x6e18, 0x6e37, 
	0x6e37, 0x7637, 0x7637, 0x7657, 0x7e57, 0x7e58, 0x8cb3, 0xf456, 0xf436, 0xebf5, 0xf3f5, 0xcb72, 0xd3b2, 0xf3f5, 0xebf5, 0xf436, 
	0xec35, 0x9c92, 0xaefb, 0xaf1c, 0xb73c, 0xb73c, 0xb73d, 0xb73d, 0xb73d, 0xb73d, 0xb73d, 0xb73d, 0xb73d, 0xb73d, 0xb73d, 0xb73d, 
	0xb73d, 0xb73d, 0xb73d, 0xb73d, 0xb73d, 0xb73d, 0xb73d, 0xb73c, 0xaf1c, 0xaf1b, 0xa6fb, 0xa6fa, 0x9eda, 0x9ed9, 0x96b9, 0x8e37, 
	0x7db5, 0x8657, 0x8e78, 0xe5b7, 0xfd77, 0xed56, 0x8cf3, 0x7637, 0x7657, 0x7637, 0x6e37, 0x6e37, 0x6e18, 0x6618, 0x6618, 0x6618, 
	0x6618, 0x5df8, 0x5df8, 0x5df8, 0x5df8, 0x55f9, 0x55f9, 0x55f9, 0x55d9, 0x55d9, 0x4dda, 0x4dda, 0x4dda, 0x4dda, 0x4dda, 0x4ddb, 
	0x4ddb, 0x4ddb, 0x45db, 0x45db, 0x45db, 0x45db, 0x45dc, 0x45dc, 0x45dc, 0x45dc, 0x45dc, 0x45dc, 0x45dc, 0x45dc, 0x45dc, 0x45dc, 
	0x45dc, 0x45dc, 0x45dc, 0x45dc, 0x45dc, 0x45dc, 0x45dc, 0x45db, 0x45db, 0x45db, 0x45db, 0x4ddb, 0x4ddb, 0x4ddb, 0x4dda, 0x4dda, 
	0x4dda, 0x4dda, 0x4dda, 0x55d9, 0x55d9, 0x55f9, 0x55f9, 0x55f9, 0x5df8, 0x5df8, 0x5df8, 0x5df8, 0x6618, 0x6618, 0x6618, 0x6618, 
	0x6e18, 0x6e37, 0x6e37, 0x7637, 0x7637, 0x7657, 0x7595, 0xc3d3, 0xec56, 0xf436, 0xe414, 0xbb91, 0xcbd2, 0xdbf4, 0xdc14, 0xd3f3, 
	0xdcb4, 0xed16, 0xae99, 0xaf1b, 0xaf1c, 0xb73c, 0xb73c, 0xb73d, 0xb73d, 0xb73d, 0xb73d, 0xb73d, 0xb73d, 0xb73d, 0xb73d, 0xb73d, 
	0xb73d, 0xb73d, 0xb73d, 0xb73d, 0xb73d, 0xb73d, 0xb73c, 0xaf1c, 0xaefb, 0xa6fb, 0xa6da, 0x9eda, 0x9eb9, 0x96b9, 0x96b9, 0x8e98, 
	0x8e98, 0x8678, 0x8678, 0x8658, 0xa5f7, 0x75d6, 0x7657, 0x7637, 0x7637, 0x6e37, 0x6e37, 0x6e18, 0x6618, 0x6618, 0x6618, 0x5df8, 
	0x5df8, 0x5df8, 0x5df8, 0x55f9, 0x55f9, 0x55d9, 0x55d9, 0x55d9, 0x4dda, 0x4dda, 0x4dda, 0x4dda, 0x4ddb, 0x4ddb, 0x45db, 0x45db, 
	0x45db, 0x45dc, 0x45dc, 0x45dc, 0x45bc, 0x45bc, 0x45bc, 0x45bc, 0x45bd, 0x45bd, 0x45bd, 0x45bd, 0x45bd, 0x3dbd, 0x3dbd, 0x3dbd, 
	0x45bd, 0x45bd, 0x45bd, 0x45bd, 0x45bd, 0x45bc, 0x45bc, 0x45bc, 0x45bc, 0x45dc, 0x45dc, 0x45dc, 0x45db, 0x45db, 0x45db, 0x4ddb, 
	0x4ddb, 0x4dda, 0x4dda, 0x4dda, 0x4dda, 0x4dda, 0x55d9, 0x55d9, 0x55f9, 0x55f9, 0x5df9, 0x5df8, 0x5df8, 0x5df8, 0x6618, 0x6618, 
	0x6618, 0x6618, 0x6e17, 0x6e37, 0x6e37, 0x7637, 0x7657, 0x6d13, 0xa34f, 0xec35, 0xf416, 0xf415, 0xec15, 0xf416, 0xe415, 0xe4b5, 
	0xfd77, 0xe4f5, 0xa699, 0xa6fb, 0xaefb, 0xaf1c, 0xb71c, 0xb73c, 0xb73d, 0xb73d, 0xb73d, 0xb73d, 0xb73d, 0xb73d, 0xb73d, 0xb73d, 
	0xb73d, 0xb73d, 0xb73d, 0xb73d, 0xb73d, 0xb73c, 0xaf1c, 0xaefb, 0xa6fb, 0xa6da, 0x9eda, 0x9eb9, 0x96b9, 0x9699, 0x8e98, 0x8e98, 
	0x8678, 0x8678, 0x7e58, 0x7e58, 0x7657, 0x7637, 0x7637, 0x6e37, 0x6e37, 0x6e18, 0x6618, 0x6618, 0x6618, 0x5df8, 0x5df8, 0x5df8, 
	0x5df8, 0x55f9, 0x55f9, 0x55d9, 0x55d9, 0x4dda, 0x4dda, 0x4dda, 0x4dda, 0x4ddb, 0x4ddb, 0x45db, 0x45db, 0x45dc, 0x45dc, 0x45bc, 
	0x45bc, 0x45bc, 0x45bd, 0x45bd, 0x3dbd, 0x3dbd, 0x3dbd, 0x3dbd, 0x3dbd, 0x3dbe, 0x3dbe, 0x3dbe, 0x3dbe, 0x3dbe, 0x3dbe, 0x3dbe, 
	0x3dbe, 0x3dbe, 0x3dbe, 0x3dbe, 0x3dbd, 0x3dbd, 0x3dbd, 0x3dbd, 0x3dbd, 0x45bd, 0x45bd, 0x45bc, 0x45bc, 0x45bc, 0x45dc, 0x45dc, 
	0x45db, 0x45db, 0x4ddb, 0x4ddb, 0x4dda, 0x4dda, 0x4dda, 0x4dda, 0x55d9, 0x55d9, 0x55f9, 0x55f9, 0x5df8, 0x5df8, 0x5df8, 0x5df8, 
	0x6618, 0x6618, 0x6618, 0x6e18, 0x6e37, 0x6e37, 0x7637, 0xdd56, 0xf497, 0xf436, 0xebf5, 0xf436, 0xec56, 0xebf5, 0xf416, 0xfcb7, 
	0xfd97, 0xc638, 0x9eda, 0xa6da, 0xa6fb, 0xaefb, 0xaf1c, 0xb71c, 0xb73d, 0xb73d, 0xb73d, 0xb73d, 0xb73d, 0xb73d, 0xb73d, 0xb73d, 
	0xb73d, 0xb73d, 0xb73d, 0xb73d, 0xb73c, 0xaf1c, 0xaefb, 0xa6fb, 0xa6da, 0x9eda, 0x9eb9, 0x96b9, 0x9699, 0x8e98, 0x8e98, 0x8678, 
	0x8678, 0x7e58, 0x7e58, 0x7657, 0x7637, 0x7637, 0x6e37, 0x6e17, 0x6618, 0x6618, 0x6618, 0x6618, 0x5df8, 0x5df8, 0x5df8, 0x55f9, 
	0x55f9, 0x55d9, 0x55d9, 0x4dda, 0x4dda, 0x4dda, 0x4dda, 0x4ddb, 0x45db, 0x45db, 0x45db, 0x45dc, 0x45bc, 0x45bc, 0x45bd, 0x3dbd, 
	0x3dbd, 0x3dbd, 0x3dbd, 0x3dbe, 0x3dbe, 0x3dbe, 0x3dbe, 0x3dbe, 0x3dbe, 0x3dbf, 0x3dbf, 0x3dbf, 0x3dbf, 0x3dbf, 0x3dbf, 0x3dbf, 
	0x3dbf, 0x3dbf, 0x3dbf, 0x3dbf, 0x3dbe, 0x3dbe, 0x3dbe, 0x3dbe, 0x3dbe, 0x3dbe, 0x3dbd, 0x3dbd, 0x3dbd, 0x3dbd, 0x45bd, 0x45bc, 
	0x45bc, 0x45dc, 0x45dc, 0x45db, 0x45db, 0x4ddb, 0x4dda, 0x4dda, 0x4dda, 0x4dda, 0x55d9, 0x55d9, 0x55f9, 0x55f9, 0x5df8, 0x5df8, 
	0x5df8, 0x5df8, 0x6618, 0x6618, 0x6618, 0x6e17, 0x8617, 0xfd57, 0xf456, 0xf456, 0xf436, 0xcbf3, 0xe435, 0xf436, 0xf456, 0xec96, 
	0x9e78, 0x96b9, 0x96b9, 0x9eda, 0xa6da, 0xa6fb, 0xaefb, 0xaf1c, 0xb73c, 0xb73d, 0xb73d, 0xb73d, 0xb73d, 0xb73d, 0xb73d, 0xb73d, 
	0xb73d, 0xb73d, 0xb73d, 0xb73c, 0xaf1c, 0xaefb, 0xa6fb, 0xa6da, 0x9eda, 0x96b9, 0x96b9, 0x8e99, 0x8e98, 0x8698, 0x8678, 0x8678, 
	0x7e58, 0x7e58, 0x7657, 0x7637, 0x6e37, 0x6e37, 0x6e17, 0x6618, 0x6618, 0x6618, 0x5df8, 0x5df8, 0x5df8, 0x55f9, 0x55f9, 0x55f9, 
	0x55d9, 0x4dda, 0x4dda, 0x4dda, 0x4dda, 0x4ddb, 0x45db, 0x45db, 0x45dc, 0x45dc, 0x45bc, 0x45bd, 0x3dbd, 0x3dbd, 0x3dbd, 0x3dbe, 
	0x3dbe, 0x3dbe, 0x3dbe, 0x3dbf, 0x3dbf, 0x3dbf, 0x3dbf, 0x3dbf, 0x3dbf, 0x3dbf, 0x3dbf, 0x3dbf, 0x3dbf, 0x3dbf, 0x3dbf, 0x3dbf, 
	0x3dbf, 0x3dbf, 0x3dbf, 0x3dbf, 0x3dbf, 0x3dbf, 0x3dbf, 0x3dbf, 0x3dbf, 0x3dbf, 0x3dbe, 0x3dbe, 0x3dbe, 0x3dbe, 0x3dbd, 0x3dbd, 
	0x3dbd, 0x45bd, 0x45bc, 0x45dc, 0x45dc, 0x45db, 0x45db, 0x4ddb, 0x4dda, 0x4dda, 0x4dda, 0x4dda, 0x55d9, 0x55d9, 0x55f9, 0x55f9, 
	0x5df8, 0x5df8, 0x5df8, 0x6618, 0x6618, 0x6618, 0x7df7, 0xc515, 0xb3d1, 0xf456, 0xc3b2, 0xabf1, 0xc412, 0xec35, 0xec56, 0x936f, 
	0x8e78, 0x8e99, 0x96b9, 0x96b9, 0x9eda, 0x9eda, 0xa6fb, 0xaefb, 0xaf1c, 0xb73c, 0xb73d, 0xb73d, 0xb73d, 0xb73d, 0xb73d, 0xb73d, 
	0xb73d, 0xb73d, 0xb73c, 0xaf1c, 0xaf1b, 0xa6fb, 0xa6da, 0x9eda, 0x96b9, 0x96b9, 0x8e99, 0x8e98, 0x8698, 0x8678, 0x7e78, 0x7e58, 
	0x7e58, 0x7657, 0x7637, 0x6e37, 0x6e37, 0x6e18, 0x6618, 0x6618, 0x6618, 0x5df8, 0x5df8, 0x5df8, 0x55f9, 0x55f9, 0x55d9, 0x55d9, 
	0x4dda, 0x4dda, 0x4dda, 0x4ddb, 0x45db, 0x45db, 0x45dc, 0x45bc, 0x45bc, 0x45bd, 0x3dbd, 0x3dbd, 0x3dbe, 0x3dbe, 0x3dbe, 0x3dbf, 
	0x3dbf, 0x3dbf, 0x3dbf, 0x3dbf, 0x3dbf, 0x3dbf, 0x3dbe, 0x3dde, 0x45de, 0x45de, 0x45de, 0x45de, 0x45de, 0x45de, 0x45de, 0x45de, 
	0x45de, 0x45de, 0x45de, 0x45de, 0x45de, 0x3dde, 0x3dbe, 0x3dbf, 0x3dbf, 0x3dbf, 0x3dbf, 0x3dbf, 0x3dbf, 0x3dbf, 0x3dbe, 0x3dbe, 
	0x3dbe, 0x3dbd, 0x3dbd, 0x45bd, 0x45bc, 0x45bc, 0x45dc, 0x45db, 0x45db, 0x4ddb, 0x4dda, 0x4dda, 0x4dda, 0x55d9, 0x55d9, 0x55f9, 
	0x55f9, 0x5df8, 0x5df8, 0x5df8, 0x5e18, 0x6618, 0x6618, 0x8db7, 0xa4b3, 0x5aab, 0x438d, 0xc597, 0xf536, 0xab8f, 0xb3b0, 0x7451, 
	0x8678, 0x8e98, 0x8e99, 0x96b9, 0x96b9, 0x9eda, 0x9eda, 0xa6fb, 0xaefb, 0xaf1c, 0xb73c, 0xb73d, 0xb73d, 0xb73d, 0xb73d, 0xb73d, 
	0xb73d, 0xb73c, 0xaf1c, 0xaf1b, 0xa6fb, 0xa6fa, 0x9eda, 0x9eb9, 0x96b9, 0x8e99, 0x8e98, 0x8698, 0x8678, 0x7e78, 0x7e58, 0x7e58, 
	0x7657, 0x7637, 0x6e37, 0x6e37, 0x6618, 0x6618, 0x6618, 0x5df8, 0x5df8, 0x5df8, 0x55f9, 0x55f9, 0x55d9, 0x55d9, 0x4dda, 0x4dda, 
	0x4dda, 0x4ddb, 0x45db, 0x45db, 0x45dc, 0x45bc, 0x45bc, 0x3dbd, 0x3dbd, 0x3dbe, 0x3dbe, 0x3dbe, 0x3dbf, 0x3dbf, 0x3dbf, 0x3dbf, 
	0x3dbf, 0x3dbe, 0x3dde, 0x45de, 0x45de, 0x45dd, 0x45dd, 0x45dd, 0x4ddd, 0x4ddd, 0x4ddd, 0x4ddd, 0x4ddc, 0x4ddc, 0x4ddc, 0x4ddc, 
	0x4ddc, 0x4ddc, 0x4ddd, 0x4ddd, 0x4ddd, 0x45dd, 0x45dd, 0x45dd, 0x45de, 0x45de, 0x3dde, 0x3dbe, 0x3dbf, 0x3dbf, 0x3dbf, 0x3dbf, 
	0x3dbf, 0x3dbe, 0x3dbe, 0x3dbe, 0x3dbd, 0x3dbd, 0x45bc, 0x45bc, 0x45dc, 0x45db, 0x45db, 0x4ddb, 0x4dda, 0x4dda, 0x4dda, 0x55d9, 
	0x55d9, 0x55f9, 0x55f9, 0x5df8, 0x5df8, 0x5df8, 0x6618, 0x6618, 0x5d95, 0x65d6, 0x6e37, 0x8e17, 0xed97, 0xdd36, 0xcd56, 0x6d74, 
	0x8678, 0x8678, 0x8e98, 0x8e99, 0x96b9, 0x96b9, 0x9eda, 0xa6da, 0xa6fb, 0xaf1b, 0xaf1c, 0xb73c, 0xb73d, 0xb73d, 0xb73d, 0xb73d, 
	0xb73c, 0xb71c, 0xaf1b, 0xa6fb, 0xa6fa, 0x9eda, 0x9ed9, 0x96b9, 0x8e99, 0x8e98, 0x8698, 0x8678, 0x7e78, 0x7e58, 0x7e58, 0x7657, 
	0x7637, 0x6e37, 0x6e37, 0x6618, 0x6618, 0x6618, 0x5df8, 0x5df8, 0x5df8, 0x55f9, 0x55f9, 0x55d9, 0x55d9, 0x4dda, 0x4dda, 0x4dda, 
	0x4ddb, 0x45db, 0x45dc, 0x45bc, 0x45bc, 0x3dbd, 0x3dbd, 0x3dbe, 0x3dbe, 0x3dbe, 0x3dbf, 0x3dbf, 0x3dbf, 0x3dbf, 0x3dbe, 0x45de, 
	0x45de, 0x45dd, 0x45dd, 0x4ddd, 0x4ddc, 0x4ddc, 0x4ddc, 0x4dfc, 0x4dfc, 0x55fb, 0x55fb, 0x55fb, 0x55fb, 0x55fb, 0x55fb, 0x55fb, 
	0x55fb, 0x55fb, 0x55fb, 0x55fb, 0x4dfc, 0x4dfc, 0x4ddc, 0x4ddc, 0x4ddc, 0x4ddd, 0x45dd, 0x45dd, 0x45de, 0x45de, 0x3dde, 0x3dbf, 
	0x3dbf, 0x3dbf, 0x3dbf, 0x3dbe, 0x3dbe, 0x3dbe, 0x3dbd, 0x3dbd, 0x45bc, 0x45bc, 0x45dc, 0x45db, 0x45db, 0x4dda, 0x4dda, 0x4dda, 
	0x4dd9, 0x55d9, 0x55f9, 0x55f9, 0x5df8, 0x5df8, 0x5df8, 0x6618, 0x6618, 0x6618, 0x6e17, 0x6e37, 0x7e37, 0x7e17, 0x7637, 0x7e58, 
	0x7e78, 0x8678, 0x8698, 0x8e98, 0x8e99, 0x96b9, 0x9eb9, 0x9eda, 0xa6fa, 0xa6fb, 0xaf1b, 0xaf1c, 0xb73c, 0xb73d, 0xb73d, 0xb73d, 
	0xb71c, 0xaf1c, 0xa6fb, 0xa6fa, 0x9eda, 0x9ed9, 0x96b9, 0x8eb9, 0x8e98, 0x8698, 0x8678, 0x7e78, 0x7e58, 0x7658, 0x7657, 0x7637, 
	0x6e37, 0x6e37, 0x6618, 0x6618, 0x6618, 0x5df8, 0x5df8, 0x5df8, 0x55f9, 0x55f9, 0x55d9, 0x4dda, 0x4dda, 0x4dda, 0x4ddb, 0x45db, 
	0x45db, 0x45dc, 0x45bc, 0x45bd, 0x3dbd, 0x3dbe, 0x3dbe, 0x3dbe, 0x3dbf, 0x3dbf, 0x3dbf, 0x3dbe, 0x45de, 0x45de, 0x45dd, 0x4ddd, 
	0x4ddc, 0x4ddc, 0x4dfc, 0x55fc, 0x55fb, 0x55fb, 0x55fb, 0x55fb, 0x55fa, 0x5dfa, 0x5dfa, 0x5dfa, 0x5dfa, 0x5dfa, 0x5dfa, 0x5dfa, 
	0x5dfa, 0x5dfa, 0x5dfa, 0x5dfa, 0x55fa, 0x55fb, 0x55fb, 0x55fb, 0x55fb, 0x55fb, 0x4dfc, 0x4ddc, 0x4ddc, 0x4ddd, 0x45dd, 0x45de, 
	0x45de, 0x3dbe, 0x3dbf, 0x3dbf, 0x3dbf, 0x3dbf, 0x3dbe, 0x3dbe, 0x3dbd, 0x3dbd, 0x45bc, 0x45dc, 0x45db, 0x45db, 0x4ddb, 0x4dda, 
	0x4dda, 0x4dda, 0x55d9, 0x55f9, 0x55f9, 0x5df8, 0x5df8, 0x5df8, 0x6618, 0x6618, 0x6618, 0x6e17, 0x6e37, 0x7637, 0x7637, 0x7657, 
	0x7e58, 0x7e78, 0x8678, 0x8698, 0x8e98, 0x8eb9, 0x96b9, 0x96d9, 0x9eda, 0xa6fa, 0xa6fb, 0xaf1b, 0xaf1c, 0xb73d, 0xb73d, 0xb73d, 
	0xaf1c, 0xa6fb, 0xa6fb, 0x9eda, 0x9eba, 0x96b9, 0x9699, 0x8e98, 0x8678, 0x8678, 0x7e78, 0x7e58, 0x7658, 0x7637, 0x7637, 0x6e37, 
	0x6e17, 0x6618, 0x6618, 0x6618, 0x5df8, 0x5df8, 0x5df8, 0x55f9, 0x55d9, 0x55d9, 0x4dda, 0x4dda, 0x4dda, 0x4ddb, 0x45db, 0x45dc, 
	0x45bc, 0x45bd, 0x3dbd, 0x3dbd, 0x3dbe, 0x3dbe, 0x3dbf, 0x3dbf, 0x3dbf, 0x3dde, 0x45de, 0x45dd, 0x45dd, 0x4ddc, 0x4ddc, 0x4dfc, 
	0x55fb, 0x55fb, 0x55fb, 0x55fa, 0x5dfa, 0x5dfa, 0x5e1a, 0x5e19, 0x5e19, 0x5e19, 0x6619, 0x6619, 0x6619, 0x6619, 0x6619, 0x6619, 
	0x6619, 0x6619, 0x6619, 0x5e19, 0x5e19, 0x5e19, 0x5e1a, 0x5dfa, 0x5dfa, 0x5dfa, 0x55fb, 0x55fb, 0x55fb, 0x4dfc, 0x4dfc, 0x4ddc, 
	0x4ddd, 0x45dd, 0x45de, 0x3dde, 0x3dbf, 0x3dbf, 0x3dbf, 0x3dbf, 0x3dbe, 0x3dbe, 0x3dbd, 0x45bd, 0x45bc, 0x45dc, 0x45db, 0x45db, 
	0x4dda, 0x4dda, 0x4dda, 0x55d9, 0x55d9, 0x55f9, 0x55f9, 0x5df8, 0x5df8, 0x65f8, 0x6618, 0x6618, 0x6e17, 0x6e37, 0x7637, 0x7637, 
	0x7658, 0x7e58, 0x7e78, 0x8678, 0x8678, 0x8e98, 0x8e99, 0x96b9, 0x9eb9, 0x9eda, 0xa6fa, 0xa6fb, 0xaf1c, 0xb71c, 0xb73d, 0xb73d, 
	0xaefb, 0xa6fb, 0x9eda, 0x9eda, 0x96b9, 0x96b9, 0x8e99, 0x8e98, 0x8678, 0x8678, 0x7e58, 0x7e58, 0x7637, 0x7637, 0x6e37, 0x6e17, 
	0x6618, 0x6618, 0x65f8, 0x5df8, 0x5df8, 0x55f9, 0x55f9, 0x55d9, 0x55d9, 0x4dda, 0x4dda, 0x4ddb, 0x45db, 0x45db, 0x45bc, 0x45bc, 
	0x3dbd, 0x3dbd, 0x3dbe, 0x3dbe, 0x3dbf, 0x3dbf, 0x3dbf, 0x3dde, 0x45de, 0x45dd, 0x4ddd, 0x4ddc, 0x4dfc, 0x55fb, 0x55fb, 0x55fa, 
	0x5dfa, 0x5dfa, 0x5e19, 0x5e19, 0x6619, 0x6619, 0x6618, 0x6618, 0x6618, 0x6618, 0x6e18, 0x6e18, 0x6e18, 0x6e17, 0x6e17, 0x6e17, 
	0x6e18, 0x6e18, 0x6e18, 0x6618, 0x6618, 0x6618, 0x6618, 0x6619, 0x6619, 0x5e19, 0x5e19, 0x5dfa, 0x5dfa, 0x55fa, 0x55fb, 0x55fb, 
	0x4dfc, 0x4ddc, 0x4ddd, 0x45dd, 0x45de, 0x3dde, 0x3dbf, 0x3dbf, 0x3dbf, 0x3dbe, 0x3dbe, 0x3dbd, 0x3dbd, 0x45bc, 0x45bc, 0x45db, 
	0x45db, 0x4ddb, 0x4dda, 0x4dda, 0x4dd9, 0x55d9, 0x55f9, 0x55f9, 0x5df8, 0x5df8, 0x5df8, 0x6618, 0x6618, 0x6e17, 0x6e37, 0x7637, 
	0x7637, 0x7658, 0x7e58, 0x7e78, 0x8678, 0x8678, 0x8e98, 0x9699, 0x96b9, 0x9eda, 0x9eda, 0xa6fb, 0xaefb, 0xaf1c, 0xb71c, 0xb73d, 
	0xa6fb, 0x9eda, 0x9eda, 0x96b9, 0x96b9, 0x8e99, 0x8e98, 0x8678, 0x8678, 0x7e58, 0x7e58, 0x7637, 0x7637, 0x6e37, 0x6e17, 0x6618, 
	0x6618, 0x65f8, 0x5df8, 0x5df8, 0x55f9, 0x55f9, 0x55d9, 0x4dd9, 0x4dda, 0x4dda, 0x4ddb, 0x45db, 0x45dc, 0x45bc, 0x45bd, 0x3dbd, 
	0x3dbe, 0x3dbe, 0x3dbf, 0x3dbf, 0x3dbf, 0x3dde, 0x45de, 0x45dd, 0x4ddd, 0x4ddc, 0x4dfc, 0x55fb, 0x55fb, 0x5dfa, 0x5dfa, 0x5e19, 
	0x6619, 0x6619, 0x6618, 0x6618, 0x6e18, 0x6e17, 0x6e37, 0x6e37, 0x6e37, 0x6e37, 0x6e36, 0x7636, 0x7636, 0x7636, 0x7636, 0x7636, 
	0x7636, 0x7636, 0x7636, 0x6e37, 0x6e37, 0x6e37, 0x6e37, 0x6e17, 0x6e18, 0x6618, 0x6618, 0x6619, 0x6619, 0x5e19, 0x5e1a, 0x5dfa, 
	0x55fb, 0x55fb, 0x55fc, 0x4dfc, 0x4ddd, 0x45dd, 0x45de, 0x3dde, 0x3dbf, 0x3dbf, 0x3dbf, 0x3dbe, 0x3dbe, 0x3dbd, 0x45bd, 0x45bc, 
	0x45dc, 0x45db, 0x4ddb, 0x4dda, 0x4dda, 0x4dd9, 0x55d9, 0x55f9, 0x55f9, 0x5df8, 0x5df8, 0x5df8, 0x6618, 0x6618, 0x6e17, 0x6e37, 
	0x7637, 0x7637, 0x7e58, 0x7e58, 0x7e78, 0x8678, 0x8e98, 0x8e99, 0x96b9, 0x96b9, 0x9eda, 0x9eda, 0xa6fb, 0xaefb, 0xaf1c, 0xb71c, 
	0xa6da, 0x9eda, 0x96b9, 0x96b9, 0x8e99, 0x8e98, 0x8678, 0x8678, 0x7e58, 0x7e58, 0x7657, 0x7637, 0x6e37, 0x6e17, 0x6618, 0x6618, 
	0x5df8, 0x5df8, 0x5df8, 0x55f9, 0x55f9, 0x55d9, 0x4dd9, 0x4dda, 0x4dda, 0x4ddb, 0x45db, 0x45dc, 0x45bc, 0x45bd, 0x3dbd, 0x3dbe, 
	0x3dbe, 0x3dbf, 0x3dbf, 0x3dbf, 0x45de, 0x45dd, 0x4ddd, 0x4ddc, 0x55fc, 0x55fb, 0x55fa, 0x5dfa, 0x5e19, 0x6619, 0x6619, 0x6618, 
	0x6618, 0x6e17, 0x6e37, 0x6e37, 0x7636, 0x7636, 0x7636, 0x7636, 0x7636, 0x7635, 0x7635, 0x7e35, 0x7e35, 0x7e35, 0x7e35, 0x7e35, 
	0x7e35, 0x7e35, 0x7635, 0x7635, 0x7636, 0x7636, 0x7636, 0x7636, 0x7636, 0x6e37, 0x6e37, 0x6e37, 0x6e18, 0x6618, 0x6618, 0x6619, 
	0x5e19, 0x5dfa, 0x55fa, 0x55fb, 0x55fb, 0x4dfc, 0x4ddd, 0x45dd, 0x45de, 0x3dbe, 0x3dbf, 0x3dbf, 0x3dbe, 0x3dbe, 0x3dbd, 0x3dbd, 
	0x45bc, 0x45bc, 0x45db, 0x45db, 0x4dda, 0x4dda, 0x4dda, 0x55d9, 0x55f9, 0x55f9, 0x5df8, 0x5df8, 0x5df8, 0x6618, 0x6618, 0x6e17, 
	0x6e37, 0x7637, 0x7637, 0x7e58, 0x7e58, 0x8678, 0x8678, 0x8e98, 0x8e99, 0x96b9, 0x96b9, 0x9eda, 0xa6da, 0xa6fb, 0xaf1c, 0xaf1c, 
	0x9eda, 0x9eba, 0x96b9, 0x8e99, 0x8e98, 0x8678, 0x8678, 0x7e58, 0x7e58, 0x7657, 0x7637, 0x6e37, 0x6e17, 0x6618, 0x6618, 0x6618, 
	0x5df8, 0x5df8, 0x55f9, 0x55f9, 0x55d9, 0x4dda, 0x4dda, 0x4dda, 0x45db, 0x45db, 0x45bc, 0x45bc, 0x3dbd, 0x3dbd, 0x3dbe, 0x3dbf, 
	0x3dbf, 0x3dbf, 0x3dde, 0x45dd, 0x4ddd, 0x4ddc, 0x4dfc, 0x55fb, 0x55fa, 0x5dfa, 0x5e19, 0x6619, 0x6618, 0x6618, 0x6e17, 0x6e37, 
	0x6e37, 0x7636, 0x7636, 0x7636, 0x7635, 0x7e55, 0x7e55, 0x7e55, 0x7e54, 0x7e54, 0x7e54, 0x7e54, 0x8654, 0x8654, 0x8654, 0x8654, 
	0x8654, 0x8654, 0x7e54, 0x7e54, 0x7e54, 0x7e54, 0x7e55, 0x7e55, 0x7635, 0x7636, 0x7636, 0x7636, 0x6e37, 0x6e37, 0x6e37, 0x6618, 
	0x6618, 0x6619, 0x5e19, 0x5dfa, 0x55fa, 0x55fb, 0x55fc, 0x4ddc, 0x4ddd, 0x45dd, 0x45de, 0x3dbf, 0x3dbf, 0x3dbf, 0x3dbe, 0x3dbe, 
	0x3dbd, 0x45bc, 0x45bc, 0x45db, 0x45db, 0x4dda, 0x4dda, 0x4dda, 0x55d9, 0x55f9, 0x55f9, 0x5df8, 0x5df8, 0x5df8, 0x6618, 0x6618, 
	0x6e17, 0x6e37, 0x7637, 0x7657, 0x7e58, 0x7e58, 0x8678, 0x8678, 0x8e98, 0x8e99, 0x96b9, 0x96b9, 0x9eda, 0xa6fb, 0xa6fb, 0xaf1c, 
	0x9eda, 0x96b9, 0x96b9, 0x8e99, 0x8698, 0x8678, 0x7e78, 0x7e58, 0x7657, 0x7637, 0x6e37, 0x6e37, 0x6618, 0x6618, 0x6618, 0x5df8, 
	0x5df8, 0x55f9, 0x55f9, 0x55d9, 0x4dda, 0x4dda, 0x4dda, 0x45db, 0x45db, 0x45bc, 0x45bc, 0x3dbd, 0x3dbe, 0x3dbe, 0x3dbf, 0x3dbf, 
	0x3dbf, 0x45de, 0x45dd, 0x4ddc, 0x4dfc, 0x55fb, 0x55fb, 0x5dfa, 0x5e19, 0x6619, 0x6618, 0x6e18, 0x6e37, 0x6e37, 0x7636, 0x7636, 
	0x7635, 0x7e55, 0x7e55, 0x7e54, 0x7e54, 0x8654, 0x8654, 0x8653, 0x8653, 0x8653, 0x8653, 0x8653, 0x8e73, 0x8e73, 0x8e73, 0x8e73, 
	0x8e73, 0x8653, 0x8653, 0x8653, 0x8653, 0x8653, 0x8654, 0x8654, 0x7e54, 0x7e54, 0x7e55, 0x7e55, 0x7635, 0x7636, 0x7636, 0x6e37, 
	0x6e37, 0x6e18, 0x6618, 0x6619, 0x5e19, 0x5dfa, 0x55fa, 0x55fb, 0x4dfc, 0x4ddc, 0x45dd, 0x45de, 0x3dbe, 0x3dbf, 0x3dbf, 0x3dbe, 
	0x3dbe, 0x3dbd, 0x45bc, 0x45bc, 0x45db, 0x45db, 0x4dda, 0x4dda, 0x4dda, 0x55d9, 0x55f9, 0x55f9, 0x5df8, 0x5df8, 0x6618, 0x6618, 
	0x6618, 0x6e17, 0x6e37, 0x7637, 0x7657, 0x7e58, 0x7e78, 0x8678, 0x8678, 0x8e98, 0x8e99, 0x96b9, 0x9eda, 0x9eda, 0xa6fb, 0xaefb, 
	0x96b9, 0x96b9, 0x8e99, 0x8e98, 0x8678, 0x7e78, 0x7e58, 0x7658, 0x7637, 0x6e37, 0x6e37, 0x6e18, 0x6618, 0x6618, 0x5df8, 0x5df8, 
	0x55f8, 0x55f9, 0x55d9, 0x4dda, 0x4dda, 0x4dda, 0x45db, 0x45db, 0x45bc, 0x45bc, 0x3dbd, 0x3dbe, 0x3dbe, 0x3dbf, 0x3dbf, 0x3dde, 
	0x45de, 0x45dd, 0x4ddc, 0x55fb, 0x55fb, 0x5dfa, 0x5e19, 0x6619, 0x6618, 0x6e18, 0x6e37, 0x6e37, 0x7636, 0x7636, 0x7e35, 0x7e55, 
	0x7e54, 0x8654, 0x8653, 0x8653, 0x8653, 0x8e73, 0x8e72, 0x8e72, 0x8e72, 0x8e72, 0x8e72, 0x8e71, 0x8e71, 0x9671, 0x9671, 0x9671, 
	0x8e71, 0x8e71, 0x8e72, 0x8e72, 0x8e72, 0x8e72, 0x8e72, 0x8e73, 0x8653, 0x8653, 0x8653, 0x8654, 0x7e54, 0x7e55, 0x7e55, 0x7636, 
	0x7636, 0x6e37, 0x6e37, 0x6e18, 0x6618, 0x6619, 0x5e19, 0x5dfa, 0x55fb, 0x55fb, 0x4ddc, 0x4ddd, 0x45dd, 0x3dde, 0x3dbf, 0x3dbf, 
	0x3dbe, 0x3dbe, 0x3dbd, 0x45bd, 0x45bc, 0x45db, 0x45db, 0x4dda, 0x4dda, 0x4dda, 0x55d9, 0x55f9, 0x55f9, 0x5df8, 0x5df8, 0x6618, 
	0x6618, 0x6618, 0x6e37, 0x6e37, 0x7637, 0x7658, 0x7e58, 0x7e78, 0x8678, 0x8698, 0x8e99, 0x96b9, 0x96b9, 0x9eda, 0x9eda, 0xa6fb, 
	0x96b9, 0x8e99, 0x8e98, 0x8678, 0x8678, 0x7e58, 0x7e57, 0x7637, 0x7637, 0x6e37, 0x6e17, 0x6618, 0x6618, 0x5df8, 0x5df8, 0x55f8, 
	0x55f9, 0x55d9, 0x4dd9, 0x4dda, 0x4dda, 0x45db, 0x45db, 0x45bc, 0x45bd, 0x3dbd, 0x3dbe, 0x3dbe, 0x3dbf, 0x3dbf, 0x45de, 0x45dd, 
	0x4ddd, 0x4dfc, 0x55fb, 0x55fa, 0x5e1a, 0x5e19, 0x6618, 0x6618, 0x6e37, 0x6e37, 0x7636, 0x7635, 0x7e55, 0x7e54, 0x7e54, 0x8654, 
	0x8653, 0x8673, 0x8e72, 0x8e72, 0x8e72, 0x8e71, 0x9671, 0x9671, 0x9671, 0x9670, 0x9670, 0x9690, 0x9690, 0x9690, 0x9690, 0x9690, 
	0x9690, 0x9690, 0x9690, 0x9670, 0x9671, 0x9671, 0x9671, 0x8e71, 0x8e72, 0x8e72, 0x8e72, 0x8673, 0x8653, 0x8653, 0x7e54, 0x7e54, 
	0x7e55, 0x7635, 0x7636, 0x6e37, 0x6e37, 0x6e18, 0x6618, 0x6619, 0x5e1a, 0x55fa, 0x55fb, 0x4dfc, 0x4ddc, 0x45dd, 0x45de, 0x3dbf, 
	0x3dbf, 0x3dbf, 0x3dbe, 0x3dbd, 0x45bd, 0x45bc, 0x45db, 0x45db, 0x4dda, 0x4dda, 0x4dd9, 0x55d9, 0x55f9, 0x55f8, 0x5df8, 0x5df8, 
	0x6618, 0x6618, 0x6e17, 0x6e37, 0x7637, 0x7637, 0x7e57, 0x7e58, 0x8678, 0x8678, 0x8e98, 0x8e99, 0x96b9, 0x96b9, 0x9eda, 0xa6fa, 
	0x8eb9, 0x8e98, 0x8678, 0x8678, 0x7e78, 0x7e57, 0x7657, 0x7637, 0x6e37, 0x6e17, 0x6617, 0x6618, 0x5df8, 0x5df8, 0x5df8, 0x55f9, 
	0x55d9, 0x4dd9, 0x4dda, 0x4dda, 0x45db, 0x45db, 0x45bc, 0x45bd, 0x3dbd, 0x3dbe, 0x3dbf, 0x3dbf, 0x3dbf, 0x45de, 0x45dd, 0x4ddc, 
	0x4dfc, 0x55fb, 0x5dfa, 0x5e19, 0x6619, 0x6618, 0x6e37, 0x6e37, 0x7636, 0x7635, 0x7e55, 0x7e54, 0x8654, 0x8653, 0x8653, 0x8e72, 
	0x8e72, 0x8e72, 0x9671, 0x9671, 0x9670, 0x9690, 0x9e90, 0x9e90, 0x9e8f, 0x9e8f, 0x9e8f, 0x9e8f, 0x9e8f, 0x9e8f, 0x9e8f, 0x9e8f, 
	0x9e8f, 0x9e8f, 0x9e8f, 0x9e8f, 0x9e8f, 0x9e90, 0x9e90, 0x9690, 0x9670, 0x9671, 0x9671, 0x8e71, 0x8e72, 0x8e72, 0x8653, 0x8653, 
	0x8654, 0x7e54, 0x7e55, 0x7635, 0x7636, 0x6e37, 0x6e37, 0x6618, 0x6619, 0x5e19, 0x5dfa, 0x55fb, 0x55fc, 0x4ddc, 0x45dd, 0x45de, 
	0x3dbf, 0x3dbf, 0x3dbf, 0x3dbe, 0x3dbd, 0x45bd, 0x45bc, 0x45db, 0x45db, 0x4dda, 0x4dda, 0x4dd9, 0x55d9, 0x55f9, 0x55f8, 0x5df8, 
	0x5df8, 0x6618, 0x6617, 0x6e17, 0x6e37, 0x7637, 0x7657, 0x7e57, 0x7e58, 0x8678, 0x8678, 0x8e98, 0x8e99, 0x96b9, 0x9eda, 0x9eda, 
	0x8e99, 0x8698, 0x8678, 0x7e78, 0x7e58, 0x7657, 0x7637, 0x6e37, 0x6e37, 0x6617, 0x6618, 0x5df8, 0x5df8, 0x5df8, 0x55f9, 0x55d9, 
	0x4dd9, 0x4dda, 0x4dda, 0x45db, 0x45db, 0x45bc, 0x45bc, 0x3dbd, 0x3dbe, 0x3dbf, 0x3dbf, 0x3dbf, 0x45de, 0x45dd, 0x4ddc, 0x55fb, 
	0x55fb, 0x5dfa, 0x5e19, 0x6618, 0x6e18, 0x6e37, 0x7636, 0x7636, 0x7e55, 0x7e54, 0x8654, 0x8653, 0x8673, 0x8e72, 0x8e72, 0x9671, 
	0x9671, 0x9690, 0x9e90, 0x9e90, 0x9e8f, 0x9e8f, 0xa68f, 0xa68e, 0xa68e, 0xa68e, 0xa6ae, 0xa6ae, 0xa6ae, 0xa6ae, 0xa6ae, 0xa6ae, 
	0xa6ae, 0xa6ae, 0xa6ae, 0xa6ae, 0xa68e, 0xa68e, 0xa68f, 0x9e8f, 0x9e8f, 0x9e90, 0x9e90, 0x9690, 0x9671, 0x9671, 0x8e72, 0x8e72, 
	0x8673, 0x8653, 0x8654, 0x7e54, 0x7e55, 0x7636, 0x7636, 0x6e37, 0x6e18, 0x6618, 0x5e19, 0x5dfa, 0x55fb, 0x55fb, 0x4ddc, 0x45dd, 
	0x45de, 0x3dbf, 0x3dbf, 0x3dbf, 0x3dbe, 0x3dbd, 0x45bd, 0x45bc, 0x45db, 0x45db, 0x4dda, 0x4dda, 0x4dd9, 0x55d9, 0x55f9, 0x5df8, 
	0x5df8, 0x5df8, 0x6618, 0x6617, 0x6e17, 0x6e37, 0x7637, 0x7657, 0x7e58, 0x7e78, 0x8678, 0x8698, 0x8e99, 0x96b9, 0x96b9, 0x9eda, 
	0x8e98, 0x8678, 0x8678, 0x7e58, 0x7657, 0x7637, 0x6e37, 0x6e37, 0x6617, 0x6618, 0x6618, 0x5df8, 0x5df8, 0x55f9, 0x55f9, 0x55d9, 
	0x4dda, 0x4dda, 0x4ddb, 0x45db, 0x45bc, 0x45bc, 0x3dbd, 0x3dbe, 0x3dbf, 0x3dbf, 0x3dbf, 0x45de, 0x45dd, 0x4ddc, 0x55fb, 0x55fa, 
	0x5e1a, 0x6619, 0x6618, 0x6e37, 0x6e37, 0x7636, 0x7635, 0x7e55, 0x7e54, 0x8653, 0x8673, 0x8e72, 0x8e72, 0x9671, 0x9671, 0x9690, 
	0x9e90, 0x9e8f, 0x9e8f, 0xa68e, 0xa6ae, 0xa6ae, 0xa6ae, 0xaead, 0xaead, 0xaead, 0xaead, 0xaead, 0xaeac, 0xaeac, 0xaeac, 0xaeac, 
	0xaeac, 0xaead, 0xaead, 0xaead, 0xaead, 0xaead, 0xaead, 0xa6ae, 0xa6ae, 0xa68e, 0x9e8f, 0x9e8f, 0x9e90, 0x9690, 0x9671, 0x9671, 
	0x8e72, 0x8e72, 0x8673, 0x8653, 0x7e54, 0x7e55, 0x7635, 0x7636, 0x6e37, 0x6e37, 0x6618, 0x6619, 0x5e1a, 0x55fa, 0x55fb, 0x4dfc, 
	0x4ddd, 0x45de, 0x3dbf, 0x3dbf, 0x3dbf, 0x3dbe, 0x3dbd, 0x45bd, 0x45bc, 0x45db, 0x4ddb, 0x4dda, 0x4dda, 0x55d9, 0x55d9, 0x55f9, 
	0x5df8, 0x5df8, 0x6618, 0x6618, 0x6617, 0x6e37, 0x6e37, 0x7637, 0x7657, 0x7e58, 0x8678, 0x8678, 0x8e98, 0x8e99, 0x96b9, 0x9ed9, 
	0x8698, 0x8678, 0x7e78, 0x7e57, 0x7657, 0x7637, 0x6e37, 0x6e17, 0x6617, 0x6618, 0x5df8, 0x5df8, 0x55f8, 0x55f9, 0x55d9, 0x4dda, 
	0x4dda, 0x4ddb, 0x45db, 0x45dc, 0x45bc, 0x3dbd, 0x3dbe, 0x3dbe, 0x3dbf, 0x3dbf, 0x45de, 0x45dd, 0x4dfc, 0x55fb, 0x55fa, 0x5e1a, 
	0x6619, 0x6618, 0x6e37, 0x7636, 0x7636, 0x7e55, 0x7e54, 0x8654, 0x8653, 0x8e72, 0x8e72, 0x9671, 0x9671, 0x9e90, 0x9e8f, 0x9e8f, 
	0xa68e, 0xa6ae, 0xa6ae, 0xaead, 0xaead, 0xaead, 0xaeac, 0xb6ac, 0xb6ac, 0xb6cc, 0xb6cb, 0xb6cb, 0xb6cb, 0xb6cb, 0xb6cb, 0xb6cb, 
	0xb6cb, 0xb6cb, 0xb6cb, 0xb6cc, 0xb6ac, 0xb6ac, 0xaeac, 0xaead, 0xaead, 0xaead, 0xa6ae, 0xa6ae, 0xa68e, 0x9e8f, 0x9e8f, 0x9e90, 
	0x9690, 0x9671, 0x8e72, 0x8e72, 0x8653, 0x8654, 0x7e54, 0x7e55, 0x7636, 0x7636, 0x6e37, 0x6618, 0x6619, 0x5e19, 0x5dfa, 0x55fb, 
	0x4dfc, 0x4ddd, 0x45de, 0x3dbf, 0x3dbf, 0x3dbf, 0x3dbe, 0x3dbd, 0x45bc, 0x45bc, 0x45db, 0x4ddb, 0x4dda, 0x4dda, 0x55d9, 0x55f9, 
	0x55f8, 0x5df8, 0x5df8, 0x6618, 0x6618, 0x6e17, 0x6e37, 0x7637, 0x7657, 0x7e57, 0x7e78, 0x8678, 0x8698, 0x8e98, 0x96b9, 0x96b9, 
	0x8678, 0x7e78, 0x7e58, 0x7657, 0x7637, 0x6e37, 0x6e37, 0x6617, 0x6618, 0x5df8, 0x5df8, 0x5df8, 0x55f9, 0x55d9, 0x4dd9, 0x4dda, 
	0x4dda, 0x45db, 0x45dc, 0x45bc, 0x3dbd, 0x3dbe, 0x3dbe, 0x3dbf, 0x3dbf, 0x45de, 0x45dd, 0x4dfc, 0x55fb, 0x55fa, 0x5e19, 0x6619, 
	0x6618, 0x6e37, 0x7636, 0x7635, 0x7e55, 0x7e54, 0x8653, 0x8e73, 0x8e72, 0x9671, 0x9671, 0x9e90, 0x9e8f, 0x9e8f, 0xa68e, 0xa6ae, 
	0xaead, 0xaead, 0xaeac, 0xb6ac, 0xb6cc, 0xb6cb, 0xb6cb, 0xbecb, 0xbecb, 0xbeca, 0xbeca, 0xbeca, 0xbeca, 0xbeca, 0xbeca, 0xbeca, 
	0xbeca, 0xbeca, 0xbeca, 0xbeca, 0xbecb, 0xbecb, 0xb6cb, 0xb6cb, 0xb6cc, 0xb6ac, 0xaeac, 0xaead, 0xaead, 0xa6ae, 0xa68e, 0x9e8f, 
	0x9e8f, 0x9e90, 0x9671, 0x9671, 0x8e72, 0x8e72, 0x8653, 0x7e54, 0x7e55, 0x7635, 0x7636, 0x6e37, 0x6e18, 0x6619, 0x5e19, 0x5dfa, 
	0x55fb, 0x4dfc, 0x4ddd, 0x45de, 0x3dbf, 0x3dbf, 0x3dbe, 0x3dbe, 0x3dbd, 0x45bc, 0x45dc, 0x45db, 0x4ddb, 0x4dda, 0x4dd9, 0x55d9, 
	0x55f9, 0x5df8, 0x5df8, 0x5df8, 0x6618, 0x6617, 0x6e37, 0x6e37, 0x7637, 0x7657, 0x7e58, 0x7e78, 0x8678, 0x8e98, 0x8e99, 0x96b9, 
	0x8678, 0x7e58, 0x7e57, 0x7657, 0x7637, 0x6e37, 0x6e17, 0x6618, 0x6618, 0x5df8, 0x5df8, 0x55f9, 0x55d9, 0x4dd9, 0x4dda, 0x4dda, 
	0x45db, 0x45db, 0x45bc, 0x3dbd, 0x3dbd, 0x3dbe, 0x3dbf, 0x3dbf, 0x45de, 0x45dd, 0x4ddc, 0x55fb, 0x55fa, 0x5e19, 0x6619, 0x6e18, 
	0x6e37, 0x7636, 0x7635, 0x7e54, 0x8654, 0x8653, 0x8e72, 0x8e72, 0x9671, 0x9690, 0x9e90, 0x9e8f, 0xa68e, 0xa6ae, 0xaead, 0xaead, 
	0xaeac, 0xb6cc, 0xb6cb, 0xbecb, 0xbecb, 0xbeca, 0xbeca, 0xbeca, 0xc6e9, 0xc6e9, 0xc6e9, 0xc6e9, 0xc6e9, 0xc6e9, 0xc6e9, 0xc6e9, 
	0xc6e9, 0xc6e9, 0xc6e9, 0xc6e9, 0xc6e9, 0xc6ca, 0xbeca, 0xbeca, 0xbeca, 0xbecb, 0xb6cb, 0xb6cc, 0xb6ac, 0xaead, 0xaead, 0xa6ae, 
	0xa68e, 0x9e8f, 0x9e8f, 0x9690, 0x9671, 0x8e71, 0x8e72, 0x8653, 0x8654, 0x7e54, 0x7635, 0x7636, 0x6e37, 0x6e18, 0x6618, 0x5e19, 
	0x5dfa, 0x55fb, 0x4dfc, 0x45dd, 0x45de, 0x3dbf, 0x3dbf, 0x3dbe, 0x3dbe, 0x3dbd, 0x45bc, 0x45dc, 0x45db, 0x4dda, 0x4dda, 0x4dd9, 
	0x55d9, 0x55f9, 0x5df8, 0x5df8, 0x6618, 0x6618, 0x6617, 0x6e37, 0x6e37, 0x7637, 0x7e57, 0x7e58, 0x8678, 0x8678, 0x8e98, 0x8e99, 
	0x7e78, 0x7e58, 0x7657, 0x7637, 0x6e37, 0x6e17, 0x6617, 0x6618, 0x5df8, 0x5df8, 0x55f8, 0x55d9, 0x55d9, 0x4dda, 0x4dda, 0x4ddb, 
	0x45db, 0x45bc, 0x45bd, 0x3dbd, 0x3dbe, 0x3dbf, 0x3dbf, 0x45de, 0x45dd, 0x4ddc, 0x55fb, 0x55fa, 0x5e19, 0x6619, 0x6e18, 0x6e37, 
	0x7636, 0x7e35, 0x7e54, 0x8654, 0x8673, 0x8e72, 0x9671, 0x9671, 0x9e90, 0x9e8f, 0xa68e, 0xa6ae, 0xaead, 0xaead, 0xb6ac, 0xb6cc, 
	0xb6cb, 0xbecb, 0xbeca, 0xbeca, 0xc6e9, 0xc6e9, 0xc6e9, 0xc6e8, 0xcee8, 0xcee8, 0xcee8, 0xcee8, 0xcee8, 0xcee7, 0xcee7, 0xcee7, 
	0xcee8, 0xcee8, 0xcee8, 0xcee8, 0xcee8, 0xc6e8, 0xc6e9, 0xc6e9, 0xc6e9, 0xbeca, 0xbeca, 0xbecb, 0xb6cb, 0xb6cc, 0xb6ac, 0xaead, 
	0xaead, 0xa6ae, 0xa68e, 0x9e8f, 0x9e90, 0x9670, 0x9671, 0x8e72, 0x8673, 0x8653, 0x7e54, 0x7e55, 0x7636, 0x6e37, 0x6e18, 0x6618, 
	0x5e19, 0x5dfa, 0x55fb, 0x4ddc, 0x45dd, 0x45de, 0x3dbf, 0x3dbf, 0x3dbe, 0x3dbd, 0x45bd, 0x45bc, 0x45db, 0x45db, 0x4dda, 0x4dda, 
	0x55d9, 0x55d9, 0x55f8, 0x5df8, 0x5df8, 0x6618, 0x6617, 0x6e17, 0x6e37, 0x7637, 0x7657, 0x7e58, 0x7e78, 0x8678, 0x8e98, 0x8e99, 
	0x7e58, 0x7e57, 0x7637, 0x6e37, 0x6e37, 0x6617, 0x6618, 0x5df8, 0x5df8, 0x5df8, 0x55f9, 0x55d9, 0x4dd9, 0x4dda, 0x4dda, 0x45db, 
	0x45bc, 0x45bc, 0x3dbd, 0x3dbe, 0x3dbf, 0x3dbf, 0x3dde, 0x45dd, 0x4ddc, 0x55fb, 0x55fa, 0x5e1a, 0x6619, 0x6e18, 0x6e37, 0x7636, 
	0x7e55, 0x7e54, 0x8653, 0x8673, 0x8e72, 0x9671, 0x9690, 0x9e90, 0x9e8f, 0xa6ae, 0xaead, 0xaead, 0xb6ac, 0xb6cc, 0xb6cb, 0xbeca, 
	0xbeca, 0xc6e9, 0xc6e9, 0xc6e9, 0xcee8, 0xcee8, 0xcee8, 0xcee7, 0xd707, 0xd707, 0xd707, 0xd706, 0xd706, 0xd706, 0xd706, 0xd706, 
	0xd706, 0xd706, 0xd707, 0xd707, 0xd707, 0xcee7, 0xcee7, 0xcee8, 0xcee8, 0xc6e9, 0xc6e9, 0xc6e9, 0xbeca, 0xbeca, 0xb6cb, 0xb6cc, 
	0xb6ac, 0xaead, 0xaead, 0xa6ae, 0x9e8f, 0x9e8f, 0x9690, 0x9671, 0x8e72, 0x8e73, 0x8653, 0x7e54, 0x7e55, 0x7636, 0x6e37, 0x6e18, 
	0x6619, 0x5e19, 0x55fa, 0x55fb, 0x4ddc, 0x45dd, 0x3dde, 0x3dbf, 0x3dbf, 0x3dbe, 0x3dbd, 0x45bc, 0x45bc, 0x45db, 0x4ddb, 0x4dda, 
	0x4dd9, 0x55d9, 0x55f9, 0x5df8, 0x5df8, 0x5df8, 0x6618, 0x6617, 0x6e17, 0x6e37, 0x7637, 0x7657, 0x7e58, 0x8678, 0x8678, 0x8e98, 
	0x7e58, 0x7657, 0x7637, 0x6e37, 0x6e17, 0x6617, 0x6618, 0x5df8, 0x5df8, 0x55f8, 0x55d9, 0x55d9, 0x4dda, 0x4dda, 0x45db, 0x45db, 
	0x45bc, 0x3dbd, 0x3dbe, 0x3dbe, 0x3dbf, 0x3dbe, 0x45dd, 0x4ddd, 0x55fc, 0x55fb, 0x5e1a, 0x6619, 0x6618, 0x6e37, 0x7636, 0x7e55, 
	0x7e54, 0x8653, 0x8e73, 0x8e72, 0x9671, 0x9690, 0x9e8f, 0xa68f, 0xa6ae, 0xaead, 0xaeac, 0xb6cc, 0xb6cb, 0xbecb, 0xbeca, 0xc6e9, 
	0xc6e9, 0xcee8, 0xcee8, 0xcee7, 0xd707, 0xd707, 0xd706, 0xd706, 0xdf06, 0xdf06, 0xdf05, 0xdf05, 0xdf05, 0xdf05, 0xdf05, 0xdf05, 
	0xdf05, 0xdf05, 0xdf05, 0xdf06, 0xdf06, 0xd706, 0xd706, 0xd707, 0xd707, 0xcee7, 0xcee8, 0xcee8, 0xc6e9, 0xc6e9, 0xbeca, 0xbeca, 
	0xb6cb, 0xb6cc, 0xaeac, 0xaead, 0xa6ae, 0xa68e, 0x9e8f, 0x9e90, 0x9671, 0x8e72, 0x8e72, 0x8653, 0x7e54, 0x7e55, 0x7636, 0x6e37, 
	0x6e18, 0x6619, 0x5e1a, 0x55fa, 0x55fb, 0x4ddc, 0x45dd, 0x3dde, 0x3dbf, 0x3dbf, 0x3dbe, 0x3dbd, 0x45bc, 0x45bc, 0x45db, 0x4dda, 
	0x4dda, 0x4dd9, 0x55d9, 0x55f9, 0x5df8, 0x5df8, 0x6618, 0x6618, 0x6e17, 0x6e37, 0x7637, 0x7657, 0x7e58, 0x7e58, 0x8678, 0x8e98, 
	0x7e57, 0x7637, 0x6e37, 0x6e17, 0x6617, 0x6618, 0x5df8, 0x5df8, 0x5df8, 0x55f9, 0x55d9, 0x4dda, 0x4dda, 0x4ddb, 0x45db, 0x45bc, 
	0x45bd, 0x3dbd, 0x3dbe, 0x3dbf, 0x3dbf, 0x45de, 0x4ddd, 0x4dfc, 0x55fb, 0x5dfa, 0x6619, 0x6618, 0x6e37, 0x7636, 0x7e35, 0x7e54, 
	0x8653, 0x8e72, 0x8e72, 0x9671, 0x9e90, 0x9e8f, 0xa68e, 0xa6ae, 0xaead, 0xb6ac, 0xb6cb, 0xbecb, 0xbeca, 0xc6e9, 0xc6e9, 0xcee8, 
	0xcee8, 0xcee7, 0xd707, 0xd706, 0xd706, 0xdf05, 0xdf05, 0xdf05, 0xdf25, 0xe724, 0xe724, 0xe724, 0xe724, 0xe724, 0xe724, 0xe724, 
	0xe724, 0xe724, 0xe724, 0xe724, 0xdf25, 0xdf25, 0xdf05, 0xdf05, 0xd706, 0xd706, 0xd707, 0xcf07, 0xcee8, 0xcee8, 0xc6e9, 0xc6e9, 
	0xbeca, 0xbecb, 0xb6cb, 0xb6ac, 0xaead, 0xa6ad, 0xa68e, 0x9e8f, 0x9e90, 0x9671, 0x8e72, 0x8e72, 0x8653, 0x7e54, 0x7e55, 0x7636, 
	0x6e37, 0x6618, 0x6619, 0x5e1a, 0x55fb, 0x4dfc, 0x4ddd, 0x45de, 0x3dbf, 0x3dbf, 0x3dbe, 0x3dbd, 0x3dbd, 0x45bc, 0x45db, 0x4ddb, 
	0x4dda, 0x4dda, 0x55d9, 0x55f9, 0x55f8, 0x5df8, 0x5df8, 0x6618, 0x6617, 0x6e17, 0x6e37, 0x7637, 0x7e57, 0x7e58, 0x8678, 0x8678, 
	0x7657, 0x7637, 0x6e37, 0x6e17, 0x6617, 0x6618, 0x5df8, 0x5df8, 0x55f9, 0x55d9, 0x4dd9, 0x4dda, 0x4dda, 0x45db, 0x45bc, 0x45bc, 
	0x3dbd, 0x3dbe, 0x3dbf, 0x3dbf, 0x45de, 0x45dd, 0x4dfc, 0x55fb, 0x5dfa, 0x5e19, 0x6618, 0x6e37, 0x7636, 0x7635, 0x7e54, 0x8653, 
	0x8e72, 0x8e72, 0x9671, 0x9e90, 0x9e8f, 0xa68e, 0xaead, 0xaead, 0xb6ac, 0xb6cb, 0xbeca, 0xbeca, 0xc6e9, 0xc6e8, 0xcee8, 0xcf07, 
	0xd707, 0xd706, 0xdf06, 0xdf05, 0xdf25, 0xe724, 0xe724, 0xe724, 0xe723, 0xef23, 0xef23, 0xef23, 0xef23, 0xef23, 0xef23, 0xef23, 
	0xef23, 0xef23, 0xef23, 0xef23, 0xe723, 0xe724, 0xe724, 0xe724, 0xdf25, 0xdf05, 0xdf06, 0xd706, 0xd707, 0xcf07, 0xcee8, 0xcee8, 
	0xc6e9, 0xbeca, 0xbeca, 0xb6cb, 0xb6cc, 0xaead, 0xaead, 0xa6ae, 0x9e8f, 0x9e90, 0x9671, 0x8e71, 0x8e72, 0x8653, 0x7e54, 0x7e35, 
	0x7636, 0x6e37, 0x6618, 0x6619, 0x5dfa, 0x55fb, 0x4dfc, 0x45dd, 0x45de, 0x3dbf, 0x3dbf, 0x3dbe, 0x3dbd, 0x45bc, 0x45bc, 0x45db, 
	0x4dda, 0x4dda, 0x4dd9, 0x55d9, 0x55f9, 0x5df8, 0x5df8, 0x6618, 0x6618, 0x6e17, 0x6e37, 0x7637, 0x7657, 0x7e58, 0x7e78, 0x8678, 
	0x7637, 0x7637, 0x6e37, 0x6617, 0x6618, 0x5df8, 0x5df8, 0x5df8, 0x55f9, 0x55d9, 0x4dda, 0x4dda, 0x45db, 0x45db, 0x45bc, 0x3dbd, 
	0x3dbe, 0x3dbe, 0x3dbf, 0x3dbe, 0x45dd, 0x4ddc, 0x55fb, 0x55fa, 0x5e19, 0x6618, 0x6e37, 0x7636, 0x7635, 0x7e54, 0x8653, 0x8e73, 
	0x8e72, 0x9671, 0x9e90, 0x9e8f, 0xa6ae, 0xaead, 0xaeac, 0xb6cc, 0xbecb, 0xbeca, 0xc6e9, 0xc6e9, 0xcee8, 0xcee7, 0xd707, 0xd706, 
	0xdf06, 0xdf05, 0xe724, 0xe724, 0xe724, 0xef23, 0xef23, 0xef42, 0xef42, 0xf742, 0xf742, 0xf742, 0xf741, 0xf741, 0xf741, 0xf741, 
	0xf741, 0xf742, 0xf742, 0xf742, 0xef42, 0xef42, 0xef23, 0xef23, 0xe723, 0xe724, 0xe724, 0xdf05, 0xdf05, 0xd706, 0xd707, 0xcee7, 
	0xcee8, 0xc6e9, 0xc6e9, 0xbeca, 0xbecb, 0xb6cc, 0xaeac, 0xaead, 0xa6ae, 0x9e8f, 0x9e90, 0x9671, 0x8e72, 0x8e72, 0x8653, 0x7e54, 
	0x7635, 0x7636, 0x6e37, 0x6618, 0x5e19, 0x5dfa, 0x55fb, 0x4ddc, 0x45dd, 0x3dde, 0x3dbf, 0x3dbf, 0x3dbe, 0x3dbd, 0x45bc, 0x45db, 
	0x45db, 0x4dda, 0x4dda, 0x55d9, 0x55d9, 0x55f8, 0x5df8, 0x5df8, 0x6618, 0x6617, 0x6e17, 0x6e37, 0x7637, 0x7e57, 0x7e58, 0x8678, 
	0x7637, 0x6e37, 0x6e17, 0x6617, 0x6618, 0x5df8, 0x5df8, 0x55f8, 0x55d9, 0x4dd9, 0x4dda, 0x4dda, 0x45db, 0x45bc, 0x45bc, 0x3dbd, 
	0x3dbe, 0x3dbf, 0x3dbf, 0x45de, 0x4ddd, 0x4dfc, 0x55fb, 0x5e1a, 0x6619, 0x6e18, 0x6e37, 0x7636, 0x7e55, 0x8654, 0x8673, 0x8e72, 
	0x9671, 0x9e90, 0x9e8f, 0xa6ae, 0xaead, 0xaeac, 0xb6cc, 0xbecb, 0xbeca, 0xc6e9, 0xc6e8, 0xcee8, 0xd707, 0xd706, 0xdf06, 0xdf05, 
	0xe724, 0xe724, 0xe723, 0xef23, 0xef42, 0xef42, 0xf742, 0xf741, 0xf741, 0xf741, 0xff40, 0xff40, 0xff40, 0xff40, 0xff60, 0xff40, 
	0xff40, 0xff40, 0xff40, 0xf741, 0xf741, 0xf741, 0xf742, 0xf742, 0xef42, 0xef23, 0xe723, 0xe724, 0xe724, 0xdf05, 0xdf06, 0xd706, 
	0xd707, 0xcee8, 0xcee8, 0xc6e9, 0xbeca, 0xbecb, 0xb6cb, 0xaeac, 0xaead, 0xa6ae, 0x9e8f, 0x9e90, 0x9671, 0x8e72, 0x8673, 0x8654, 
	0x7e55, 0x7635, 0x6e36, 0x6e17, 0x6618, 0x5e1a, 0x55fb, 0x4dfc, 0x4ddd, 0x45de, 0x3dbf, 0x3dbf, 0x3dbe, 0x3dbd, 0x45bd, 0x45bc, 
	0x45db, 0x4dda, 0x4dda, 0x4dd9, 0x55d9, 0x55f9, 0x5df8, 0x5df8, 0x6618, 0x6617, 0x6e17, 0x6e37, 0x7637, 0x7657, 0x7e58, 0x8678, 
	0x7637, 0x6e37, 0x6617, 0x6618, 0x5df8, 0x5df8, 0x5df8, 0x55f9, 0x55d9, 0x4dda, 0x4dda, 0x45db, 0x45db, 0x45bc, 0x3dbd, 0x3dbe, 
	0x3dbf, 0x3dbf, 0x3dde, 0x45dd, 0x4ddc, 0x55fb, 0x5dfa, 0x6619, 0x6618, 0x6e37, 0x7636, 0x7e55, 0x7e54, 0x8653, 0x8e72, 0x9671, 
	0x9e90, 0x9e8f, 0xa68e, 0xaead, 0xaeac, 0xb6cc, 0xbecb, 0xbeca, 0xc6e9, 0xcee8, 0xcee7, 0xd707, 0xd706, 0xdf05, 0xdf25, 0xe724, 
	0xe723, 0xef23, 0xef42, 0xf742, 0xf741, 0xf741, 0xff40, 0xff60, 0xff60, 0xff60, 0xff60, 0xff60, 0xff60, 0xff60, 0xff60, 0xff60, 
	0xff60, 0xff60, 0xff60, 0xff60, 0xff60, 0xff60, 0xff40, 0xf741, 0xf741, 0xf742, 0xef42, 0xef23, 0xe723, 0xe724, 0xdf25, 0xdf05, 
	0xd706, 0xd707, 0xcee7, 0xcee8, 0xc6e9, 0xbeca, 0xbecb, 0xb6cb, 0xaeac, 0xaead, 0xa6ae, 0x9e8f, 0x9e90, 0x9671, 0x8e72, 0x8653, 
	0x8654, 0x7e55, 0x7636, 0x6e37, 0x6618, 0x6619, 0x5dfa, 0x55fb, 0x4dfc, 0x45dd, 0x45de, 0x3dbf, 0x3dbf, 0x3dbe, 0x3dbd, 0x45bc, 
	0x45db, 0x45db, 0x4dda, 0x4dda, 0x55d9, 0x55f9, 0x55f8, 0x5df8, 0x5df8, 0x6618, 0x6617, 0x6e37, 0x7637, 0x7637, 0x7e57, 0x7e58, 
	0x6e37, 0x6e17, 0x6617, 0x6618, 0x5df8, 0x5df8, 0x55f8, 0x55d9, 0x4dd9, 0x4dda, 0x4dda, 0x45db, 0x45bc, 0x45bd, 0x3dbd, 0x3dbe, 
	0x3dbf, 0x3dbf, 0x45de, 0x4ddd, 0x55fb, 0x55fa, 0x5e19, 0x6618, 0x6e37, 0x7636, 0x7635, 0x7e54, 0x8653, 0x8e72, 0x9671, 0x9690, 
	0x9e8f, 0xa68e, 0xaead, 0xaeac, 0xb6cc, 0xbecb, 0xbeca, 0xc6e9, 0xcee8, 0xcee7, 0xd706, 0xdf06, 0xdf05, 0xe724, 0xe724, 0xef23, 
	0xef42, 0xf742, 0xf741, 0xff41, 0xff60, 0xff60, 0xff60, 0xff60, 0xff40, 0xff40, 0xff40, 0xff40, 0xff40, 0xff40, 0xff40, 0xff40, 
	0xff40, 0xff40, 0xff40, 0xff40, 0xff40, 0xff60, 0xff60, 0xff60, 0xff60, 0xff41, 0xf741, 0xf742, 0xef42, 0xef23, 0xe723, 0xe724, 
	0xdf05, 0xdf06, 0xd706, 0xcf07, 0xcee8, 0xc6e9, 0xbeca, 0xbecb, 0xb6cb, 0xaeac, 0xaead, 0xa68e, 0x9e8f, 0x9690, 0x9671, 0x8e72, 
	0x8653, 0x7e54, 0x7e55, 0x7636, 0x6e37, 0x6618, 0x5e19, 0x5dfa, 0x55fb, 0x4ddc, 0x45dd, 0x3dbf, 0x3dbf, 0x3dbe, 0x3dbd, 0x45bd, 
	0x45bc, 0x45db, 0x4dda, 0x4dda, 0x4dd9, 0x55d9, 0x55f9, 0x5df8, 0x5df8, 0x6618, 0x6617, 0x6e17, 0x6e37, 0x7637, 0x7657, 0x7e58, 
	0x6e37, 0x6e17, 0x6618, 0x65f8, 0x5df8, 0x5df8, 0x55f9, 0x55d9, 0x4dda, 0x4dda, 0x45db, 0x45db, 0x45bc, 0x3dbd, 0x3dbe, 0x3dbf, 
	0x3dbf, 0x45de, 0x45dd, 0x4dfc, 0x55fb, 0x5dfa, 0x6619, 0x6e18, 0x6e37, 0x7636, 0x7e55, 0x8653, 0x8e72, 0x8e71, 0x9690, 0x9e8f, 
	0xa68e, 0xa6ae, 0xaead, 0xb6cc, 0xbecb, 0xbeca, 0xc6e9, 0xcee8, 0xcf07, 0xd706, 0xdf06, 0xdf25, 0xe724, 0xe723, 0xef43, 0xf742, 
	0xf741, 0xff41, 0xff60, 0xff60, 0xff60, 0xff40, 0xff40, 0xff40, 0xff40, 0xff40, 0xff40, 0xff41, 0xff41, 0xff41, 0xff41, 0xff41, 
	0xff41, 0xff41, 0xff40, 0xff40, 0xff40, 0xff40, 0xff40, 0xff40, 0xff60, 0xff60, 0xff60, 0xff41, 0xf741, 0xf742, 0xef42, 0xef23, 
	0xe724, 0xdf25, 0xdf05, 0xd706, 0xcf07, 0xcee8, 0xc6e9, 0xbeca, 0xbecb, 0xb6cc, 0xaeac, 0xaead, 0xa68e, 0x9e8f, 0x9690, 0x8e71, 
	0x8e72, 0x8653, 0x7e54, 0x7635, 0x6e36, 0x6e18, 0x6619, 0x5e1a, 0x55fb, 0x4dfc, 0x45dd, 0x45de, 0x3dbf, 0x3dbf, 0x3dbe, 0x3dbd, 
	0x45bc, 0x45db, 0x45db, 0x4dda, 0x4dda, 0x55d9, 0x55f9, 0x5df8, 0x5df8, 0x65f8, 0x6618, 0x6e17, 0x6e37, 0x7637, 0x7657, 0x7e58, 
	0x6e37, 0x6617, 0x6618, 0x5df8, 0x5df8, 0x55f8, 0x55f9, 0x55d9, 0x4dda, 0x4dda, 0x45db, 0x45dc, 0x45bc, 0x3dbd, 0x3dbe, 0x3dbf, 
	0x3dbf, 0x45de, 0x4ddc, 0x55fb, 0x5dfa, 0x5e19, 0x6618, 0x6e37, 0x7636, 0x7e55, 0x8654, 0x8653, 0x8e72, 0x9671, 0x9e90, 0xa68f, 
	0xa6ae, 0xaead, 0xb6cc, 0xbecb, 0xbeca, 0xc6e9, 0xcee8, 0xcf07, 0xd706, 0xdf05, 0xdf25, 0xe724, 0xef23, 0xef42, 0xf742, 0xf741, 
	0xff60, 0xff60, 0xff60, 0xff40, 0xff40, 0xff40, 0xff40, 0xff41, 0xff41, 0xff21, 0xff21, 0xff21, 0xff21, 0xff21, 0xff21, 0xff21, 
	0xff21, 0xff21, 0xff21, 0xff21, 0xff21, 0xff41, 0xff40, 0xff40, 0xff40, 0xff40, 0xff60, 0xff60, 0xff60, 0xf741, 0xf741, 0xef42, 
	0xef23, 0xe724, 0xdf25, 0xdf05, 0xd706, 0xd707, 0xcee8, 0xc6e9, 0xbeca, 0xbecb, 0xb6cc, 0xaead, 0xa6ae, 0xa68f, 0x9e90, 0x9671, 
	0x8e72, 0x8673, 0x8654, 0x7e55, 0x7636, 0x6e37, 0x6618, 0x5e19, 0x5dfa, 0x55fb, 0x4ddc, 0x45dd, 0x3dbf, 0x3dbf, 0x3dbe, 0x3dbd, 
	0x45bd, 0x45bc, 0x45db, 0x4dda, 0x4dda, 0x4dd9, 0x55f9, 0x55f8, 0x5df8, 0x5df8, 0x6618, 0x6617, 0x6e37, 0x6e37, 0x7637, 0x7e57, 
	0x6e17, 0x6617, 0x6618, 0x5df8, 0x5df8, 0x55f9, 0x55d9, 0x4dd9, 0x4dda, 0x4ddb, 0x45db, 0x45bc, 0x3dbd, 0x3dbe, 0x3dbf, 0x3dbf, 
	0x45de, 0x45dd, 0x4dfc, 0x55fb, 0x5e1a, 0x6619, 0x6e18, 0x7636, 0x7635, 0x7e54, 0x8653, 0x8e72, 0x9671, 0x9690, 0x9e8f, 0xa6ae, 
	0xaead, 0xb6ac, 0xb6cb, 0xbeca, 0xc6e9, 0xcee8, 0xcee7, 0xd706, 0xdf05, 0xdf25, 0xe724, 0xef23, 0xef42, 0xf741, 0xff41, 0xff60, 
	0xff60, 0xff40, 0xff40, 0xff40, 0xff40, 0xff41, 0xff21, 0xff21, 0xff21, 0xff21, 0xff21, 0xff21, 0xff21, 0xff21, 0xff21, 0xff21, 
	0xff21, 0xff21, 0xff21, 0xff21, 0xff21, 0xff21, 0xff21, 0xff41, 0xff41, 0xff40, 0xff40, 0xff40, 0xff60, 0xff60, 0xff40, 0xf741, 
	0xef42, 0xef23, 0xe724, 0xe724, 0xdf05, 0xd706, 0xcf07, 0xcee8, 0xc6e9, 0xbeca, 0xb6cb, 0xb6ac, 0xaead, 0xa6ae, 0x9e8f, 0x9e90, 
	0x9671, 0x8e72, 0x8653, 0x7e54, 0x7635, 0x7636, 0x6e37, 0x6618, 0x5e1a, 0x55fb, 0x4dfc, 0x45dd, 0x45de, 0x3dbf, 0x3dbf, 0x3dbe, 
	0x3dbd, 0x45bc, 0x45db, 0x45db, 0x4dda, 0x4dda, 0x55d9, 0x55f9, 0x5df8, 0x5df8, 0x6618, 0x6617, 0x6e17, 0x6e37, 0x7637, 0x7657, 
	0x6e17, 0x6618, 0x6618, 0x5df8, 0x5df8, 0x55f9, 0x55d9, 0x4dda, 0x4dda, 0x45db, 0x45dc, 0x45bc, 0x3dbd, 0x3dbe, 0x3dbf, 0x3dbf, 
	0x45de, 0x4ddc, 0x55fb, 0x5dfa, 0x5e19, 0x6618, 0x6e37, 0x7636, 0x7e55, 0x8654, 0x8e73, 0x8e72, 0x9670, 0x9e8f, 0xa68e, 0xaead, 
	0xaeac, 0xb6cb, 0xbeca, 0xc6e9, 0xcee8, 0xcee7, 0xd706, 0xdf05, 0xdf25, 0xe724, 0xef23, 0xef42, 0xf741, 0xff40, 0xff60, 0xff60, 
	0xff40, 0xff40, 0xff40, 0xff41, 0xff21, 0xff21, 0xff21, 0xff21, 0xff22, 0xff02, 0xff02, 0xff02, 0xff02, 0xff02, 0xff02, 0xff02, 
	0xff02, 0xff02, 0xff02, 0xff02, 0xff22, 0xff21, 0xff21, 0xff21, 0xff21, 0xff21, 0xff41, 0xff40, 0xff40, 0xff40, 0xff60, 0xff40, 
	0xf741, 0xf742, 0xef23, 0xe724, 0xe724, 0xdf05, 0xd706, 0xcee7, 0xcee8, 0xc6e9, 0xbeca, 0xb6cb, 0xaeac, 0xaead, 0xa68e, 0x9e8f, 
	0x9690, 0x8e71, 0x8e72, 0x8654, 0x7e55, 0x7636, 0x6e37, 0x6618, 0x5e19, 0x5dfa, 0x55fb, 0x4ddc, 0x45dd, 0x3dbf, 0x3dbf, 0x3dbe, 
	0x3dbd, 0x45bc, 0x45dc, 0x45db, 0x4dda, 0x4dda, 0x55d9, 0x55f9, 0x55f8, 0x5df8, 0x5e18, 0x6618, 0x6e17, 0x6e37, 0x7637, 0x7657, 
	0x6617, 0x6618, 0x5df8, 0x5df8, 0x55f8, 0x55f9, 0x4dd9, 0x4dda, 0x4dda, 0x45db, 0x45bc, 0x3dbd, 0x3dbd, 0x3dbe, 0x3dbf, 0x3dde, 
	0x45dd, 0x4dfc, 0x55fb, 0x5dfa, 0x6619, 0x6e18, 0x7636, 0x7635, 0x7e54, 0x8653, 0x8e72, 0x9671, 0x9e90, 0x9e8f, 0xa6ae, 0xaead, 
	0xb6cc, 0xbecb, 0xc6ca, 0xc6e9, 0xcee8, 0xd707, 0xdf06, 0xdf25, 0xe724, 0xef23, 0xf742, 0xf741, 0xff60, 0xff60, 0xff40, 0xff40, 
	0xff40, 0xff41, 0xff21, 0xff21, 0xff21, 0xff21, 0xff02, 0xff02, 0xff02, 0xff02, 0xff02, 0xff02, 0xff02, 0xff02, 0xff02, 0xff02, 
	0xff02, 0xff02, 0xff02, 0xff02, 0xff02, 0xff02, 0xff02, 0xff21, 0xff21, 0xff21, 0xff21, 0xff41, 0xff40, 0xff40, 0xff40, 0xff60, 
	0xff60, 0xf741, 0xf742, 0xef23, 0xe724, 0xdf25, 0xdf06, 0xd706, 0xcee7, 0xc6e8, 0xc6e9, 0xbeca, 0xb6cc, 0xaead, 0xa6ae, 0xa68f, 
	0x9e90, 0x9671, 0x8e72, 0x8653, 0x7e54, 0x7635, 0x7636, 0x6e37, 0x6619, 0x5e1a, 0x55fb, 0x4dfc, 0x45dd, 0x3dde, 0x3dbf, 0x3dbf, 
	0x3dbe, 0x3dbd, 0x45bc, 0x45db, 0x4ddb, 0x4dda, 0x4dd9, 0x55d9, 0x55f8, 0x5df8, 0x5df8, 0x6618, 0x6617, 0x6e37, 0x6e37, 0x7657, 
	0x6617, 0x6618, 0x5df8, 0x5df8, 0x55f9, 0x55d9, 0x4dd9, 0x4dda, 0x45db, 0x45db, 0x45bc, 0x3dbd, 0x3dbe, 0x3dbf, 0x3dbf, 0x45de, 
	0x4ddd, 0x55fc, 0x55fa, 0x5e19, 0x6618, 0x6e37, 0x7636, 0x7e55, 0x8654, 0x8e73, 0x8e71, 0x9690, 0x9e8f, 0xa68e, 0xaead, 0xb6ac, 
	0xb6cb, 0xbeca, 0xc6e9, 0xcee8, 0xd707, 0xd706, 0xdf05, 0xe724, 0xef23, 0xef42, 0xf741, 0xff60, 0xff60, 0xff40, 0xff40, 0xff40, 
	0xff41, 0xff21, 0xff21, 0xff21, 0xff02, 0xff02, 0xff02, 0xff02, 0xff02, 0xff02, 0xfee3, 0xfee3, 0xfee3, 0xfee3, 0xfee3, 0xfee3, 
	0xfee3, 0xfee3, 0xfee3, 0xff02, 0xff02, 0xff02, 0xff02, 0xff02, 0xff02, 0xff21, 0xff21, 0xff21, 0xff21, 0xff40, 0xff40, 0xff40, 
	0xff60, 0xff60, 0xf741, 0xf742, 0xef23, 0xe724, 0xdf25, 0xdf06, 0xd707, 0xcee8, 0xc6e9, 0xbeca, 0xbecb, 0xb6ac, 0xaead, 0xa6ae, 
	0x9e8f, 0x9690, 0x8e71, 0x8e72, 0x8654, 0x7e55, 0x7636, 0x6e37, 0x6618, 0x5e19, 0x5dfa, 0x55fb, 0x4ddd, 0x45de, 0x3dbf, 0x3dbf, 
	0x3dbe, 0x3dbd, 0x45bc, 0x45dc, 0x45db, 0x4dda, 0x4dda, 0x55d9, 0x55f9, 0x5df8, 0x5df8, 0x6618, 0x6617, 0x6e17, 0x6e37, 0x7637, 
	0x6618, 0x6618, 0x5df8, 0x5df8, 0x55f9, 0x55d9, 0x4dda, 0x4dda, 0x45db, 0x45dc, 0x45bc, 0x3dbd, 0x3dbe, 0x3dbf, 0x3dbf, 0x45dd, 
	0x4ddc, 0x55fb, 0x5dfa, 0x6619, 0x6e18, 0x6e37, 0x7635, 0x7e54, 0x8653, 0x8e72, 0x9671, 0x9e90, 0xa68f, 0xa6ae, 0xaead, 0xb6cb, 
	0xbeca, 0xc6e9, 0xcee8, 0xcee7, 0xd706, 0xdf05, 0xe724, 0xef23, 0xef42, 0xf741, 0xff40, 0xff60, 0xff40, 0xff40, 0xff41, 0xff21, 
	0xff21, 0xff21, 0xff22, 0xff02, 0xff02, 0xff02, 0xff02, 0xfee3, 0xfee3, 0xfee3, 0xfee3, 0xfee3, 0xfee3, 0xfee3, 0xfee3, 0xfee3, 
	0xfee3, 0xfee3, 0xfee3, 0xfee3, 0xfee3, 0xfee3, 0xff02, 0xff02, 0xff02, 0xff02, 0xff22, 0xff21, 0xff21, 0xff21, 0xff41, 0xff40, 
	0xff40, 0xff60, 0xff60, 0xf741, 0xef42, 0xef23, 0xe724, 0xdf05, 0xd706, 0xcf07, 0xcee8, 0xc6e9, 0xbeca, 0xb6cb, 0xaeac, 0xa6ad, 
	0xa68f, 0x9e90, 0x9671, 0x8e72, 0x8653, 0x7e54, 0x7635, 0x7636, 0x6e18, 0x6619, 0x5dfa, 0x55fb, 0x4ddc, 0x45dd, 0x3dbe, 0x3dbf, 
	0x3dbe, 0x3dbd, 0x45bd, 0x45dc, 0x45db, 0x4dda, 0x4dda, 0x55d9, 0x55f9, 0x5df8, 0x5df8, 0x6618, 0x6618, 0x6e17, 0x6e37, 0x7637, 
	0x6618, 0x5df8, 0x5df8, 0x55f8, 0x55f9, 0x55d9, 0x4dda, 0x4dda, 0x45db, 0x45bc, 0x3dbd, 0x3dbe, 0x3dbe, 0x3dbf, 0x45de, 0x45dd, 
	0x4dfc, 0x55fb, 0x5e19, 0x6618, 0x6e37, 0x7636, 0x7e55, 0x8654, 0x8673, 0x8e72, 0x9690, 0x9e8f, 0xa68e, 0xaead, 0xb6ac, 0xbecb, 
	0xbeca, 0xc6e9, 0xcee8, 0xd707, 0xdf06, 0xe724, 0xe723, 0xef42, 0xf741, 0xff40, 0xff60, 0xff40, 0xff40, 0xff41, 0xff21, 0xff21, 
	0xff21, 0xff02, 0xff02, 0xff02, 0xff02, 0xfee3, 0xfee3, 0xfee3, 0xfee3, 0xfee3, 0xfee3, 0xfec3, 0xfec4, 0xfec4, 0xfec4, 0xfec4, 
	0xfec4, 0xfec4, 0xfee3, 0xfee3, 0xfee3, 0xfee3, 0xfee3, 0xfee3, 0xff02, 0xff02, 0xff02, 0xff02, 0xff21, 0xff21, 0xff21, 0xff41, 
	0xff40, 0xff40, 0xff60, 0xff40, 0xf741, 0xef42, 0xe723, 0xe724, 0xdf05, 0xd706, 0xcee7, 0xc6e9, 0xbeca, 0xbecb, 0xb6cc, 0xaead, 
	0xa6ae, 0x9e8f, 0x9690, 0x8e71, 0x8e73, 0x8654, 0x7e55, 0x7636, 0x6e37, 0x6618, 0x5e19, 0x55fa, 0x4dfc, 0x4ddd, 0x45de, 0x3dbf, 
	0x3dbf, 0x3dbe, 0x3dbd, 0x45bc, 0x45db, 0x4ddb, 0x4dda, 0x4dd9, 0x55d9, 0x55f8, 0x5df8, 0x5df8, 0x6618, 0x6617, 0x6e37, 0x7637, 
	0x6618, 0x5df8, 0x5df8, 0x55f9, 0x55d9, 0x4dd9, 0x4dda, 0x4ddb, 0x45db, 0x45bc, 0x3dbd, 0x3dbe, 0x3dbf, 0x3dbf, 0x45de, 0x4ddd, 
	0x55fb, 0x5dfa, 0x5e19, 0x6618, 0x6e37, 0x7636, 0x7e54, 0x8653, 0x8e72, 0x9671, 0x9e90, 0x9e8f, 0xa6ae, 0xaead, 0xb6cb, 0xbeca, 
	0xc6e9, 0xcee8, 0xd707, 0xd706, 0xdf25, 0xe724, 0xef23, 0xf742, 0xf741, 0xff60, 0xff40, 0xff40, 0xff40, 0xff21, 0xff21, 0xff21, 
	0xff02, 0xff02, 0xff02, 0xff03, 0xfee3, 0xfee3, 0xfee3, 0xfee3, 0xfec4, 0xfec4, 0xfec4, 0xfec4, 0xfec4, 0xfec4, 0xfec4, 0xfec4, 
	0xfec4, 0xfec4, 0xfec4, 0xfec4, 0xfec4, 0xfee3, 0xfee3, 0xfee3, 0xfee3, 0xff03, 0xff02, 0xff02, 0xff02, 0xff21, 0xff21, 0xff21, 
	0xff41, 0xff40, 0xff40, 0xff60, 0xff41, 0xf742, 0xef23, 0xe724, 0xdf25, 0xd706, 0xd707, 0xcee8, 0xc6e9, 0xbeca, 0xb6cb, 0xaeac, 
	0xa6ae, 0xa68f, 0x9e90, 0x9671, 0x8e72, 0x8653, 0x7e54, 0x7635, 0x6e37, 0x6618, 0x6619, 0x5dfa, 0x55fb, 0x4ddc, 0x45de, 0x3dbf, 
	0x3dbf, 0x3dbe, 0x3dbd, 0x45bc, 0x45db, 0x4ddb, 0x4dda, 0x4dda, 0x55d9, 0x55f9, 0x5df8, 0x5df8, 0x6618, 0x6618, 0x6e37, 0x6e37, 
	0x6618, 0x5df8, 0x5df8, 0x55f9, 0x55d9, 0x4dda, 0x4dda, 0x45db, 0x45dc, 0x45bc, 0x3dbd, 0x3dbe, 0x3dbf, 0x3dbf, 0x45dd, 0x4ddc, 
	0x55fb, 0x5dfa, 0x6619, 0x6e17, 0x7636, 0x7635, 0x7e54, 0x8653, 0x8e72, 0x9671, 0x9e8f, 0xa68e, 0xaead, 0xb6ac, 0xbecb, 0xbeca, 
	0xc6e9, 0xcee8, 0xd706, 0xdf05, 0xe724, 0xef23, 0xef42, 0xf741, 0xff60, 0xff60, 0xff40, 0xff40, 0xff21, 0xff21, 0xff21, 0xff02, 
	0xff02, 0xff02, 0xfee3, 0xfee3, 0xfee3, 0xfee3, 0xfec4, 0xfec4, 0xfec4, 0xfec4, 0xfec4, 0xfec4, 0xfea4, 0xfea4, 0xfea4, 0xfea4, 
	0xfea4, 0xfec4, 0xfec4, 0xfec4, 0xfec4, 0xfec4, 0xfec4, 0xfee3, 0xfee3, 0xfee3, 0xfee3, 0xff02, 0xff02, 0xff02, 0xff21, 0xff21, 
	0xff21, 0xff40, 0xff40, 0xff60, 0xff60, 0xf741, 0xef42, 0xef23, 0xe724, 0xdf05, 0xd706, 0xcee7, 0xc6e9, 0xbeca, 0xbecb, 0xb6ac, 
	0xaead, 0xa68e, 0x9e8f, 0x9690, 0x8e72, 0x8673, 0x7e54, 0x7e55, 0x7636, 0x6e37, 0x6619, 0x5dfa, 0x55fb, 0x4ddc, 0x45dd, 0x3dbe, 
	0x3dbf, 0x3dbe, 0x3dbd, 0x45bc, 0x45dc, 0x45db, 0x4dda, 0x4dda, 0x55d9, 0x55f9, 0x5df8, 0x5df8, 0x6618, 0x6618, 0x6e17, 0x6e37, 
	0x6618, 0x5df8, 0x5df8, 0x55f9, 0x55d9, 0x4dda, 0x4dda, 0x45db, 0x45dc, 0x45bd, 0x3dbd, 0x3dbe, 0x3dbf, 0x3dde, 0x45dd, 0x4dfc, 
	0x55fb, 0x5e19, 0x6618, 0x6e37, 0x7636, 0x7e55, 0x8654, 0x8e72, 0x9671, 0x9690, 0x9e8f, 0xa6ae, 0xaead, 0xb6cc, 0xbeca, 0xc6e9, 
	0xcee8, 0xd707, 0xd706, 0xdf25, 0xe724, 0xef23, 0xf742, 0xff40, 0xff60, 0xff40, 0xff40, 0xff41, 0xff21, 0xff21, 0xff02, 0xff02, 
	0xff02, 0xfee3, 0xfee3, 0xfee3, 0xfee3, 0xfec4, 0xfec4, 0xfec4, 0xfec4, 0xfea4, 0xfea5, 0xfea5, 0xfea5, 0xfea5, 0xfea5, 0xfea5, 
	0xfea5, 0xfea5, 0xfea5, 0xfea5, 0xfec4, 0xfec4, 0xfec4, 0xfec4, 0xfee4, 0xfee3, 0xfee3, 0xfee3, 0xff02, 0xff02, 0xff02, 0xff21, 
	0xff21, 0xff41, 0xff40, 0xff40, 0xff60, 0xff40, 0xf741, 0xef42, 0xe724, 0xdf25, 0xdf06, 0xd707, 0xcee8, 0xc6e9, 0xbeca, 0xb6cb, 
	0xaead, 0xa6ae, 0x9e8f, 0x9e90, 0x9671, 0x8e72, 0x8653, 0x7e55, 0x7636, 0x6e37, 0x6618, 0x5e19, 0x55fb, 0x4dfc, 0x45dd, 0x45de, 
	0x3dbf, 0x3dbe, 0x3dbe, 0x45bd, 0x45bc, 0x45db, 0x4dda, 0x4dda, 0x55d9, 0x55f9, 0x5df8, 0x5df8, 0x6618, 0x6618, 0x6e17, 0x6e37, 
	0x6618, 0x5df8, 0x5df8, 0x55f9, 0x55d9, 0x4dda, 0x4ddb, 0x45db, 0x45bc, 0x3dbd, 0x3dbe, 0x3dbf, 0x3dbf, 0x45de, 0x4ddd, 0x55fc, 
	0x55fa, 0x5e19, 0x6618, 0x6e37, 0x7636, 0x7e54, 0x8653, 0x8e72, 0x9671, 0x9e90, 0xa68f, 0xaead, 0xaeac, 0xb6cb, 0xbeca, 0xc6e9, 
	0xcee8, 0xd707, 0xdf05, 0xe724, 0xef23, 0xef42, 0xf741, 0xff60, 0xff40, 0xff40, 0xff41, 0xff21, 0xff21, 0xff22, 0xff02, 0xff02, 
	0xfee3, 0xfee3, 0xfee3, 0xfec4, 0xfec4, 0xfec4, 0xfec4, 0xfea5, 0xfea5, 0xfea5, 0xfea5, 0xfea5, 0xfea5, 0xfea5, 0xfe85, 0xfe85, 
	0xfea5, 0xfea5, 0xfea5, 0xfea5, 0xfea5, 0xfea5, 0xfec4, 0xfec4, 0xfec4, 0xfec4, 0xfee3, 0xfee3, 0xfee3, 0xff02, 0xff02, 0xff22, 
	0xff21, 0xff21, 0xff41, 0xff40, 0xff40, 0xff60, 0xf741, 0xf742, 0xef23, 0xe724, 0xdf05, 0xd706, 0xcee8, 0xc6e9, 0xbeca, 0xb6cb, 
	0xb6ac, 0xaead, 0xa68e, 0x9e90, 0x9671, 0x8e72, 0x8653, 0x7e54, 0x7635, 0x6e37, 0x6618, 0x6619, 0x5dfa, 0x55fb, 0x4ddd, 0x45de, 
	0x3dbf, 0x3dbf, 0x3dbe, 0x3dbd, 0x45bc, 0x45db, 0x4ddb, 0x4dda, 0x4dd9, 0x55f9, 0x55f8, 0x5df8, 0x5df8, 0x6618, 0x6e18, 0x6e37, 
	0x5df8, 0x5df8, 0x55f9, 0x55d9, 0x4dd9, 0x4dda, 0x4ddb, 0x45db, 0x45bc, 0x3dbd, 0x3dbe, 0x3dbf, 0x3dbf, 0x45de, 0x4ddc, 0x55fb, 
	0x5dfa, 0x6619, 0x6e18, 0x7636, 0x7635, 0x7e54, 0x8653, 0x8e72, 0x9671, 0x9e8f, 0xa68e, 0xaead, 0xb6ac, 0xbecb, 0xc6c9, 0xc6e8, 
	0xcee7, 0xd706, 0xdf05, 0xe724, 0xef23, 0xf742, 0xff40, 0xff60, 0xff40, 0xff40, 0xff21, 0xff21, 0xff21, 0xff02, 0xff02, 0xff03, 
	0xfee3, 0xfee3, 0xfec4, 0xfec4, 0xfec4, 0xfec4, 0xfea5, 0xfea5, 0xfea5, 0xfea5, 0xfe85, 0xfe86, 0xfe86, 0xfe86, 0xfe86, 0xfe86, 
	0xfe86, 0xfe86, 0xfe85, 0xfea5, 0xfea5, 0xfea5, 0xfea5, 0xfea4, 0xfec4, 0xfec4, 0xfec4, 0xfee3, 0xfee3, 0xfee3, 0xff02, 0xff02, 
	0xff22, 0xff21, 0xff21, 0xff40, 0xff40, 0xff60, 0xff40, 0xf741, 0xef43, 0xe724, 0xdf25, 0xd706, 0xcf07, 0xcee8, 0xc6e9, 0xbecb, 
	0xb6cc, 0xaead, 0xa6ae, 0x9e8f, 0x9690, 0x8e72, 0x8653, 0x7e54, 0x7e35, 0x7636, 0x6e18, 0x6619, 0x5dfa, 0x55fb, 0x4ddc, 0x45dd, 
	0x3dbf, 0x3dbf, 0x3dbe, 0x3dbd, 0x45bc, 0x45db, 0x4ddb, 0x4dda, 0x4dda, 0x55d9, 0x55f9, 0x5df8, 0x5df8, 0x6618, 0x6618, 0x6e37, 
	0x5df8, 0x5df8, 0x55f9, 0x55d9, 0x4dda, 0x4dda, 0x4ddb, 0x45dc, 0x45bc, 0x3dbd, 0x3dbe, 0x3dbf, 0x3dbf, 0x45dd, 0x4ddc, 0x55fb, 
	0x5dfa, 0x6619, 0x6e37, 0x7636, 0x7e55, 0x8654, 0x8e73, 0x8e71, 0x9690, 0x9e8f, 0xa6ae, 0xaead, 0xb6cb, 0xbeca, 0xc6e9, 0xcee8, 
	0xd707, 0xdf06, 0xe724, 0xe723, 0xef42, 0xf741, 0xff60, 0xff40, 0xff40, 0xff41, 0xff21, 0xff21, 0xff02, 0xff02, 0xff02, 0xfee3, 
	0xfee3, 0xfee4, 0xfec4, 0xfec4, 0xfea4, 0xfea5, 0xfea5, 0xfea5, 0xfe85, 0xfe86, 0xfe86, 0xfe86, 0xfe86, 0xfe86, 0xfe86, 0xfe86, 
	0xfe86, 0xfe86, 0xfe86, 0xfe86, 0xfe86, 0xfea5, 0xfea5, 0xfea5, 0xfea4, 0xfec4, 0xfec4, 0xfec4, 0xfee3, 0xfee3, 0xff02, 0xff02, 
	0xff02, 0xff21, 0xff21, 0xff41, 0xff40, 0xff40, 0xff60, 0xf741, 0xef42, 0xef23, 0xe724, 0xdf05, 0xd707, 0xcee8, 0xc6e9, 0xbeca, 
	0xb6cb, 0xaeac, 0xa6ae, 0x9e8f, 0x9690, 0x9671, 0x8e72, 0x8654, 0x7e55, 0x7636, 0x6e37, 0x6618, 0x5e1a, 0x55fb, 0x4ddc, 0x45dd, 
	0x3dbe, 0x3dbf, 0x3dbe, 0x3dbd, 0x45bc, 0x45dc, 0x45db, 0x4dda, 0x4dda, 0x55d9, 0x55f9, 0x5df8, 0x5df8, 0x6618, 0x6618, 0x6e37, 
	0x5df8, 0x5df8, 0x55f9, 0x55d9, 0x4dda, 0x4dda, 0x45db, 0x45dc, 0x45bc, 0x3dbd, 0x3dbe, 0x3dbf, 0x3dbe, 0x45dd, 0x4dfc, 0x55fb, 
	0x5e1a, 0x6618, 0x6e37, 0x7636, 0x7e55, 0x8653, 0x8e72, 0x9671, 0x9e90, 0xa68f, 0xa6ad, 0xaeac, 0xb6cb, 0xbeca, 0xc6e9, 0xcee8, 
	0xd706, 0xdf05, 0xe724, 0xef23, 0xf742, 0xff41, 0xff60, 0xff40, 0xff40, 0xff21, 0xff21, 0xff22, 0xff02, 0xff02, 0xfee3, 0xfee3, 
	0xfee3, 0xfec4, 0xfec4, 0xfec4, 0xfea5, 0xfea5, 0xfea5, 0xfe86, 0xfe86, 0xfe86, 0xfe86, 0xfe66, 0xfe67, 0xfe67, 0xfe67, 0xfe67, 
	0xfe67, 0xfe66, 0xfe66, 0xfe86, 0xfe86, 0xfe86, 0xfe85, 0xfea5, 0xfea5, 0xfea4, 0xfec4, 0xfec4, 0xfee3, 0xfee3, 0xfee3, 0xff02, 
	0xff02, 0xff22, 0xff21, 0xff21, 0xff40, 0xff40, 0xff60, 0xff40, 0xf742, 0xef23, 0xe724, 0xdf05, 0xd706, 0xcee7, 0xc6e9, 0xbeca, 
	0xb6cb, 0xb6ac, 0xaead, 0xa68f, 0x9e90, 0x9671, 0x8e72, 0x8653, 0x7e55, 0x7636, 0x6e37, 0x6618, 0x5e19, 0x55fb, 0x4dfc, 0x45dd, 
	0x3dde, 0x3dbf, 0x3dbe, 0x3dbd, 0x45bd, 0x45dc, 0x45db, 0x4dda, 0x4dda, 0x55d9, 0x55f9, 0x5df8, 0x5df8, 0x6618, 0x6618, 0x6e37, 
	0x5df8, 0x5df8, 0x55f9, 0x55d9, 0x4dda, 0x4dda, 0x45db, 0x45dc, 0x45bd, 0x3dbd, 0x3dbe, 0x3dbf, 0x45de, 0x45dd, 0x4dfc, 0x55fa, 
	0x5e19, 0x6618, 0x6e37, 0x7636, 0x7e54, 0x8653, 0x8e72, 0x9671, 0x9e90, 0xa68e, 0xaead, 0xb6ac, 0xbecb, 0xc6ca, 0xc6e8, 0xcee7, 
	0xd706, 0xdf05, 0xe724, 0xef42, 0xf741, 0xff60, 0xff60, 0xff40, 0xff40, 0xff21, 0xff21, 0xff02, 0xff02, 0xff02, 0xfee3, 0xfee3, 
	0xfec4, 0xfec4, 0xfec4, 0xfea5, 0xfea5, 0xfea5, 0xfe86, 0xfe86, 0xfe86, 0xfe66, 0xfe67, 0xfe67, 0xfe67, 0xfe67, 0xfe67, 0xfe67, 
	0xfe67, 0xfe67, 0xfe67, 0xfe66, 0xfe86, 0xfe86, 0xfe86, 0xfe85, 0xfea5, 0xfea5, 0xfec4, 0xfec4, 0xfec4, 0xfee3, 0xfee3, 0xff03, 
	0xff02, 0xff02, 0xff21, 0xff21, 0xff41, 0xff40, 0xff60, 0xff60, 0xf741, 0xef42, 0xe724, 0xdf25, 0xd706, 0xcf07, 0xcee8, 0xc6c9, 
	0xbecb, 0xb6ac, 0xaead, 0xa68e, 0x9e8f, 0x9671, 0x8e72, 0x8653, 0x7e54, 0x7636, 0x6e37, 0x6618, 0x5e19, 0x55fa, 0x55fc, 0x4ddd, 
	0x45de, 0x3dbf, 0x3dbf, 0x3dbe, 0x45bd, 0x45dc, 0x45db, 0x4dda, 0x4dda, 0x55d9, 0x55f9, 0x5df8, 0x5df8, 0x6618, 0x6618, 0x6e37, 
	0x5df8, 0x5df8, 0x55f9, 0x55d9, 0x4dda, 0x4dda, 0x45db, 0x45dc, 0x45bd, 0x3dbe, 0x3dbf, 0x3dbf, 0x45de, 0x4ddd, 0x55fb, 0x5dfa, 
	0x5e19, 0x6618, 0x6e37, 0x7635, 0x7e54, 0x8653, 0x8e72, 0x9671, 0x9e8f, 0xa68e, 0xaead, 0xb6cc, 0xbecb, 0xc6e9, 0xcee8, 0xd707, 
	0xdf06, 0xdf25, 0xe723, 0xef42, 0xf741, 0xff60, 0xff40, 0xff40, 0xff41, 0xff21, 0xff21, 0xff02, 0xff02, 0xfee3, 0xfee3, 0xfee3, 
	0xfec4, 0xfec4, 0xfea5, 0xfea5, 0xfea5, 0xfe86, 0xfe86, 0xfe86, 0xfe67, 0xfe67, 0xfe67, 0xfe47, 0xfe47, 0xfe47, 0xfe48, 0xfe47, 
	0xfe47, 0xfe47, 0xfe67, 0xfe67, 0xfe67, 0xfe66, 0xfe86, 0xfe86, 0xfea5, 0xfea5, 0xfea5, 0xfec4, 0xfec4, 0xfec3, 0xfee3, 0xfee3, 
	0xff02, 0xff02, 0xff21, 0xff21, 0xff21, 0xff40, 0xff40, 0xff60, 0xf741, 0xef42, 0xef23, 0xe724, 0xdf06, 0xd707, 0xcee8, 0xc6e9, 
	0xbeca, 0xb6cc, 0xaead, 0xa6ae, 0x9e8f, 0x9670, 0x8e72, 0x8653, 0x7e54, 0x7635, 0x6e36, 0x6e18, 0x6619, 0x5dfa, 0x55fb, 0x4ddd, 
	0x45de, 0x3dbf, 0x3dbf, 0x3dbe, 0x3dbd, 0x45dc, 0x45db, 0x4dda, 0x4dda, 0x55d9, 0x55f9, 0x5df8, 0x5df8, 0x6618, 0x6618, 0x6e17, 
	0x5df8, 0x5df8, 0x55f9, 0x55d9, 0x4dda, 0x4dda, 0x45db, 0x45bc, 0x3dbd, 0x3dbe, 0x3dbf, 0x3dbf, 0x45de, 0x4ddd, 0x55fb, 0x5dfa, 
	0x6619, 0x6e18, 0x7636, 0x7635, 0x7e54, 0x8653, 0x8e72, 0x9690, 0x9e8f, 0xa6ae, 0xaead, 0xb6cc, 0xbeca, 0xc6e9, 0xcee8, 0xd707, 
	0xdf05, 0xe724, 0xef23, 0xf742, 0xff41, 0xff60, 0xff40, 0xff40, 0xff21, 0xff21, 0xff22, 0xff02, 0xff02, 0xfee3, 0xfee3, 0xfec4, 
	0xfec4, 0xfec4, 0xfea5, 0xfea5, 0xfe86, 0xfe86, 0xfe86, 0xfe67, 0xfe67, 0xfe67, 0xfe47, 0xfe48, 0xfe48, 0xfe48, 0xfe48, 0xfe48, 
	0xfe48, 0xfe48, 0xfe47, 0xfe67, 0xfe67, 0xfe67, 0xfe86, 0xfe86, 0xfe86, 0xfea5, 0xfea5, 0xfea4, 0xfec4, 0xfec4, 0xfee3, 0xfee3, 
	0xff02, 0xff02, 0xff02, 0xff21, 0xff21, 0xff40, 0xff40, 0xff60, 0xff41, 0xf742, 0xef23, 0xe724, 0xdf05, 0xd707, 0xcee8, 0xc6e9, 
	0xbeca, 0xb6cb, 0xaead, 0xa6ae, 0x9e8f, 0x9690, 0x8e71, 0x8673, 0x8654, 0x7e35, 0x7636, 0x6e18, 0x6619, 0x5dfa, 0x55fb, 0x4ddc, 
	0x45de, 0x3dbf, 0x3dbf, 0x3dbe, 0x3dbd, 0x45bc, 0x45db, 0x4ddb, 0x4dda, 0x55d9, 0x55f9, 0x5df8, 0x5df8, 0x6618, 0x6618, 0x6e17, 
	0x5df8, 0x5df8, 0x55f9, 0x55d9, 0x4dda, 0x4ddb, 0x45db, 0x45bc, 0x3dbd, 0x3dbe, 0x3dbf, 0x3dbf, 0x45de, 0x4ddc, 0x55fb, 0x5dfa, 
	0x6619, 0x6e17, 0x7636, 0x7e35, 0x8654, 0x8e73, 0x8e71, 0x9690, 0x9e8f, 0xa6ae, 0xaead, 0xb6cb, 0xbeca, 0xc6e9, 0xcee8, 0xd706, 
	0xdf05, 0xe724, 0xef23, 0xf742, 0xff40, 0xff60, 0xff40, 0xff40, 0xff21, 0xff21, 0xff02, 0xff02, 0xfee3, 0xfee3, 0xfee3, 0xfec4, 
	0xfec4, 0xfea5, 0xfea5, 0xfe85, 0xfe86, 0xfe86, 0xfe66, 0xfe67, 0xfe67, 0xfe47, 0xfe48, 0xfe48, 0xfe28, 0xfe28, 0xfe28, 0xfe28, 
	0xfe28, 0xfe48, 0xfe48, 0xfe48, 0xfe47, 0xfe67, 0xfe67, 0xfe86, 0xfe86, 0xfe85, 0xfea5, 0xfea5, 0xfec4, 0xfec4, 0xfee3, 0xfee3, 
	0xfee3, 0xff02, 0xff02, 0xff21, 0xff21, 0xff41, 0xff40, 0xff60, 0xff40, 0xf741, 0xef23, 0xe724, 0xdf05, 0xd706, 0xcee8, 0xc6e9, 
	0xbeca, 0xb6cb, 0xaeac, 0xa6ae, 0x9e8f, 0x9e90, 0x9671, 0x8e72, 0x8654, 0x7e55, 0x7636, 0x6e17, 0x6619, 0x5dfa, 0x55fb, 0x4ddc, 
	0x45dd, 0x3dbf, 0x3dbf, 0x3dbe, 0x3dbd, 0x45bc, 0x45db, 0x4ddb, 0x4dda, 0x55d9, 0x55f9, 0x5df8, 0x5df8, 0x6618, 0x6618, 0x6e18, 
	0x5df8, 0x5df8, 0x55f9, 0x55d9, 0x4dda, 0x4ddb, 0x45db, 0x45bc, 0x3dbd, 0x3dbe, 0x3dbf, 0x3dbf, 0x45dd, 0x4ddc, 0x55fb, 0x5dfa, 
	0x6619, 0x6e17, 0x7636, 0x7e55, 0x8654, 0x8e72, 0x9671, 0x9e90, 0x9e8f, 0xa6ae, 0xaeac, 0xb6cb, 0xbeca, 0xc6e9, 0xcee7, 0xd706, 
	0xdf05, 0xe724, 0xef23, 0xf741, 0xff40, 0xff60, 0xff40, 0xff41, 0xff21, 0xff21, 0xff02, 0xff02, 0xfee3, 0xfee3, 0xfec3, 0xfec4, 
	0xfec4, 0xfea5, 0xfea5, 0xfe86, 0xfe86, 0xfe66, 0xfe67, 0xfe67, 0xfe47, 0xfe48, 0xfe48, 0xfe28, 0xfe29, 0xfe29, 0xfe29, 0xfe29, 
	0xfe29, 0xfe28, 0xfe48, 0xfe48, 0xfe47, 0xfe67, 0xfe67, 0xfe66, 0xfe86, 0xfe86, 0xfea5, 0xfea5, 0xfec4, 0xfec4, 0xfec4, 0xfee3, 
	0xfee3, 0xff02, 0xff02, 0xff21, 0xff21, 0xff41, 0xff40, 0xff40, 0xff60, 0xf741, 0xef42, 0xe724, 0xdf05, 0xd706, 0xcee7, 0xc6e9, 
	0xbeca, 0xb6cb, 0xb6ac, 0xaead, 0xa68f, 0x9e90, 0x9671, 0x8e72, 0x8654, 0x7e55, 0x7636, 0x6e37, 0x6618, 0x5dfa, 0x55fb, 0x4ddc, 
	0x45dd, 0x3dbf, 0x3dbf, 0x3dbe, 0x3dbd, 0x45bc, 0x45db, 0x4ddb, 0x4dda, 0x55d9, 0x55f9, 0x5df9, 0x5df8, 0x6618, 0x6618, 0x6e18, 
	0x5df8, 0x5df9, 0x55f9, 0x55d9, 0x4dda, 0x4ddb, 0x45db, 0x45bc, 0x3dbd, 0x3dbe, 0x3dbf, 0x3dbf, 0x45dd, 0x4ddc, 0x55fb, 0x5dfa, 
	0x6618, 0x6e37, 0x7636, 0x7e55, 0x8654, 0x8e72, 0x9671, 0x9e90, 0xa68f, 0xaead, 0xb6ac, 0xb6cb, 0xbeca, 0xc6e9, 0xcee7, 0xd706, 
	0xdf05, 0xe724, 0xef42, 0xf741, 0xff60, 0xff40, 0xff40, 0xff41, 0xff21, 0xff21, 0xff02, 0xff02, 0xfee3, 0xfee3, 0xfec4, 0xfec4, 
	0xfea4, 0xfea5, 0xfea5, 0xfe86, 0xfe86, 0xfe66, 0xfe67, 0xfe47, 0xfe48, 0xfe48, 0xfe28, 0xfe29, 0xfe29, 0xfe09, 0xfe09, 0xfe09, 
	0xfe29, 0xfe29, 0xfe28, 0xfe48, 0xfe48, 0xfe47, 0xfe67, 0xfe67, 0xfe86, 0xfe86, 0xfea5, 0xfea5, 0xfea4, 0xfec4, 0xfec4, 0xfee3, 
	0xfee3, 0xff02, 0xff02, 0xff22, 0xff21, 0xff41, 0xff40, 0xff40, 0xff60, 0xf741, 0xef42, 0xe724, 0xdf25, 0xd706, 0xcee7, 0xc6e8, 
	0xc6ca, 0xbecb, 0xb6ac, 0xaead, 0xa68f, 0x9e90, 0x9671, 0x8e72, 0x8653, 0x7e55, 0x7636, 0x6e37, 0x6618, 0x5e1a, 0x55fb, 0x4ddc, 
	0x45dd, 0x3dbe, 0x3dbf, 0x3dbe, 0x3dbd, 0x45bc, 0x45db, 0x4ddb, 0x4dda, 0x55da, 0x55f9, 0x5df9, 0x5df8, 0x6618, 0x6618, 0x6e18, 
	0x5df8, 0x5df9, 0x55f9, 0x55d9, 0x4dda, 0x4ddb, 0x45db, 0x45bc, 0x3dbd, 0x3dbe, 0x3dbf, 0x3dbf, 0x45dd, 0x4ddc, 0x55fb, 0x5dfa, 
	0x6618, 0x6e37, 0x7636, 0x7e55, 0x8653, 0x8e72, 0x9671, 0x9e90, 0xa68f, 0xaead, 0xb6ac, 0xbecb, 0xc6ca, 0xc6e8, 0xcee7, 0xd706, 
	0xdf25, 0xe724, 0xef42, 0xf741, 0xff60, 0xff40, 0xff40, 0xff21, 0xff21, 0xff22, 0xff02, 0xff02, 0xfee3, 0xfee3, 0xfec4, 0xfec4, 
	0xfea5, 0xfea5, 0xfe85, 0xfe86, 0xfe86, 0xfe67, 0xfe67, 0xfe47, 0xfe48, 0xfe28, 0xfe29, 0xfe29, 0xfe09, 0xfe0a, 0xfe0a, 0xfe0a, 
	0xfe09, 0xfe29, 0xfe29, 0xfe28, 0xfe48, 0xfe47, 0xfe67, 0xfe67, 0xfe86, 0xfe86, 0xfe85, 0xfea5, 0xfea5, 0xfec4, 0xfec4, 0xfee3, 
	0xfee3, 0xff02, 0xff02, 0xff22, 0xff21, 0xff21, 0xff40, 0xff40, 0xff60, 0xf741, 0xef42, 0xe723, 0xdf25, 0xd706, 0xd6e7, 0xcee8, 
	0xc6ca, 0xbecb, 0xb6ac, 0xaead, 0xa68e, 0x9e90, 0x9671, 0x8e72, 0x8653, 0x7e55, 0x7636, 0x6e37, 0x6618, 0x5e19, 0x55fb, 0x4ddc, 
	0x45dd, 0x3dbe, 0x3dbf, 0x3dbe, 0x3dbd, 0x45bc, 0x45dc, 0x4ddb, 0x4dda, 0x55da, 0x55f9, 0x5df9, 0x5df8, 0x6618, 0x6618, 0x6e18, 
	0x5df8, 0x5df9, 0x55f9, 0x55da, 0x4dda, 0x4ddb, 0x45db, 0x45bc, 0x3dbd, 0x3dbe, 0x3dbf, 0x3dbe, 0x45dd, 0x4ddc, 0x55fb, 0x5e1a, 
	0x6618, 0x6e37, 0x7636, 0x7e55, 0x8653, 0x8e72, 0x9671, 0x9e90, 0xa68e, 0xaead, 0xb6ac, 0xbecb, 0xc6ca, 0xcee8, 0xcee7, 0xd706, 
	0xdf25, 0xe723, 0xef42, 0xf741, 0xff60, 0xff40, 0xff40, 0xff21, 0xff21, 0xff22, 0xff02, 0xff02, 0xfee3, 0xfee3, 0xfec4, 0xfec4, 
	0xfea5, 0xfea5, 0xfe85, 0xfe86, 0xfe66, 0xfe67, 0xfe67, 0xfe48, 0xfe48, 0xfe28, 0xfe29, 0xfe09, 0xfe0a, 0xfe0a, 0xfdea, 0xfe0a, 
	0xfe0a, 0xfe09, 0xfe29, 0xfe28, 0xfe48, 0xfe48, 0xfe47, 0xfe67, 0xfe66, 0xfe86, 0xfe85, 0xfea5, 0xfea5, 0xfec4, 0xfec4, 0xfee3, 
	0xfee3, 0xff03, 0xff02, 0xff02, 0xff21, 0xff21, 0xff40, 0xff40, 0xff60, 0xf741, 0xef42, 0xe723, 0xe725, 0xdf06, 0xd707, 0xcee8, 
	0xc6c9, 0xbecb, 0xb6ac, 0xaead, 0xa68e, 0x9e90, 0x9671, 0x8e72, 0x8653, 0x7e55, 0x7636, 0x6e37, 0x6618, 0x5e19, 0x55fb, 0x4dfc, 
	0x45dd, 0x3dbe, 0x3dbf, 0x3dbe, 0x3dbd, 0x45bc, 0x45dc, 0x4ddb, 0x4dda, 0x55da, 0x55f9, 0x5df9, 0x5df8, 0x6618, 0x6618, 0x6e18, 
	0x5df8, 0x5df9, 0x55f9, 0x55da, 0x4dda, 0x4ddb, 0x45db, 0x45bc, 0x3dbd, 0x3dbe, 0x3dbf, 0x3dbe, 0x45dd, 0x4ddc, 0x55fb, 0x5e1a, 
	0x6618, 0x6e37, 0x7636, 0x7e55, 0x8653, 0x8e72, 0x9671, 0x9e90, 0xa68e, 0xaead, 0xb6ac, 0xbecb, 0xc6ca, 0xcee8, 0xd6e7, 0xd706, 
	0xdf25, 0xe723, 0xef42, 0xf741, 0xff60, 0xff40, 0xff40, 0xff21, 0xff21, 0xff22, 0xff02, 0xff02, 0xfee3, 0xfee3, 0xfec4, 0xfec4, 
	0xfea5, 0xfea5, 0xfe85, 0xfe86, 0xfe66, 0xfe67, 0xfe47, 0xfe48, 0xfe48, 0xfe28, 0xfe29, 0xfe09, 0xfe0a, 0xfdea, 0xfdea, 0xfdea, 
	0xfe0a, 0xfe09, 0xfe29, 0xfe29, 0xfe48, 0xfe48, 0xfe47, 0xfe67, 0xfe66, 0xfe86, 0xfe86, 0xfea5, 0xfea5, 0xfec4, 0xfec4, 0xfee3, 
	0xfee3, 0xff03, 0xff02, 0xff02, 0xff21, 0xff21, 0xff40, 0xff40, 0xff60, 0xf741, 0xef42, 0xef23, 0xe724, 0xdf06, 0xd707, 0xcee8, 
	0xc6c9, 0xbecb, 0xb6ac, 0xaead, 0xa68e, 0x9e90, 0x9671, 0x8e72, 0x8653, 0x7e54, 0x7636, 0x6e37, 0x6618, 0x5e19, 0x55fb, 0x4dfc, 
	0x45dd, 0x3dbe, 0x3dbf, 0x3dbe, 0x3dbd, 0x45bc, 0x45dc, 0x4ddb, 0x4dda, 0x55da, 0x55f9, 0x5df9, 0x5df8, 0x6618, 0x6618, 0x6e18, 
	0x5df8, 0x5df9, 0x55f9, 0x55da, 0x4dda, 0x4ddb, 0x45db, 0x45bc, 0x3dbd, 0x3dbe, 0x3dbf, 0x3dbe, 0x45dd, 0x4ddc, 0x55fb, 0x5e1a, 
	0x6618, 0x6e37, 0x7636, 0x7e55, 0x8653, 0x8e72, 0x9671, 0x9e90, 0xa68e, 0xaead, 0xb6ac, 0xbecb, 0xc6ca, 0xcee8, 0xd6e7, 0xd706, 
	0xdf25, 0xe723, 0xef42, 0xf741, 0xff60, 0xff40, 0xff40, 0xff21, 0xff21, 0xff22, 0xff02, 0xff02, 0xfee3, 0xfee3, 0xfec4, 0xfec4, 
	0xfea5, 0xfea5, 0xfe85, 0xfe86, 0xfe66, 0xfe67, 0xfe47, 0xfe48, 0xfe48, 0xfe28, 0xfe29, 0xfe09, 0xfe0a, 0xfdea, 0xfdea, 0xfdea, 
	0xfe0a, 0xfe09, 0xfe29, 0xfe29, 0xfe48, 0xfe48, 0xfe47, 0xfe67, 0xfe66, 0xfe86, 0xfe86, 0xfea5, 0xfea5, 0xfec4, 0xfec4, 0xfee3, 
	0xfee3, 0xff03, 0xff02, 0xff02, 0xff21, 0xff21, 0xff40, 0xff40, 0xff60, 0xf741, 0xef42, 0xe723, 0xe724, 0xdf06, 0xd707, 0xcee8, 
	0xc6c9, 0xbecb, 0xb6ac, 0xaead, 0xa68e, 0x9e90, 0x9671, 0x8e72, 0x8653, 0x7e54, 0x7636, 0x6e37, 0x6618, 0x5e19, 0x55fb, 0x4dfc, 
	0x45dd, 0x3dbe, 0x3dbf, 0x3dbe, 0x3dbd, 0x45bc, 0x45dc, 0x4ddb, 0x4dda, 0x55da, 0x55f9, 0x5df9, 0x5df8, 0x6618, 0x6618, 0x6e18, 
	0x5df8, 0x5df9, 0x55f9, 0x55da, 0x4dda, 0x4ddb, 0x45db, 0x45bc, 0x3dbd, 0x3dbe, 0x3dbf, 0x3dbe, 0x45dd, 0x4ddc, 0x55fb, 0x5e1a, 
	0x6618, 0x6e37, 0x7636, 0x7e55, 0x8653, 0x8e72, 0x9671, 0x9e90, 0xa68f, 0xaead, 0xb6ac, 0xbecb, 0xc6ca, 0xcee8, 0xcee7, 0xd706, 
	0xdf25, 0xe723, 0xef42, 0xf741, 0xff60, 0xff40, 0xff40, 0xff21, 0xff21, 0xff22, 0xff02, 0xff02, 0xfee3, 0xfee3, 0xfec4, 0xfec4, 
	0xfea5, 0xfea5, 0xfe85, 0xfe86, 0xfe66, 0xfe67, 0xfe67, 0xfe48, 0xfe48, 0xfe28, 0xfe29, 0xfe09, 0xfe0a, 0xfe0a, 0xfe0a, 0xfe0a, 
	0xfe0a, 0xfe09, 0xfe29, 0xfe28, 0xfe48, 0xfe48, 0xfe67, 0xfe67, 0xfe66, 0xfe86, 0xfe85, 0xfea5, 0xfea5, 0xfec4, 0xfec4, 0xfee3, 
	0xfee3, 0xff02, 0xff02, 0xff02, 0xff21, 0xff21, 0xff40, 0xff40, 0xff60, 0xf741, 0xef42, 0xe723, 0xdf25, 0xdf06, 0xd707, 0xcee8, 
	0xc6c9, 0xbecb, 0xb6ac, 0xaead, 0xa68e, 0x9e90, 0x9671, 0x8e72, 0x8653, 0x7e55, 0x7636, 0x6e37, 0x6618, 0x5e19, 0x55fb, 0x4dfc, 
	0x45dd, 0x3dbe, 0x3dbf, 0x3dbe, 0x3dbd, 0x45bc, 0x45dc, 0x4ddb, 0x4dda, 0x55da, 0x55f9, 0x5df9, 0x5df8, 0x6618, 0x6618, 0x6e18, 
	0x5df8, 0x5df9, 0x55f9, 0x55d9, 0x4dda, 0x4ddb, 0x45db, 0x45bc, 0x3dbd, 0x3dbe, 0x3dbf, 0x3dbf, 0x45dd, 0x4ddc, 0x55fb, 0x5dfa, 
	0x6618, 0x6e37, 0x7636, 0x7e55, 0x8653, 0x8e72, 0x9671, 0x9e90, 0xa68f, 0xaead, 0xb6ac, 0xbecb, 0xbeca, 0xc6e8, 0xcee7, 0xd706, 
	0xdf05, 0xe724, 0xef42, 0xf741, 0xff60, 0xff40, 0xff40, 0xff41, 0xff21, 0xff22, 0xff02, 0xff02, 0xfee3, 0xfee3, 0xfec4, 0xfec4, 
	0xfea5, 0xfea5, 0xfe85, 0xfe86, 0xfe86, 0xfe67, 0xfe67, 0xfe47, 0xfe48, 0xfe28, 0xfe29, 0xfe29, 0xfe09, 0xfe09, 0xfe0a, 0xfe09, 
	0xfe09, 0xfe29, 0xfe29, 0xfe28, 0xfe48, 0xfe47, 0xfe67, 0xfe67, 0xfe86, 0xfe86, 0xfe85, 0xfea5, 0xfea5, 0xfec4, 0xfec4, 0xfee3, 
	0xfee3, 0xff02, 0xff02, 0xff22, 0xff21, 0xff21, 0xff40, 0xff40, 0xff60, 0xf741, 0xef42, 0xe723, 0xdf25, 0xd706, 0xd6e7, 0xcee8, 
	0xc6ca, 0xbecb, 0xb6ac, 0xaead, 0xa68e, 0x9e90, 0x9671, 0x8e72, 0x8653, 0x7e55, 0x7636, 0x6e37, 0x6618, 0x5e19, 0x55fb, 0x4ddc, 
	0x45dd, 0x3dbe, 0x3dbf, 0x3dbe, 0x3dbd, 0x45bc, 0x45db, 0x4ddb, 0x4dda, 0x55da, 0x55f9, 0x5df9, 0x5df8, 0x6618, 0x6618, 0x6e18, 
	0x5df8, 0x5df9, 0x55f9, 0x55d9, 0x4dda, 0x4ddb, 0x45db, 0x45bc, 0x3dbd, 0x3dbe, 0x3dbf, 0x3dbf, 0x45dd, 0x4ddc, 0x55fb, 0x5dfa, 
	0x6618, 0x6e37, 0x7636, 0x7e55, 0x8654, 0x8e72, 0x9671, 0x9e90, 0xa68f, 0xaead, 0xaeac, 0xb6cb, 0xbeca, 0xc6e9, 0xcee7, 0xd706, 
	0xdf05, 0xe724, 0xef22, 0xf741, 0xff60, 0xff40, 0xff40, 0xff41, 0xff21, 0xff21, 0xff02, 0xff02, 0xfee3, 0xfee3, 0xfec4, 0xfec4, 
	0xfea4, 0xfea5, 0xfea5, 0xfe86, 0xfe86, 0xfe66, 0xfe67, 0xfe47, 0xfe48, 0xfe48, 0xfe28, 0xfe29, 0xfe29, 0xfe29, 0xfe09, 0xfe29, 
	0xfe29, 0xfe29, 0xfe28, 0xfe48, 0xfe48, 0xfe47, 0xfe67, 0xfe66, 0xfe86, 0xfe86, 0xfea5, 0xfea5, 0xfea4, 0xfec4, 0xfec4, 0xfee3, 
	0xfee3, 0xff02, 0xff02, 0xff22, 0xff21, 0xff41, 0xff40, 0xff40, 0xff60, 0xf741, 0xef42, 0xe724, 0xdf05, 0xd706, 0xcee7, 0xc6e8, 
	0xbeca, 0xbecb, 0xb6ac, 0xaead, 0xa68f, 0x9e90, 0x9671, 0x8e72, 0x8653, 0x7e55, 0x7636, 0x6e37, 0x6618, 0x5e1a, 0x55fb, 0x4ddc, 
	0x45dd, 0x3dbe, 0x3dbf, 0x3dbe, 0x3dbd, 0x45bc, 0x45db, 0x4ddb, 0x4dda, 0x55da, 0x55f9, 0x5df9, 0x5df8, 0x6618, 0x6618, 0x6e38, 
	0x5df8, 0x5df8, 0x55f9, 0x55d9, 0x4dda, 0x4ddb, 0x45db, 0x45dc, 0x3dbd, 0x3dbe, 0x3dbf, 0x3dbf, 0x45de, 0x4ddc, 0x55fb, 0x5dfa, 
	0x6619, 0x6e17, 0x7636, 0x7e55, 0x8654, 0x8e72, 0x9671, 0x9e90, 0x9e8f, 0xa6ae, 0xaeac, 0xb6cb, 0xbeca, 0xc6e9, 0xcee8, 0xd706, 
	0xdf05, 0xe724, 0xef23, 0xf741, 0xff40, 0xff60, 0xff40, 0xff41, 0xff21, 0xff21, 0xff02, 0xff02, 0xfee3, 0xfee3, 0xfee3, 0xfec4, 
	0xfec4, 0xfea5, 0xfea5, 0xfe85, 0xfe86, 0xfe66, 0xfe67, 0xfe67, 0xfe47, 0xfe48, 0xfe48, 0xfe28, 0xfe28, 0xfe29, 0xfe29, 0xfe29, 
	0xfe28, 0xfe28, 0xfe48, 0xfe48, 0xfe47, 0xfe67, 0xfe67, 0xfe66, 0xfe86, 0xfe86, 0xfea5, 0xfea5, 0xfec4, 0xfec4, 0xfec4, 0xfee3, 
	0xfee3, 0xff02, 0xff02, 0xff21, 0xff21, 0xff41, 0xff40, 0xff60, 0xff60, 0xf741, 0xef23, 0xe724, 0xdf05, 0xd706, 0xcee7, 0xc6e9, 
	0xbeca, 0xb6cb, 0xaeac, 0xaead, 0xa68f, 0x9e90, 0x9671, 0x8e72, 0x8654, 0x7e55, 0x7636, 0x6e37, 0x6618, 0x5dfa, 0x55fb, 0x4ddc, 
	0x45dd, 0x3dbf, 0x3dbf, 0x3dbe, 0x3dbd, 0x45dc, 0x45db, 0x4ddb, 0x4dda, 0x55d9, 0x55f9, 0x5df9, 0x5df8, 0x6618, 0x6618, 0x6e38, 
	0x5df8, 0x5df8, 0x55f9, 0x55d9, 0x4dda, 0x4ddb, 0x45db, 0x45dc, 0x45bd, 0x3dbe, 0x3dbf, 0x3dbf, 0x45de, 0x4ddc, 0x55fb, 0x5dfa, 
	0x6619, 0x6e18, 0x7636, 0x7e35, 0x8654, 0x8673, 0x8e71, 0x9690, 0x9e8f, 0xa6ae, 0xaead, 0xb6cb, 0xbeca, 0xc6e9, 0xcee8, 0xd707, 
	0xdf05, 0xe724, 0xef23, 0xf742, 0xff40, 0xff60, 0xff40, 0xff40, 0xff21, 0xff21, 0xff02, 0xff02, 0xff03, 0xfee3, 0xfee3, 0xfec4, 
	0xfec4, 0xfea5, 0xfea5, 0xfea5, 0xfe86, 0xfe86, 0xfe66, 0xfe67, 0xfe67, 0xfe47, 0xfe48, 0xfe48, 0xfe48, 0xfe28, 0xfe28, 0xfe28, 
	0xfe48, 0xfe48, 0xfe48, 0xfe47, 0xfe67, 0xfe67, 0xfe66, 0xfe86, 0xfe86, 0xfe85, 0xfea5, 0xfea5, 0xfec4, 0xfec4, 0xfee3, 0xfee3, 
	0xfee3, 0xff02, 0xff02, 0xff21, 0xff21, 0xff40, 0xff40, 0xff60, 0xff40, 0xf742, 0xef23, 0xe724, 0xdf05, 0xd706, 0xcee8, 0xc6e9, 
	0xbeca, 0xb6cb, 0xaeac, 0xa6ae, 0x9e8f, 0x9690, 0x9671, 0x8e73, 0x8654, 0x7e55, 0x7636, 0x6e17, 0x6619, 0x5dfa, 0x55fb, 0x4ddc, 
	0x45dd, 0x3dbf, 0x3dbf, 0x3dbe, 0x3dbd, 0x45dc, 0x45db, 0x4ddb, 0x4dda, 0x55d9, 0x55f9, 0x5df8, 0x5df8, 0x6618, 0x6618, 0x6e38, 
	0x5df8, 0x5df8, 0x55f9, 0x55d9, 0x4dda, 0x4dda, 0x45db, 0x45dc, 0x45bd, 0x3dbe, 0x3dbf, 0x3dbf, 0x45de, 0x4ddd, 0x55fb, 0x5dfa, 
	0x6619, 0x6e18, 0x6e36, 0x7635, 0x7e54, 0x8653, 0x8e72, 0x9670, 0x9e8f, 0xa6ae, 0xaead, 0xb6cc, 0xbeca, 0xc6e9, 0xcee8, 0xd707, 
	0xdf06, 0xe724, 0xef23, 0xf742, 0xf741, 0xff60, 0xff40, 0xff40, 0xff21, 0xff21, 0xff22, 0xff02, 0xff02, 0xfee3, 0xfee3, 0xfec4, 
	0xfec4, 0xfec4, 0xfea5, 0xfea5, 0xfe85, 0xfe86, 0xfe86, 0xfe67, 0xfe67, 0xfe67, 0xfe47, 0xfe47, 0xfe48, 0xfe48, 0xfe48, 0xfe48, 
	0xfe48, 0xfe48, 0xfe47, 0xfe67, 0xfe67, 0xfe67, 0xfe86, 0xfe86, 0xfe86, 0xfea5, 0xfea5, 0xfec4, 0xfec4, 0xfec4, 0xfee3, 0xfee3, 
	0xff02, 0xff02, 0xff22, 0xff21, 0xff21, 0xff40, 0xff40, 0xff60, 0xff41, 0xf742, 0xef23, 0xe724, 0xdf05, 0xd707, 0xcee8, 0xc6e9, 
	0xbeca, 0xb6cb, 0xaead, 0xa6ae, 0x9e8f, 0x9690, 0x8e71, 0x8653, 0x7e54, 0x7e35, 0x7636, 0x6e18, 0x6619, 0x5dfa, 0x55fb, 0x4ddc, 
	0x45de, 0x3dbf, 0x3dbf, 0x3dbe, 0x45bd, 0x45dc, 0x45db, 0x4ddb, 0x4dda, 0x55d9, 0x55f9, 0x5df8, 0x5df8, 0x6618, 0x6618, 0x6e37, 
	0x6618, 0x5df8, 0x55f9, 0x55f9, 0x4dda, 0x4dda, 0x4ddb, 0x45dc, 0x45bd, 0x3dbe, 0x3dbf, 0x3dbf, 0x45de, 0x4ddd, 0x55fc, 0x55fa, 
	0x5e19, 0x6618, 0x6e37, 0x7635, 0x7e54, 0x8653, 0x8e72, 0x9671, 0x9e8f, 0xa68e, 0xaead, 0xb6ac, 0xbecb, 0xc6e9, 0xcee8, 0xd707, 
	0xd706, 0xdf25, 0xe723, 0xef42, 0xf741, 0xff60, 0xff40, 0xff40, 0xff41, 0xff21, 0xff21, 0xff02, 0xff02, 0xfee3, 0xfee3, 0xfee3, 
	0xfec4, 0xfec4, 0xfea5, 0xfea5, 0xfea5, 0xfe86, 0xfe86, 0xfe86, 0xfe66, 0xfe67, 0xfe67, 0xfe67, 0xfe47, 0xfe47, 0xfe47, 0xfe47, 
	0xfe47, 0xfe67, 0xfe67, 0xfe67, 0xfe67, 0xfe86, 0xfe86, 0xfe86, 0xfea5, 0xfea5, 0xfea5, 0xfec4, 0xfec4, 0xfee3, 0xfee3, 0xfee3, 
	0xff02, 0xff02, 0xff21, 0xff21, 0xff41, 0xff40, 0xff40, 0xff60, 0xf741, 0xef42, 0xe723, 0xe724, 0xdf06, 0xd707, 0xcee8, 0xc6e9, 
	0xbeca, 0xb6cc, 0xaead, 0xa68e, 0x9e8f, 0x9671, 0x8e72, 0x8653, 0x7e54, 0x7635, 0x6e37, 0x6618, 0x6619, 0x5dfa, 0x55fb, 0x4ddd, 
	0x45de, 0x3dbf, 0x3dbf, 0x3dbe, 0x45bd, 0x45dc, 0x45db, 0x4dda, 0x4dda, 0x55f9, 0x55f9, 0x5df8, 0x5df8, 0x6618, 0x6e18, 0x6e37, 
	0x6618, 0x5df8, 0x5df9, 0x55f9, 0x55da, 0x4dda, 0x4ddb, 0x45dc, 0x45bd, 0x3dbd, 0x3dbe, 0x3dbf, 0x3dde, 0x45dd, 0x4dfc, 0x55fb, 
	0x5e19, 0x6618, 0x6e37, 0x7636, 0x7e55, 0x8653, 0x8e72, 0x9671, 0x9e90, 0xa68e, 0xaead, 0xb6ac, 0xbecb, 0xbeca, 0xc6e9, 0xcee7, 
	0xd706, 0xdf05, 0xe724, 0xef23, 0xf741, 0xff40, 0xff60, 0xff40, 0xff40, 0xff21, 0xff21, 0xff02, 0xff02, 0xff02, 0xfee3, 0xfee3, 
	0xfec4, 0xfec4, 0xfec4, 0xfea5, 0xfea5, 0xfea5, 0xfe86, 0xfe86, 0xfe86, 0xfe66, 0xfe67, 0xfe67, 0xfe67, 0xfe67, 0xfe67, 0xfe67, 
	0xfe67, 0xfe67, 0xfe67, 0xfe66, 0xfe86, 0xfe86, 0xfe86, 0xfea5, 0xfea5, 0xfea5, 0xfec4, 0xfec4, 0xfec4, 0xfee3, 0xfee3, 0xff02, 
	0xff02, 0xff02, 0xff21, 0xff21, 0xff40, 0xff40, 0xff60, 0xff60, 0xf741, 0xef42, 0xe724, 0xdf25, 0xd706, 0xcee7, 0xc6e8, 0xc6ca, 
	0xbecb, 0xb6ac, 0xaead, 0xa68e, 0x9e90, 0x9671, 0x8e72, 0x8653, 0x7e54, 0x7636, 0x6e37, 0x6618, 0x5e19, 0x55fa, 0x4dfc, 0x4ddd, 
	0x45de, 0x3dbf, 0x3dbf, 0x3dbe, 0x45bd, 0x45dc, 0x4ddb, 0x4dda, 0x4dda, 0x55f9, 0x55f9, 0x5df8, 0x6618, 0x6618, 0x6e18, 0x6e37, 
	0x6618, 0x5df8, 0x5df9, 0x55f9, 0x55da, 0x4dda, 0x4ddb, 0x45dc, 0x45bc, 0x3dbd, 0x3dbe, 0x3dbf, 0x3dbe, 0x45dd, 0x4dfc, 0x55fb, 
	0x5e1a, 0x6618, 0x6e37, 0x7636, 0x7e55, 0x8654, 0x8e72, 0x9671, 0x9e90, 0xa68f, 0xa6ae, 0xaeac, 0xb6cb, 0xbeca, 0xc6e9, 0xcee8, 
	0xd706, 0xdf05, 0xe724, 0xef23, 0xf742, 0xf741, 0xff60, 0xff40, 0xff40, 0xff41, 0xff21, 0xff21, 0xff02, 0xff02, 0xfee3, 0xfee3, 
	0xfee3, 0xfec4, 0xfec4, 0xfec4, 0xfea5, 0xfea5, 0xfea5, 0xfe86, 0xfe86, 0xfe86, 0xfe86, 0xfe66, 0xfe66, 0xfe66, 0xfe67, 0xfe67, 
	0xfe66, 0xfe66, 0xfe86, 0xfe86, 0xfe86, 0xfe86, 0xfea5, 0xfea5, 0xfea5, 0xfec4, 0xfec4, 0xfec4, 0xfee3, 0xfee3, 0xfee3, 0xff02, 
	0xff02, 0xff22, 0xff21, 0xff21, 0xff40, 0xff40, 0xff60, 0xff41, 0xf742, 0xef23, 0xe724, 0xdf05, 0xd706, 0xcee8, 0xc6e9, 0xbeca, 
	0xb6cb, 0xaeac, 0xaead, 0xa68f, 0x9e90, 0x9671, 0x8e72, 0x8653, 0x7e55, 0x7636, 0x6e37, 0x6618, 0x5e19, 0x55fb, 0x4dfc, 0x45dd, 
	0x3dde, 0x3dbf, 0x3dbe, 0x3dbd, 0x45bc, 0x45dc, 0x4ddb, 0x4dda, 0x55da, 0x55f9, 0x5df9, 0x5df8, 0x6618, 0x6618, 0x6e38, 0x6e37, 
	0x6618, 0x5df8, 0x5df9, 0x55f9, 0x55da, 0x4dda, 0x4ddb, 0x45db, 0x45dc, 0x3dbd, 0x3dbe, 0x3dbf, 0x3dbf, 0x45dd, 0x4ddc, 0x55fb, 
	0x5dfa, 0x6619, 0x6e17, 0x7636, 0x7e55, 0x8654, 0x8673, 0x8e71, 0x9690, 0x9e8f, 0xa6ae, 0xaead, 0xb6cc, 0xbeca, 0xc6e9, 0xcee8, 
	0xd707, 0xdf06, 0xdf25, 0xe723, 0xef42, 0xf741, 0xff60, 0xff60, 0xff40, 0xff41, 0xff21, 0xff21, 0xff02, 0xff02, 0xff02, 0xfee3, 
	0xfee3, 0xfee3, 0xfec4, 0xfec4, 0xfec4, 0xfea5, 0xfea5, 0xfea5, 0xfe85, 0xfe86, 0xfe86, 0xfe86, 0xfe86, 0xfe86, 0xfe86, 0xfe86, 
	0xfe86, 0xfe86, 0xfe86, 0xfe86, 0xfe85, 0xfea5, 0xfea5, 0xfea5, 0xfec4, 0xfec4, 0xfec4, 0xfee3, 0xfee3, 0xfee3, 0xff02, 0xff02, 
	0xff02, 0xff21, 0xff21, 0xff41, 0xff40, 0xff40, 0xff60, 0xf741, 0xef42, 0xe723, 0xe724, 0xdf06, 0xd707, 0xcee8, 0xc6e9, 0xbeca, 
	0xb6cb, 0xaead, 0xa6ae, 0x9e8f, 0x9690, 0x9671, 0x8e73, 0x8654, 0x7e55, 0x7636, 0x6e37, 0x6618, 0x5dfa, 0x55fb, 0x4ddc, 0x45dd, 
	0x3dbf, 0x3dbf, 0x3dbe, 0x3dbd, 0x45dc, 0x45dc, 0x4ddb, 0x4dda, 0x55da, 0x55f9, 0x5df9, 0x5df8, 0x6618, 0x6618, 0x6e38, 0x7637, 
	0x6618, 0x5df8, 0x5df8, 0x55f9, 0x55d9, 0x4dda, 0x4ddb, 0x45db, 0x45dc, 0x45bd, 0x3dbe, 0x3dbf, 0x3dbf, 0x45de, 0x4ddd, 0x55fb, 
	0x5dfa, 0x6619, 0x6e18, 0x6e37, 0x7635, 0x7e54, 0x8653, 0x8e72, 0x9671, 0x9e8f, 0xa68e, 0xaead, 0xb6ac, 0xbecb, 0xc6ca, 0xc6e8, 
	0xcee7, 0xd706, 0xdf05, 0xe724, 0xef23, 0xf742, 0xff41, 0xff60, 0xff40, 0xff40, 0xff41, 0xff21, 0xff21, 0xff02, 0xff02, 0xff02, 
	0xfee3, 0xfee3, 0xfee3, 0xfec4, 0xfec4, 0xfec4, 0xfea5, 0xfea5, 0xfea5, 0xfea5, 0xfe85, 0xfe85, 0xfe86, 0xfe86, 0xfe86, 0xfe86, 
	0xfe86, 0xfe85, 0xfe85, 0xfea5, 0xfea5, 0xfea5, 0xfea5, 0xfec4, 0xfec4, 0xfec4, 0xfee4, 0xfee3, 0xfee3, 0xff03, 0xff02, 0xff02, 
	0xff21, 0xff21, 0xff21, 0xff40, 0xff40, 0xff60, 0xff40, 0xf742, 0xef23, 0xe724, 0xdf05, 0xd706, 0xcee7, 0xcee8, 0xc6c9, 0xbecb, 
	0xb6ac, 0xaead, 0xa68e, 0x9e8f, 0x9670, 0x8e72, 0x8653, 0x7e54, 0x7635, 0x7636, 0x6e18, 0x6619, 0x5dfa, 0x55fb, 0x4ddc, 0x45de, 
	0x3dbf, 0x3dbf, 0x3dbe, 0x3dbd, 0x45dc, 0x45db, 0x4ddb, 0x4dda, 0x55d9, 0x55f9, 0x5df9, 0x5df8, 0x6618, 0x6618, 0x6e38, 0x7637, 
	0x6618, 0x6618, 0x5df8, 0x55f9, 0x55f9, 0x4dda, 0x4dda, 0x4ddb, 0x45dc, 0x45bd, 0x3dbe, 0x3dbf, 0x3dbf, 0x45de, 0x4ddd, 0x4dfc, 
	0x55fa, 0x5e19, 0x6618, 0x6e37, 0x7636, 0x7e54, 0x8653, 0x8e72, 0x9671, 0x9e90, 0xa68f, 0xa6ad, 0xaeac, 0xb6cb, 0xbeca, 0xc6e9, 
	0xcee8, 0xd707, 0xdf06, 0xe724, 0xe723, 0xef42, 0xf741, 0xff60, 0xff60, 0xff40, 0xff40, 0xff21, 0xff21, 0xff22, 0xff02, 0xff02, 
	0xff03, 0xfee3, 0xfee3, 0xfee3, 0xfec4, 0xfec4, 0xfec4, 0xfea4, 0xfea5, 0xfea5, 0xfea5, 0xfea5, 0xfea5, 0xfea5, 0xfea5, 0xfea5, 
	0xfea5, 0xfea5, 0xfea5, 0xfea5, 0xfea5, 0xfea4, 0xfec4, 0xfec4, 0xfec4, 0xfee3, 0xfee3, 0xfee3, 0xff03, 0xff02, 0xff02, 0xff22, 
	0xff21, 0xff21, 0xff41, 0xff40, 0xff60, 0xff60, 0xf741, 0xef42, 0xef23, 0xe724, 0xdf05, 0xd707, 0xcee8, 0xc6e9, 0xbeca, 0xb6cb, 
	0xaeac, 0xaead, 0xa68f, 0x9e90, 0x9671, 0x8e72, 0x8653, 0x7e54, 0x7636, 0x6e37, 0x6618, 0x5e19, 0x5dfa, 0x55fb, 0x4ddd, 0x45de, 
	0x3dbf, 0x3dbf, 0x3dbe, 0x45bd, 0x45dc, 0x45db, 0x4ddb, 0x4dda, 0x55f9, 0x55f9, 0x5df8, 0x5e18, 0x6618, 0x6e18, 0x6e38, 0x7637, 
	0x6618, 0x6618, 0x5df8, 0x5df9, 0x55f9, 0x55da, 0x4dda, 0x4ddb, 0x45dc, 0x45bd, 0x3dbd, 0x3dbe, 0x3dbf, 0x3dde, 0x45dd, 0x4dfc, 
	0x55fb, 0x5e1a, 0x6618, 0x6e37, 0x7636, 0x7e55, 0x8654, 0x8e73, 0x8e71, 0x9690, 0x9e8f, 0xa6ae, 0xaead, 0xb6cc, 0xbecb, 0xc6e9, 
	0xcee8, 0xcf07, 0xd706, 0xdf05, 0xe724, 0xef23, 0xf742, 0xff41, 0xff60, 0xff40, 0xff40, 0xff41, 0xff21, 0xff21, 0xff22, 0xff02, 
	0xff02, 0xff03, 0xfee3, 0xfee3, 0xfee3, 0xfec4, 0xfec4, 0xfec4, 0xfec4, 0xfec4, 0xfea5, 0xfea5, 0xfea5, 0xfea5, 0xfea5, 0xfea5, 
	0xfea5, 0xfea5, 0xfea5, 0xfea4, 0xfec4, 0xfec4, 0xfec4, 0xfec4, 0xfee3, 0xfee3, 0xfee3, 0xfee3, 0xff02, 0xff02, 0xff22, 0xff21, 
	0xff21, 0xff41, 0xff40, 0xff40, 0xff60, 0xff40, 0xf742, 0xef23, 0xe724, 0xdf25, 0xd706, 0xd707, 0xcee8, 0xc6e9, 0xbeca, 0xb6cc, 
	0xaead, 0xa6ae, 0x9e8f, 0x9690, 0x9671, 0x8e72, 0x8654, 0x7e55, 0x7636, 0x6e37, 0x6618, 0x5e19, 0x55fb, 0x4dfc, 0x45dd, 0x3dde, 
	0x3dbf, 0x3dbe, 0x3dbd, 0x45bd, 0x45dc, 0x4ddb, 0x4dda, 0x55da, 0x55f9, 0x5df9, 0x5df8, 0x6618, 0x6618, 0x6e38, 0x6e37, 0x7637, 
	0x6618, 0x6618, 0x5df8, 0x5df9, 0x55f9, 0x55da, 0x4dda, 0x4ddb, 0x45dc, 0x45dc, 0x3dbd, 0x3dbe, 0x3dbf, 0x3dbf, 0x45dd, 0x4ddc, 
	0x55fb, 0x5dfa, 0x6619, 0x6e18, 0x7636, 0x7635, 0x7e54, 0x8653, 0x8e72, 0x9671, 0x9e90, 0xa68e, 0xaead, 0xb6ac, 0xb6cb, 0xbeca, 
	0xc6e9, 0xcee8, 0xd707, 0xdf05, 0xe724, 0xe723, 0xef42, 0xf741, 0xff60, 0xff60, 0xff40, 0xff40, 0xff41, 0xff21, 0xff21, 0xff22, 
	0xff02, 0xff02, 0xff03, 0xfee3, 0xfee3, 0xfee3, 0xfee3, 0xfec4, 0xfec4, 0xfec4, 0xfec4, 0xfec4, 0xfec4, 0xfec4, 0xfec4, 0xfec4, 
	0xfec4, 0xfec4, 0xfec4, 0xfec4, 0xfec4, 0xfec4, 0xfec3, 0xfee3, 0xfee3, 0xfee3, 0xff03, 0xff02, 0xff02, 0xff02, 0xff21, 0xff21, 
	0xff41, 0xff40, 0xff40, 0xff60, 0xff60, 0xf741, 0xef42, 0xe723, 0xe724, 0xdf05, 0xd706, 0xcee8, 0xc6e9, 0xbeca, 0xbecb, 0xb6ac, 
	0xaead, 0xa68e, 0x9e8f, 0x9671, 0x8e72, 0x8653, 0x7e54, 0x7e35, 0x7636, 0x6e17, 0x6619, 0x5dfa, 0x55fb, 0x4ddc, 0x45dd, 0x3dbf, 
	0x3dbf, 0x3dbe, 0x3dbd, 0x45dc, 0x45dc, 0x4ddb, 0x4dda, 0x55da, 0x55f9, 0x5df9, 0x5df8, 0x6618, 0x6618, 0x6e38, 0x7637, 0x7657, 
	0x6e18, 0x6618, 0x5df8, 0x5df9, 0x55f9, 0x55f9, 0x4dda, 0x4ddb, 0x45db, 0x45dc, 0x45bd, 0x3dbe, 0x3dbf, 0x3dbf, 0x45de, 0x4ddd, 
	0x55fb, 0x55fa, 0x5e19, 0x6618, 0x6e37, 0x7636, 0x7e55, 0x8653, 0x8e72, 0x9671, 0x9e90, 0x9e8f, 0xa6ae, 0xaead, 0xb6cc, 0xbeca, 
	0xc6e9, 0xcee8, 0xcf07, 0xd706, 0xdf05, 0xe724, 0xef23, 0xf742, 0xf741, 0xff60, 0xff60, 0xff40, 0xff40, 0xff41, 0xff21, 0xff21, 
	0xff22, 0xff02, 0xff02, 0xff02, 0xfee3, 0xfee3, 0xfee3, 0xfee3, 0xfee3, 0xfec4, 0xfec4, 0xfec4, 0xfec4, 0xfec4, 0xfec4, 0xfec4, 
	0xfec4, 0xfec4, 0xfec4, 0xfec4, 0xfee3, 0xfee3, 0xfee3, 0xfee3, 0xfee3, 0xff02, 0xff02, 0xff02, 0xff02, 0xff21, 0xff21, 0xff21, 
	0xff40, 0xff40, 0xff60, 0xff60, 0xf741, 0xf742, 0xef23, 0xe724, 0xdf05, 0xd706, 0xd707, 0xcee8, 0xc6e9, 0xbeca, 0xb6cb, 0xaead, 
	0xa6ae, 0x9e8f, 0x9e90, 0x9671, 0x8e72, 0x8653, 0x7e54, 0x7636, 0x6e37, 0x6618, 0x5e19, 0x5dfa, 0x55fb, 0x4ddd, 0x45de, 0x3dbf, 
	0x3dbf, 0x3dbe, 0x45bd, 0x45dc, 0x45db, 0x4ddb, 0x4dda, 0x55da, 0x55f9, 0x5df9, 0x5df8, 0x6618, 0x6e18, 0x6e38, 0x7637, 0x7657, 
	0x6e18, 0x6618, 0x6618, 0x5df8, 0x55f9, 0x55f9, 0x4dda, 0x4dda, 0x4ddb, 0x45dc, 0x45bd, 0x3dbd, 0x3dbe, 0x3dbf, 0x3dde, 0x45dd, 
	0x4dfc, 0x55fb, 0x5e1a, 0x6618, 0x6e37, 0x7636, 0x7e55, 0x7e54, 0x8673, 0x8e72, 0x9671, 0x9e8f, 0xa68e, 0xaead, 0xb6ac, 0xb6cb, 
	0xbeca, 0xc6e9, 0xcee8, 0xd707, 0xdf06, 0xdf25, 0xe724, 0xef23, 0xf742, 0xff41, 0xff60, 0xff60, 0xff40, 0xff40, 0xff21, 0xff21, 
	0xff21, 0xff22, 0xff02, 0xff02, 0xff02, 0xff03, 0xfee3, 0xfee3, 0xfee3, 0xfee3, 0xfee3, 0xfee3, 0xfee3, 0xfec4, 0xfec4, 0xfec4, 
	0xfee3, 0xfee3, 0xfee3, 0xfee3, 0xfee3, 0xfee3, 0xfee3, 0xff03, 0xff02, 0xff02, 0xff02, 0xff22, 0xff21, 0xff21, 0xff21, 0xff40, 
	0xff40, 0xff40, 0xff60, 0xff41, 0xf742, 0xef43, 0xe724, 0xdf25, 0xdf06, 0xd707, 0xcee8, 0xc6e9, 0xbeca, 0xbecb, 0xb6ac, 0xaead, 
	0xa68e, 0x9e8f, 0x9690, 0x8e72, 0x8673, 0x8654, 0x7e55, 0x7636, 0x6e37, 0x6618, 0x5e19, 0x55fb, 0x4dfc, 0x45dd, 0x45de, 0x3dbf, 
	0x3dbf, 0x3dbe, 0x45bd, 0x45dc, 0x45db, 0x4ddb, 0x4dda, 0x55f9, 0x55f9, 0x5df8, 0x5e18, 0x6618, 0x6e18, 0x6e38, 0x7637, 0x7657, 
	0x6e18, 0x6618, 0x6618, 0x5df8, 0x5df9, 0x55f9, 0x55da, 0x4dda, 0x4ddb, 0x45dc, 0x45dc, 0x3dbd, 0x3dbe, 0x3dbf, 0x3dbf, 0x45dd, 
	0x4ddc, 0x55fb, 0x5dfa, 0x6619, 0x6618, 0x6e37, 0x7636, 0x7e54, 0x8653, 0x8e72, 0x9671, 0x9e90, 0x9e8f, 0xa6ae, 0xaead, 0xb6cc, 
	0xbecb, 0xc6e9, 0xc6e8, 0xcee7, 0xd706, 0xdf05, 0xe724, 0xe723, 0xef42, 0xf741, 0xff40, 0xff60, 0xff40, 0xff40, 0xff40, 0xff41, 
	0xff21, 0xff21, 0xff21, 0xff02, 0xff02, 0xff02, 0xff02, 0xff02, 0xfee3, 0xfee3, 0xfee3, 0xfee3, 0xfee3, 0xfee3, 0xfee3, 0xfee3, 
	0xfee3, 0xfee3, 0xfee3, 0xfee3, 0xfee3, 0xff02, 0xff02, 0xff02, 0xff02, 0xff02, 0xff22, 0xff21, 0xff21, 0xff21, 0xff40, 0xff40, 
	0xff40, 0xff60, 0xff40, 0xf741, 0xef42, 0xe723, 0xe724, 0xdf05, 0xd706, 0xcee7, 0xcee8, 0xc6e9, 0xbeca, 0xb6cb, 0xaead, 0xa6ae, 
	0xa68f, 0x9e90, 0x9671, 0x8e72, 0x8653, 0x7e54, 0x7635, 0x6e37, 0x6e18, 0x6619, 0x5dfa, 0x55fb, 0x4ddc, 0x45dd, 0x3dbe, 0x3dbf, 
	0x3dbe, 0x3dbd, 0x45bc, 0x45dc, 0x4ddb, 0x4dda, 0x55da, 0x55f9, 0x5df9, 0x5df8, 0x6618, 0x6618, 0x6e18, 0x6e37, 0x7637, 0x7e57, 
	0x6e18, 0x6618, 0x6618, 0x5df8, 0x5df9, 0x55f9, 0x55d9, 0x4dda, 0x4ddb, 0x45db, 0x45dc, 0x45bd, 0x3dbe, 0x3dbf, 0x3dbf, 0x45de, 
	0x4ddd, 0x4dfc, 0x55fb, 0x5e19, 0x6618, 0x6e37, 0x7636, 0x7e55, 0x8654, 0x8673, 0x8e72, 0x9670, 0x9e8f, 0xa68e, 0xaead, 0xaeac, 
	0xb6cb, 0xbeca, 0xc6e9, 0xcee8, 0xcf07, 0xd706, 0xdf05, 0xe724, 0xef23, 0xef42, 0xf741, 0xff40, 0xff60, 0xff40, 0xff40, 0xff40, 
	0xff41, 0xff21, 0xff21, 0xff21, 0xff22, 0xff02, 0xff02, 0xff02, 0xff02, 0xff02, 0xff02, 0xff03, 0xfee3, 0xfee3, 0xfee3, 0xfee3, 
	0xfee3, 0xfee3, 0xff02, 0xff02, 0xff02, 0xff02, 0xff02, 0xff02, 0xff22, 0xff21, 0xff21, 0xff21, 0xff41, 0xff40, 0xff40, 0xff40, 
	0xff60, 0xff40, 0xf741, 0xef42, 0xef23, 0xe724, 0xdf05, 0xd706, 0xd707, 0xcee8, 0xc6e9, 0xbeca, 0xb6cb, 0xb6ac, 0xaead, 0xa68e, 
	0x9e8f, 0x9690, 0x8e71, 0x8e73, 0x8654, 0x7e55, 0x7636, 0x6e37, 0x6618, 0x5e19, 0x55fa, 0x55fc, 0x4ddd, 0x45de, 0x3dbf, 0x3dbf, 
	0x3dbe, 0x3dbd, 0x45dc, 0x45db, 0x4ddb, 0x4dda, 0x55da, 0x55f9, 0x5df9, 0x5df8, 0x6618, 0x6618, 0x6e18, 0x6e37, 0x7637, 0x7e57, 
	0x6e18, 0x6618, 0x6618, 0x5df8, 0x5df8, 0x55f9, 0x55d9, 0x4dda, 0x4dda, 0x45db, 0x45dc, 0x45bd, 0x3dbd, 0x3dbe, 0x3dbf, 0x3dbe, 
	0x45dd, 0x4ddc, 0x55fb, 0x5dfa, 0x6619, 0x6e18, 0x6e37, 0x7635, 0x7e54, 0x8653, 0x8e72, 0x9671, 0x9e90, 0x9e8f, 0xa6ae, 0xaead, 
	0xb6cc, 0xbecb, 0xbeca, 0xc6e9, 0xcee8, 0xd707, 0xd706, 0xdf05, 0xe724, 0xef23, 0xef42, 0xf741, 0xff40, 0xff60, 0xff60, 0xff40, 
	0xff40, 0xff41, 0xff21, 0xff21, 0xff21, 0xff21, 0xff22, 0xff02, 0xff02, 0xff02, 0xff02, 0xff02, 0xff02, 0xff02, 0xff02, 0xff02, 
	0xff02, 0xff02, 0xff02, 0xff02, 0xff02, 0xff02, 0xff22, 0xff21, 0xff21, 0xff21, 0xff21, 0xff41, 0xff40, 0xff40, 0xff60, 0xff60, 
	0xff40, 0xf741, 0xef42, 0xef23, 0xe724, 0xdf25, 0xdf06, 0xd707, 0xcee8, 0xc6e9, 0xbeca, 0xbecb, 0xb6cc, 0xaead, 0xa6ae, 0x9e8f, 
	0x9e90, 0x9671, 0x8e72, 0x8653, 0x7e54, 0x7635, 0x7636, 0x6e18, 0x6619, 0x5dfa, 0x55fb, 0x4dfc, 0x45dd, 0x3dde, 0x3dbf, 0x3dbe, 
	0x3dbe, 0x45bd, 0x45dc, 0x45db, 0x4ddb, 0x4dda, 0x55d9, 0x55f9, 0x5df8, 0x5df8, 0x6618, 0x6618, 0x6e18, 0x7637, 0x7637, 0x7e57, 
	0x6e37, 0x6e18, 0x6618, 0x65f8, 0x5df8, 0x55f9, 0x55d9, 0x55da, 0x4dda, 0x4ddb, 0x45dc, 0x45bc, 0x3dbd, 0x3dbe, 0x3dbf, 0x3dbf, 
	0x45de, 0x4ddd, 0x55fc, 0x55fa, 0x5e19, 0x6618, 0x6e37, 0x7636, 0x7e55, 0x8654, 0x8673, 0x8e72, 0x9671, 0x9e90, 0xa68f, 0xa6ae, 
	0xaeac, 0xb6cb, 0xbeca, 0xc6e9, 0xc6e9, 0xcee8, 0xd707, 0xdf06, 0xdf25, 0xe724, 0xef23, 0xef42, 0xf741, 0xff41, 0xff60, 0xff60, 
	0xff40, 0xff40, 0xff40, 0xff41, 0xff21, 0xff21, 0xff21, 0xff21, 0xff21, 0xff22, 0xff22, 0xff02, 0xff02, 0xff02, 0xff02, 0xff02, 
	0xff02, 0xff02, 0xff02, 0xff22, 0xff21, 0xff21, 0xff21, 0xff21, 0xff21, 0xff41, 0xff40, 0xff40, 0xff40, 0xff60, 0xff60, 0xff40, 
	0xf741, 0xef42, 0xef23, 0xe724, 0xdf25, 0xdf06, 0xd707, 0xcee7, 0xc6e8, 0xc6e9, 0xbeca, 0xb6cb, 0xaeac, 0xaead, 0xa68e, 0x9e8f, 
	0x9671, 0x8e72, 0x8673, 0x8654, 0x7e55, 0x7636, 0x6e37, 0x6618, 0x5e19, 0x5dfa, 0x55fb, 0x4ddd, 0x45de, 0x3dbf, 0x3dbf, 0x3dbe, 
	0x3dbd, 0x45bc, 0x45dc, 0x4ddb, 0x4dda, 0x4dda, 0x55d9, 0x55f9, 0x5df8, 0x5df8, 0x6618, 0x6e18, 0x6e37, 0x7637, 0x7637, 0x7e58, 
	0x6e37, 0x6e18, 0x6618, 0x65f8, 0x5df8, 0x5df9, 0x55f9, 0x55d9, 0x4dda, 0x4ddb, 0x45db, 0x45bc, 0x45bd, 0x3dbe, 0x3dbe, 0x3dbf, 
	0x3dde, 0x45dd, 0x4dfc, 0x55fb, 0x5dfa, 0x6619, 0x6e18, 0x6e37, 0x7636, 0x7e54, 0x8653, 0x8e72, 0x9671, 0x9690, 0x9e8f, 0xa68e, 
	0xaead, 0xaeac, 0xb6cb, 0xbeca, 0xc6e9, 0xc6e8, 0xcee7, 0xd707, 0xdf06, 0xdf25, 0xe724, 0xef23, 0xef42, 0xf742, 0xf741, 0xff60, 
	0xff60, 0xff40, 0xff40, 0xff40, 0xff40, 0xff41, 0xff21, 0xff21, 0xff21, 0xff21, 0xff21, 0xff21, 0xff21, 0xff21, 0xff21, 0xff21, 
	0xff21, 0xff21, 0xff21, 0xff21, 0xff21, 0xff21, 0xff21, 0xff41, 0xff40, 0xff40, 0xff40, 0xff40, 0xff60, 0xff60, 0xf741, 0xf741, 
	0xef42, 0xef23, 0xe724, 0xdf25, 0xdf06, 0xd706, 0xcee7, 0xcee8, 0xc6e9, 0xbeca, 0xb6cb, 0xb6ac, 0xaead, 0xa6ae, 0x9e8f, 0x9690, 
	0x9671, 0x8e72, 0x8653, 0x7e54, 0x7635, 0x6e36, 0x6e18, 0x6619, 0x5e1a, 0x55fb, 0x4dfc, 0x45dd, 0x3dde, 0x3dbf, 0x3dbf, 0x3dbe, 
	0x45bd, 0x45bc, 0x45db, 0x4ddb, 0x4dda, 0x55d9, 0x55f9, 0x5df9, 0x5df8, 0x65f8, 0x6618, 0x6e18, 0x6e37, 0x7637, 0x7657, 0x7e58, 
	0x6e37, 0x6e18, 0x6618, 0x65f8, 0x5df8, 0x5df8, 0x55f9, 0x55d9, 0x4dda, 0x4dda, 0x4ddb, 0x45dc, 0x45bc, 0x3dbd, 0x3dbe, 0x3dbf, 
	0x3dbf, 0x45de, 0x4ddd, 0x55fb, 0x55fa, 0x5e19, 0x6618, 0x6e37, 0x7636, 0x7e55, 0x7e54, 0x8653, 0x8e72, 0x9671, 0x9e90, 0x9e8f, 
	0xa6ae, 0xaead, 0xb6ac, 0xb6cb, 0xbeca, 0xc6e9, 0xcee8, 0xcee7, 0xd707, 0xdf06, 0xdf25, 0xe724, 0xe723, 0xef42, 0xf742, 0xf741, 
	0xff40, 0xff60, 0xff60, 0xff40, 0xff40, 0xff40, 0xff40, 0xff40, 0xff41, 0xff41, 0xff21, 0xff21, 0xff21, 0xff21, 0xff21, 0xff21, 
	0xff21, 0xff21, 0xff21, 0xff21, 0xff41, 0xff40, 0xff40, 0xff40, 0xff40, 0xff40, 0xff60, 0xff60, 0xff40, 0xf741, 0xf742, 0xef42, 
	0xef23, 0xe724, 0xdf25, 0xdf06, 0xd706, 0xcee7, 0xcee8, 0xc6e9, 0xbeca, 0xb6cb, 0xb6ac, 0xaead, 0xa6ae, 0x9e8f, 0x9e90, 0x9671, 
	0x8e72, 0x8653, 0x7e54, 0x7e55, 0x7636, 0x6e37, 0x6618, 0x5e19, 0x55fa, 0x55fb, 0x4ddc, 0x45de, 0x3dbf, 0x3dbf, 0x3dbe, 0x3dbd, 
	0x45bc, 0x45dc, 0x45db, 0x4dda, 0x4dda, 0x55d9, 0x55f9, 0x5df8, 0x5df8, 0x65f8, 0x6618, 0x6e18, 0x6e37, 0x7637, 0x7e57, 0x7e58, 
	0x7637, 0x6e17, 0x6618, 0x6618, 0x5df8, 0x5df8, 0x55f9, 0x55d9, 0x55da, 0x4dda, 0x4ddb, 0x45db, 0x45bc, 0x45bd, 0x3dbe, 0x3dbf, 
	0x3dbf, 0x3dde, 0x45dd, 0x4ddc, 0x55fb, 0x5dfa, 0x6619, 0x6618, 0x6e37, 0x7636, 0x7e55, 0x8654, 0x8673, 0x8e72, 0x9671, 0x9e90, 
	0xa68f, 0xa6ae, 0xaead, 0xb6ac, 0xbecb, 0xbeca, 0xc6e9, 0xcee8, 0xcee7, 0xd707, 0xdf06, 0xdf05, 0xe724, 0xe723, 0xef23, 0xef42, 
	0xf741, 0xf741, 0xff40, 0xff60, 0xff60, 0xff40, 0xff40, 0xff40, 0xff40, 0xff40, 0xff40, 0xff40, 0xff40, 0xff41, 0xff41, 0xff41, 
	0xff40, 0xff40, 0xff40, 0xff40, 0xff40, 0xff40, 0xff40, 0xff40, 0xff60, 0xff60, 0xff40, 0xf741, 0xf741, 0xef42, 0xef23, 0xe723, 
	0xe724, 0xdf05, 0xdf06, 0xd706, 0xcee7, 0xcee8, 0xc6e9, 0xbeca, 0xbecb, 0xb6cc, 0xaead, 0xa6ae, 0xa68f, 0x9e90, 0x9671, 0x8e72, 
	0x8e73, 0x8654, 0x7e55, 0x7636, 0x6e37, 0x6e18, 0x6619, 0x5dfa, 0x55fb, 0x4dfc, 0x45dd, 0x45de, 0x3dbf, 0x3dbf, 0x3dbe, 0x3dbd, 
	0x45bc, 0x45db, 0x4ddb, 0x4dda, 0x4dda, 0x55d9, 0x55f9, 0x5df8, 0x5df8, 0x6618, 0x6618, 0x6e17, 0x7637, 0x7637, 0x7e58, 0x7e58, 
	0x7637, 0x6e17, 0x6e18, 0x6618, 0x65f8, 0x5df8, 0x5df8, 0x55d9, 0x55d9, 0x4dda, 0x4dda, 0x45db, 0x45bc, 0x45bc, 0x3dbd, 0x3dbe, 
	0x3dbf, 0x3dbf, 0x45de, 0x4ddd, 0x4dfc, 0x55fb, 0x5e19, 0x6618, 0x6e17, 0x7636, 0x7635, 0x7e54, 0x8653, 0x8e72, 0x8e71, 0x9690, 
	0x9e8f, 0xa68e, 0xa6ae, 0xaead, 0xb6cc, 0xbecb, 0xbeca, 0xc6e9, 0xcee8, 0xcee7, 0xd707, 0xd706, 0xdf05, 0xdf24, 0xe724, 0xef23, 
	0xef43, 0xef42, 0xf741, 0xf741, 0xff40, 0xff60, 0xff60, 0xff60, 0xff60, 0xff40, 0xff40, 0xff40, 0xff40, 0xff40, 0xff40, 0xff40, 
	0xff40, 0xff40, 0xff40, 0xff40, 0xff60, 0xff60, 0xff60, 0xff60, 0xff40, 0xf741, 0xf741, 0xf742, 0xef42, 0xef23, 0xe724, 0xe724, 
	0xdf05, 0xd706, 0xd707, 0xcee7, 0xcee8, 0xc6e9, 0xbeca, 0xbecb, 0xb6cc, 0xaead, 0xaead, 0xa68e, 0x9e8f, 0x9690, 0x9671, 0x8e72, 
	0x8653, 0x7e54, 0x7635, 0x7636, 0x6e37, 0x6618, 0x5e19, 0x55fa, 0x55fb, 0x4ddd, 0x45de, 0x3dbf, 0x3dbf, 0x3dbe, 0x3dbd, 0x45bd, 
	0x45bc, 0x45db, 0x4dda, 0x4dda, 0x55d9, 0x55d9, 0x5df9, 0x5df8, 0x65f8, 0x6618, 0x6e18, 0x6e17, 0x7637, 0x7637, 0x7e58, 0x8658, 
	0x7637, 0x6e17, 0x6e17, 0x6618, 0x65f8, 0x5df8, 0x5df8, 0x55d9, 0x55d9, 0x4dda, 0x4dda, 0x4ddb, 0x45db, 0x45bc, 0x45bd, 0x3dbe, 
	0x3dbe, 0x3dbf, 0x3dde, 0x45dd, 0x4ddc, 0x55fb, 0x5dfa, 0x5e19, 0x6618, 0x6e37, 0x7636, 0x7e55, 0x7e54, 0x8653, 0x8e72, 0x9671, 
	0x9690, 0x9e8f, 0xa68e, 0xa6ad, 0xaead, 0xb6cc, 0xbecb, 0xbeca, 0xc6e9, 0xc6e8, 0xcee8, 0xd707, 0xd706, 0xdf06, 0xdf25, 0xe724, 
	0xe724, 0xef23, 0xef43, 0xef42, 0xf742, 0xf741, 0xf741, 0xff40, 0xff60, 0xff60, 0xff60, 0xff60, 0xff60, 0xff60, 0xff60, 0xff60, 
	0xff60, 0xff60, 0xff60, 0xff60, 0xff60, 0xff40, 0xf741, 0xf741, 0xf741, 0xef42, 0xef42, 0xef23, 0xe724, 0xe724, 0xdf25, 0xdf05, 
	0xd706, 0xd707, 0xcee8, 0xc6e8, 0xc6e9, 0xbeca, 0xbecb, 0xb6cc, 0xaead, 0xaead, 0xa68e, 0x9e8f, 0x9690, 0x9671, 0x8e72, 0x8653, 
	0x7e54, 0x7e55, 0x7636, 0x6e37, 0x6618, 0x5e19, 0x5dfa, 0x55fb, 0x4ddc, 0x45dd, 0x3dde, 0x3dbf, 0x3dbf, 0x3dbe, 0x3dbd, 0x45bc, 
	0x45bb, 0x4ddb, 0x4dda, 0x4dda, 0x55d9, 0x55d9, 0x5df8, 0x5df8, 0x65f8, 0x6618, 0x6e17, 0x6e17, 0x7637, 0x7637, 0x7e58, 0x8658, 
	0x7637, 0x7637, 0x6e17, 0x6617, 0x65f8, 0x5df8, 0x5df8, 0x55f8, 0x55d9, 0x55d9, 0x4dda, 0x4dda, 0x45db, 0x45bc, 0x45bc, 0x3dbd, 
	0x3dbe, 0x3dbf, 0x3dbf, 0x45de, 0x45dd, 0x4dfc, 0x55fb, 0x5dfa, 0x6619, 0x6618, 0x6e37, 0x7636, 0x7e55, 0x8654, 0x8653, 0x8e72, 
	0x9671, 0x9690, 0x9e8f, 0xa68e, 0xaead, 0xaead, 0xb6cc, 0xb6cb, 0xbeca, 0xc6e9, 0xc6e9, 0xcee8, 0xcee7, 0xd707, 0xd706, 0xdf05, 
	0xdf25, 0xe724, 0xe724, 0xef23, 0xef23, 0xef42, 0xf742, 0xf742, 0xf741, 0xf741, 0xf741, 0xff41, 0xff41, 0xff40, 0xff40, 0xff40, 
	0xff40, 0xff41, 0xf741, 0xf741, 0xf741, 0xf742, 0xf742, 0xef42, 0xef23, 0xef23, 0xe724, 0xe724, 0xdf25, 0xdf05, 0xd706, 0xd706, 
	0xcf07, 0xcee8, 0xc6e9, 0xc6e9, 0xbeca, 0xbecb, 0xb6cc, 0xaead, 0xaead, 0xa68e, 0x9e8f, 0x9e90, 0x9671, 0x8e72, 0x8653, 0x8654, 
	0x7e55, 0x7636, 0x6e37, 0x6e18, 0x6619, 0x5e1a, 0x55fb, 0x4dfc, 0x4ddd, 0x45de, 0x3dbf, 0x3dbf, 0x3dbe, 0x3dbd, 0x45bc, 0x45bc, 
	0x45db, 0x4dda, 0x4dda, 0x55d9, 0x55d9, 0x55d8, 0x5df8, 0x5df8, 0x65f8, 0x6617, 0x6e17, 0x6e17, 0x7637, 0x7e37, 0x7e58, 0x8658, 
	0x7637, 0x7637, 0x6e17, 0x6e17, 0x6618, 0x65f8, 0x5df8, 0x5df8, 0x55d9, 0x55d9, 0x4dda, 0x4dda, 0x4ddb, 0x45bb, 0x45bc, 0x45bd, 
	0x3dbd, 0x3dbe, 0x3dbf, 0x3dbf, 0x45de, 0x4ddd, 0x55fc, 0x55fa, 0x5e19, 0x6619, 0x6e18, 0x6e37, 0x7636, 0x7e55, 0x8654, 0x8653, 
	0x8e72, 0x9671, 0x9690, 0x9e8f, 0xa68e, 0xa6ae, 0xaead, 0xb6ac, 0xb6cb, 0xbeca, 0xbeca, 0xc6e9, 0xcee8, 0xcee8, 0xd707, 0xd706, 
	0xd706, 0xdf05, 0xdf25, 0xe724, 0xe724, 0xe723, 0xef23, 0xef23, 0xef42, 0xef42, 0xef42, 0xf742, 0xf742, 0xf742, 0xf742, 0xf742, 
	0xf742, 0xf742, 0xef42, 0xef42, 0xef42, 0xef23, 0xef23, 0xe723, 0xe724, 0xe724, 0xdf25, 0xdf05, 0xdf06, 0xd706, 0xd707, 0xcee8, 
	0xcee8, 0xc6e9, 0xc6ca, 0xbeca, 0xb6cb, 0xb6ac, 0xaead, 0xaead, 0xa68e, 0x9e8f, 0x9e90, 0x9671, 0x8e72, 0x8673, 0x8654, 0x7e55, 
	0x7635, 0x6e36, 0x6e17, 0x6618, 0x5e19, 0x55fa, 0x55fb, 0x4ddc, 0x45dd, 0x3dbe, 0x3dbf, 0x3dbe, 0x3dbe, 0x3dbd, 0x45bc, 0x45bb, 
	0x4ddb, 0x4dda, 0x4dda, 0x55d9, 0x55d9, 0x5df8, 0x5df8, 0x65f8, 0x65f8, 0x6e17, 0x6e17, 0x7637, 0x7637, 0x7e37, 0x7e58, 0x8658, 
	0x7637, 0x7637, 0x6e17, 0x6e17, 0x6617, 0x65f8, 0x5df8, 0x5df8, 0x55d8, 0x55d9, 0x55d9, 0x4dda, 0x4dda, 0x45db, 0x45bc, 0x45bc, 
	0x3dbd, 0x3dbe, 0x3dbf, 0x3dbf, 0x3dde, 0x45dd, 0x4ddc, 0x55fb, 0x5dfa, 0x5e19, 0x6618, 0x6e37, 0x7636, 0x7635, 0x7e55, 0x8654, 
	0x8673, 0x8e72, 0x9671, 0x9690, 0x9e8f, 0xa68e, 0xa6ae, 0xaead, 0xb6ac, 0xb6cb, 0xbecb, 0xbeca, 0xc6e9, 0xc6e9, 0xcee8, 0xcee7, 
	0xd707, 0xd706, 0xd706, 0xdf05, 0xdf05, 0xdf25, 0xe724, 0xe724, 0xe724, 0xe723, 0xe723, 0xef23, 0xef23, 0xef23, 0xef23, 0xef23, 
	0xef23, 0xef23, 0xef23, 0xe723, 0xe724, 0xe724, 0xe724, 0xdf25, 0xdf05, 0xdf05, 0xd706, 0xd706, 0xd707, 0xcee7, 0xcee8, 0xc6e9, 
	0xc6e9, 0xbeca, 0xbecb, 0xb6cb, 0xb6ac, 0xaead, 0xa6ae, 0xa68e, 0x9e8f, 0x9e90, 0x9671, 0x8e72, 0x8673, 0x8654, 0x7e54, 0x7635, 
	0x7636, 0x6e37, 0x6618, 0x5e19, 0x5dfa, 0x55fb, 0x4ddc, 0x45dd, 0x3dde, 0x3dbf, 0x3dbf, 0x3dbe, 0x3dbd, 0x45bc, 0x45bc, 0x45bb, 
	0x4dda, 0x4dda, 0x4dd9, 0x55d9, 0x55d8, 0x5df8, 0x5df8, 0x65f8, 0x6617, 0x6e17, 0x6e17, 0x7637, 0x7637, 0x7e38, 0x8658, 0x8658, 
	0x7e37, 0x7637, 0x7617, 0x6e17, 0x6617, 0x65f8, 0x5df8, 0x5df8, 0x5dd8, 0x55d9, 0x55d9, 0x4dd9, 0x4dda, 0x4ddb, 0x45bb, 0x45bc, 
	0x45bc, 0x3dbd, 0x3dbe, 0x3dbf, 0x3dbf, 0x45de, 0x45dd, 0x4dfc, 0x55fb, 0x5dfa, 0x5e19, 0x6618, 0x6e37, 0x7636, 0x7635, 0x7e54, 
	0x8654, 0x8673, 0x8e72, 0x9671, 0x9690, 0x9e8f, 0xa68f, 0xa6ae, 0xaead, 0xaeac, 0xb6cc, 0xb6cb, 0xbeca, 0xbeca, 0xc6e9, 0xc6e9, 
	0xcee8, 0xcee7, 0xd707, 0xd707, 0xd706, 0xdf06, 0xdf05, 0xdf05, 0xdf05, 0xdf25, 0xe724, 0xe724, 0xe724, 0xe724, 0xe724, 0xe724, 
	0xe724, 0xe724, 0xe724, 0xdf25, 0xdf05, 0xdf05, 0xdf05, 0xdf06, 0xd706, 0xd706, 0xd707, 0xcee7, 0xcee8, 0xc6e8, 0xc6e9, 0xbeca, 
	0xbeca, 0xb6cb, 0xb6cc, 0xaeac, 0xaead, 0xa6ae, 0xa68f, 0x9e8f, 0x9690, 0x9671, 0x8e72, 0x8e73, 0x8653, 0x7e54, 0x7635, 0x7636, 
	0x6e37, 0x6618, 0x6619, 0x5dfa, 0x55fb, 0x4dfc, 0x4ddd, 0x45de, 0x3dbf, 0x3dbf, 0x3dbe, 0x3dbd, 0x45bd, 0x45bc, 0x45bb, 0x4ddb, 
	0x4dda, 0x4dda, 0x55d9, 0x55d9, 0x5dd8, 0x5df8, 0x5df8, 0x65f8, 0x6617, 0x6e17, 0x6e17, 0x7637, 0x7e37, 0x7e58, 0x8658, 0x8678, 
	0x7e38, 0x7637, 0x7617, 0x6e17, 0x6e17, 0x65f7, 0x65f8, 0x5df8, 0x5df8, 0x55d8, 0x55d9, 0x55d9, 0x4dda, 0x4dda, 0x45bb, 0x45bb, 
	0x45bc, 0x3dbd, 0x3dbe, 0x3dbe, 0x3dbf, 0x3dbf, 0x45de, 0x4ddd, 0x4dfc, 0x55fb, 0x5dfa, 0x6619, 0x6618, 0x6e37, 0x7636, 0x7635, 
	0x7e54, 0x8654, 0x8673, 0x8e72, 0x9671, 0x9690, 0x9e90, 0x9e8f, 0xa6ae, 0xaead, 0xaead, 0xb6ac, 0xb6cb, 0xbecb, 0xbeca, 0xbeca, 
	0xc6e9, 0xc6e9, 0xcee8, 0xcee8, 0xcee7, 0xd707, 0xd707, 0xd706, 0xd706, 0xd706, 0xdf06, 0xdf06, 0xdf05, 0xdf05, 0xdf05, 0xdf05, 
	0xdf05, 0xdf06, 0xdf06, 0xd706, 0xd706, 0xd706, 0xd707, 0xd707, 0xcee7, 0xcee8, 0xcee8, 0xc6e9, 0xc6e9, 0xc6ca, 0xbeca, 0xbecb, 
	0xb6cb, 0xb6ac, 0xaead, 0xaead, 0xa6ae, 0xa68f, 0x9e8f, 0x9690, 0x9671, 0x8e72, 0x8673, 0x8653, 0x7e54, 0x7635, 0x7636, 0x6e37, 
	0x6618, 0x6619, 0x5dfa, 0x55fb, 0x4dfc, 0x4ddd, 0x45de, 0x3dbf, 0x3dbf, 0x3dbe, 0x3dbe, 0x3dbd, 0x45bc, 0x45bb, 0x45bb, 0x4dda, 
	0x4dda, 0x4dd9, 0x55d9, 0x55d8, 0x5dd8, 0x5df8, 0x65f8, 0x65f7, 0x6e17, 0x6e17, 0x7617, 0x7637, 0x7e38, 0x7e58, 0x8658, 0x8e78, 
	0x7e38, 0x7637, 0x7617, 0x6e17, 0x6e17, 0x65f7, 0x65f8, 0x5df8, 0x5df8, 0x5dd8, 0x55d9, 0x55d9, 0x4dd9, 0x4dda, 0x4dba, 0x45bb, 
	0x45bc, 0x45bc, 0x3dbd, 0x3dbe, 0x3dbf, 0x3dbf, 0x3dbe, 0x45dd, 0x4ddd, 0x4dfc, 0x55fb, 0x5e1a, 0x6619, 0x6618, 0x6e37, 0x7636, 
	0x7635, 0x7e54, 0x8654, 0x8653, 0x8e72, 0x9671, 0x9671, 0x9e90, 0x9e8f, 0xa68e, 0xa6ae, 0xaead, 0xaeac, 0xb6ac, 0xb6cb, 0xbecb, 
	0xbeca, 0xbeca, 0xc6e9, 0xc6e9, 0xc6e8, 0xcee8, 0xcee8, 0xcee8, 0xcee7, 0xd707, 0xd707, 0xd707, 0xd707, 0xd707, 0xd707, 0xd707, 
	0xd707, 0xd707, 0xd707, 0xd707, 0xcee7, 0xcee8, 0xcee8, 0xcee8, 0xc6e8, 0xc6e9, 0xc6e9, 0xbeca, 0xbeca, 0xbecb, 0xb6cb, 0xb6cc, 
	0xaeac, 0xaead, 0xa6ae, 0xa68e, 0x9e8f, 0x9e90, 0x9690, 0x9671, 0x8e72, 0x8673, 0x8654, 0x7e54, 0x7635, 0x7636, 0x6e37, 0x6618, 
	0x6619, 0x5e1a, 0x55fb, 0x55fb, 0x4ddc, 0x45dd, 0x3dde, 0x3dbf, 0x3dbf, 0x3dbe, 0x3dbd, 0x45bc, 0x45bc, 0x45bb, 0x4dba, 0x4dda, 
	0x4dd9, 0x55d9, 0x55d9, 0x55d8, 0x5df8, 0x5df8, 0x65f8, 0x65f7, 0x6e17, 0x6e17, 0x7617, 0x7637, 0x7e38, 0x7e58, 0x8658, 0x8e78, 
	0x7e38, 0x7e38, 0x7637, 0x7617, 0x6e17, 0x6df7, 0x65f7, 0x65f8, 0x5df8, 0x5dd8, 0x55d8, 0x55d9, 0x55d9, 0x4dda, 0x4dda, 0x45bb, 
	0x45bb, 0x45bc, 0x45bc, 0x3dbd, 0x3dbe, 0x3dbf, 0x3dbf, 0x3dde, 0x45dd, 0x4ddc, 0x55fb, 0x55fb, 0x5e1a, 0x6619, 0x6618, 0x6e37, 
	0x7636, 0x7635, 0x7e55, 0x8654, 0x8653, 0x8e72, 0x8e72, 0x9671, 0x9690, 0x9e8f, 0x9e8f, 0xa6ae, 0xa6ae, 0xaead, 0xaeac, 0xb6ac, 
	0xb6cb, 0xbecb, 0xbeca, 0xbeca, 0xbeca, 0xc6e9, 0xc6e9, 0xc6e9, 0xc6e9, 0xcee8, 0xcee8, 0xcee8, 0xcee8, 0xcee8, 0xcee8, 0xcee8, 
	0xcee8, 0xcee8, 0xcee8, 0xcee8, 0xc6e8, 0xc6e9, 0xc6e9, 0xc6e9, 0xc6ca, 0xbeca, 0xbeca, 0xbecb, 0xb6cb, 0xb6cc, 0xaeac, 0xaead, 
	0xaead, 0xa6ae, 0xa68f, 0x9e8f, 0x9690, 0x9671, 0x8e71, 0x8e72, 0x8653, 0x8654, 0x7e54, 0x7635, 0x7636, 0x6e37, 0x6618, 0x6619, 
	0x5e1a, 0x55fa, 0x55fb, 0x4ddc, 0x45dd, 0x3dde, 0x3dbf, 0x3dbf, 0x3dbe, 0x3dbd, 0x45bd, 0x45bc, 0x45bb, 0x45bb, 0x4dba, 0x4dda, 
	0x55d9, 0x55d9, 0x55d8, 0x5dd8, 0x5df8, 0x65f8, 0x65f7, 0x65f7, 0x6e17, 0x6e17, 0x7637, 0x7e38, 0x7e38, 0x8658, 0x8658, 0x8e79, 
	0x7e38, 0x7e38, 0x7637, 0x7617, 0x6e17, 0x6e17, 0x65f7, 0x65f8, 0x5df8, 0x5dd8, 0x55d8, 0x55d8, 0x55d9, 0x4dd9, 0x4dda, 0x4dba, 
	0x45bb, 0x45bb, 0x45bc, 0x3dbd, 0x3dbd, 0x3dbe, 0x3dbf, 0x3dbf, 0x45de, 0x45dd, 0x4ddc, 0x55fb, 0x55fb, 0x5e1a, 0x6619, 0x6618, 
	0x6e37, 0x7636, 0x7636, 0x7e55, 0x7e54, 0x8653, 0x8e73, 0x8e72, 0x9671, 0x9670, 0x9e90, 0x9e8f, 0xa68f, 0xa6ae, 0xa6ae, 0xaead, 
	0xaeac, 0xb6ac, 0xb6cc, 0xb6cb, 0xbecb, 0xbecb, 0xbeca, 0xbeca, 0xbeca, 0xc6ca, 0xc6e9, 0xc6e9, 0xc6e9, 0xc6e9, 0xc6e9, 0xc6e9, 
	0xc6e9, 0xc6e9, 0xc6e9, 0xc6c9, 0xbeca, 0xbeca, 0xbeca, 0xbeca, 0xbecb, 0xb6cb, 0xb6cc, 0xb6ac, 0xaeac, 0xaead, 0xaead, 0xa6ae, 
	0xa68f, 0x9e8f, 0x9e90, 0x9690, 0x9671, 0x8e72, 0x8e72, 0x8653, 0x7e54, 0x7e55, 0x7635, 0x7636, 0x6e37, 0x6618, 0x6619, 0x5e1a, 
	0x55fa, 0x55fb, 0x4ddc, 0x45dd, 0x45de, 0x3dbf, 0x3dbf, 0x3dbe, 0x3dbd, 0x3dbd, 0x45bc, 0x45bb, 0x45bb, 0x4dba, 0x4dda, 0x4dd9, 
	0x55d9, 0x55d9, 0x55d8, 0x5dd8, 0x5df8, 0x65f8, 0x65f7, 0x6df7, 0x6e17, 0x7617, 0x7637, 0x7e38, 0x7e38, 0x8658, 0x8658, 0x8e79, 
	0x8658, 0x7e38, 0x7638, 0x7617, 0x6e17, 0x6e17, 0x65f7, 0x65f7, 0x65f8, 0x5dd8, 0x5dd8, 0x55d8, 0x55d9, 0x55d9, 0x4dd9, 0x4dba, 
	0x4dba, 0x45bb, 0x45bb, 0x45bc, 0x3dbd, 0x3dbd, 0x3dbe, 0x3dbf, 0x3dbf, 0x45de, 0x45dd, 0x4ddc, 0x55fb, 0x55fb, 0x5e1a, 0x6619, 
	0x6618, 0x6e37, 0x6e36, 0x7636, 0x7e55, 0x7e54, 0x8654, 0x8653, 0x8e72, 0x8e72, 0x9671, 0x9690, 0x9e90, 0x9e8f, 0xa68f, 0xa6ae, 
	0xa6ae, 0xaead, 0xaead, 0xaeac, 0xb6ac, 0xb6cc, 0xb6cb, 0xb6cb, 0xb6cb, 0xbecb, 0xbecb, 0xbeca, 0xbeca, 0xbeca, 0xbeca, 0xbeca, 
	0xbeca, 0xbeca, 0xbecb, 0xbecb, 0xbecb, 0xb6cb, 0xb6cb, 0xb6cc, 0xb6ac, 0xaeac, 0xaead, 0xaead, 0xa6ae, 0xa6ae, 0xa68f, 0x9e8f, 
	0x9e90, 0x9690, 0x9671, 0x8e71, 0x8e72, 0x8673, 0x8653, 0x7e54, 0x7e55, 0x7636, 0x7636, 0x6e37, 0x6618, 0x6619, 0x5e1a, 0x55fa, 
	0x55fb, 0x4ddc, 0x45dd, 0x45de, 0x3dbf, 0x3dbf, 0x3dbe, 0x3dbe, 0x3dbd, 0x45bc, 0x45bc, 0x45bb, 0x4dba, 0x4dba, 0x4dd9, 0x55d9, 
	0x55d9, 0x55d8, 0x5dd8, 0x5dd8, 0x65f8, 0x65f7, 0x65f7, 0x6e17, 0x6e17, 0x7617, 0x7638, 0x7e38, 0x7e38, 0x8658, 0x8e59, 0x8e79, 
	0x8658, 0x7e38, 0x7e38, 0x7618, 0x7617, 0x6e17, 0x6df7, 0x65f7, 0x65f7, 0x5df8, 0x5dd8, 0x5dd8, 0x55d8, 0x55d9, 0x4dd9, 0x4db9, 
	0x4dba, 0x45ba, 0x45bb, 0x45bc, 0x45bc, 0x3dbd, 0x3dbe, 0x3dbe, 0x3dbf, 0x3dbf, 0x45de, 0x45dd, 0x4ddc, 0x55fb, 0x55fb, 0x5dfa, 
	0x6619, 0x6618, 0x6e17, 0x6e37, 0x7636, 0x7635, 0x7e55, 0x8654, 0x8653, 0x8e73, 0x8e72, 0x8e71, 0x9671, 0x9690, 0x9e90, 0x9e8f, 
	0x9e8f, 0xa68e, 0xa6ae, 0xa6ae, 0xaead, 0xaead, 0xaead, 0xaeac, 0xb6ac, 0xb6ac, 0xb6ac, 0xb6cc, 0xb6cc, 0xb6cb, 0xb6cb, 0xb6cb, 
	0xb6cc, 0xb6cc, 0xb6ac, 0xb6ac, 0xb6ac, 0xaeac, 0xaead, 0xaead, 0xaead, 0xa6ae, 0xa6ae, 0xa68e, 0xa68f, 0x9e8f, 0x9e90, 0x9690, 
	0x9671, 0x9671, 0x8e72, 0x8e72, 0x8653, 0x8654, 0x7e54, 0x7635, 0x7636, 0x6e37, 0x6e37, 0x6618, 0x6619, 0x5e1a, 0x55fb, 0x55fb, 
	0x4ddc, 0x45dd, 0x45de, 0x3dbf, 0x3dbf, 0x3dbe, 0x3dbe, 0x3dbd, 0x45bc, 0x45bc, 0x45bb, 0x45bb, 0x4dba, 0x4dba, 0x4dd9, 0x55d9, 
	0x55d8, 0x55d8, 0x5dd8, 0x5dd8, 0x65f7, 0x65f7, 0x6df7, 0x6e17, 0x7617, 0x7618, 0x7e38, 0x7e38, 0x8658, 0x8658, 0x8e59, 0x8e79, 
	0x8658, 0x7e38, 0x7e38, 0x7618, 0x7617, 0x6e17, 0x6df7, 0x65f7, 0x65f7, 0x65f8, 0x5dd8, 0x5dd8, 0x55d8, 0x55d8, 0x55d9, 0x4db9, 
	0x4dba, 0x4dba, 0x45bb, 0x45bb, 0x45bc, 0x45bc, 0x3dbd, 0x3dbe, 0x3dbe, 0x3dbf, 0x3dbf, 0x45de, 0x45dd, 0x4ddc, 0x55fc, 0x55fb, 
	0x5dfa, 0x5e19, 0x6618, 0x6e18, 0x6e37, 0x7636, 0x7636, 0x7e55, 0x7e54, 0x8654, 0x8653, 0x8e72, 0x8e72, 0x8e71, 0x9671, 0x9690, 
	0x9e90, 0x9e8f, 0x9e8f, 0xa68f, 0xa68e, 0xa68e, 0xa6ae, 0xa6ae, 0xaead, 0xaead, 0xaead, 0xaead, 0xaead, 0xaead, 0xaead, 0xaead, 
	0xaead, 0xaead, 0xaead, 0xaead, 0xaead, 0xa6ae, 0xa6ae, 0xa6ae, 0xa68e, 0xa68f, 0x9e8f, 0x9e8f, 0x9e90, 0x9690, 0x9671, 0x9671, 
	0x8e72, 0x8e72, 0x8653, 0x8654, 0x7e54, 0x7e55, 0x7635, 0x7636, 0x6e37, 0x6e18, 0x6618, 0x5e19, 0x5dfa, 0x55fb, 0x55fb, 0x4ddc, 
	0x45dd, 0x45de, 0x3dbf, 0x3dbf, 0x3dbe, 0x3dbe, 0x3dbd, 0x45bc, 0x45bc, 0x45bb, 0x45bb, 0x4dba, 0x4dba, 0x4db9, 0x55d9, 0x55d8, 
	0x55d8, 0x5dd8, 0x5dd8, 0x5df8, 0x65f7, 0x65f7, 0x6df7, 0x6e17, 0x7617, 0x7618, 0x7e38, 0x7e38, 0x8658, 0x8659, 0x8e79, 0x967a, 
	0x8659, 0x8638, 0x7e38, 0x7e18, 0x7618, 0x7617, 0x6df7, 0x6df7, 0x65f7, 0x65f7, 0x5dd8, 0x5dd8, 0x5dd8, 0x55d8, 0x55d9, 0x55b9, 
	0x4db9, 0x4dba, 0x4dba, 0x45bb, 0x45bb, 0x45bc, 0x45bc, 0x3dbd, 0x3dbe, 0x3dbe, 0x3dbf, 0x3dbf, 0x45de, 0x45dd, 0x4ddc, 0x4dfc, 
	0x55fb, 0x5dfa, 0x5e19, 0x6619, 0x6618, 0x6e37, 0x6e37, 0x7636, 0x7635, 0x7e55, 0x7e54, 0x8654, 0x8653, 0x8e72, 0x8e72, 0x8e72, 
	0x9671, 0x9671, 0x9690, 0x9e90, 0x9e90, 0x9e8f, 0x9e8f, 0x9e8f, 0xa68f, 0xa68e, 0xa68e, 0xa68e, 0xa68e, 0xa6ae, 0xa6ae, 0xa6ae, 
	0xa6ae, 0xa68e, 0xa68e, 0xa68e, 0xa68f, 0xa68f, 0x9e8f, 0x9e8f, 0x9e90, 0x9e90, 0x9690, 0x9671, 0x9671, 0x8e71, 0x8e72, 0x8e72, 
	0x8653, 0x8653, 0x7e54, 0x7e55, 0x7635, 0x7636, 0x6e37, 0x6e37, 0x6618, 0x6619, 0x5e19, 0x5dfa, 0x55fb, 0x4dfc, 0x4ddc, 0x45dd, 
	0x45de, 0x3dbf, 0x3dbf, 0x3dbe, 0x3dbe, 0x3dbd, 0x3dbc, 0x45bc, 0x45bb, 0x45bb, 0x4dba, 0x4dba, 0x4db9, 0x4db9, 0x55d9, 0x55d8, 
	0x5dd8, 0x5dd8, 0x5dd8, 0x65f7, 0x65f7, 0x6df7, 0x6df7, 0x6e17, 0x7618, 0x7618, 0x7e38, 0x8638, 0x8659, 0x8e59, 0x8e59, 0x967a, 
	0x8659, 0x8638, 0x7e38, 0x7e18, 0x7618, 0x7618, 0x6df7, 0x6df7, 0x65f7, 0x65f7, 0x65d7, 0x5dd8, 0x5dd8, 0x55d8, 0x55d8, 0x55d9, 
	0x4db9, 0x4db9, 0x4dba, 0x45ba, 0x45bb, 0x45bb, 0x45bc, 0x3dbc, 0x3dbd, 0x3dbe, 0x3dbe, 0x3dbf, 0x3dbf, 0x3dde, 0x45dd, 0x4ddd, 
	0x4dfc, 0x55fb, 0x55fa, 0x5e1a, 0x6619, 0x6618, 0x6e18, 0x6e37, 0x7636, 0x7636, 0x7635, 0x7e55, 0x7e54, 0x8654, 0x8653, 0x8673, 
	0x8e72, 0x8e72, 0x8e71, 0x9671, 0x9671, 0x9670, 0x9690, 0x9e90, 0x9e90, 0x9e90, 0x9e8f, 0x9e8f, 0x9e8f, 0x9e8f, 0x9e8f, 0x9e8f, 
	0x9e8f, 0x9e8f, 0x9e8f, 0x9e90, 0x9e90, 0x9e90, 0x9690, 0x9670, 0x9671, 0x9671, 0x8e71, 0x8e72, 0x8e72, 0x8673, 0x8653, 0x8654, 
	0x7e54, 0x7e55, 0x7e35, 0x7636, 0x7636, 0x6e37, 0x6e18, 0x6618, 0x6619, 0x5e1a, 0x55fa, 0x55fb, 0x4dfc, 0x4ddd, 0x45dd, 0x45de, 
	0x3dbf, 0x3dbf, 0x3dbe, 0x3dbe, 0x3dbd, 0x3dbc, 0x45bc, 0x45bb, 0x45bb, 0x45ba, 0x4dba, 0x4db9, 0x4db9, 0x55b9, 0x55d8, 0x55d8, 
	0x5dd8, 0x5dd8, 0x5dd7, 0x65f7, 0x65f7, 0x6df7, 0x6df7, 0x7617, 0x7618, 0x7e18, 0x7e38, 0x8638, 0x8659, 0x8e59, 0x8e7a, 0x967a, 
	0x8e59, 0x8639, 0x7e38, 0x7e38, 0x7618, 0x7618, 0x7617, 0x6df7, 0x6df7, 0x65f7, 0x65d7, 0x5dd7, 0x5dd8, 0x5dd8, 0x55d8, 0x55d8, 
	0x55b9, 0x4db9, 0x4db9, 0x4dba, 0x45ba, 0x45bb, 0x45bb, 0x45bc, 0x3dbc, 0x3dbd, 0x3dbe, 0x3dbe, 0x3dbf, 0x3dbf, 0x3dde, 0x45de, 
	0x4ddd, 0x4ddc, 0x55fb, 0x55fb, 0x5dfa, 0x5e19, 0x6619, 0x6618, 0x6e17, 0x6e37, 0x7636, 0x7636, 0x7635, 0x7e55, 0x7e54, 0x8654, 
	0x8653, 0x8653, 0x8673, 0x8e72, 0x8e72, 0x8e72, 0x8e71, 0x9671, 0x9671, 0x9671, 0x9671, 0x9671, 0x9670, 0x9670, 0x9670, 0x9670, 
	0x9670, 0x9671, 0x9671, 0x9671, 0x9671, 0x9671, 0x8e71, 0x8e72, 0x8e72, 0x8e72, 0x8e73, 0x8653, 0x8653, 0x8654, 0x7e54, 0x7e55, 
	0x7635, 0x7636, 0x7636, 0x6e37, 0x6e37, 0x6618, 0x6619, 0x5e19, 0x5dfa, 0x55fb, 0x55fb, 0x4dfc, 0x4ddd, 0x45dd, 0x3dde, 0x3dbf, 
	0x3dbf, 0x3dbe, 0x3dbe, 0x3dbd, 0x3dbc, 0x45bc, 0x45bb, 0x45bb, 0x45ba, 0x4dba, 0x4db9, 0x4db9, 0x55b9, 0x55d8, 0x55d8, 0x5dd8, 
	0x5dd8, 0x5dd8, 0x65d7, 0x65f7, 0x6df7, 0x6df7, 0x6df7, 0x7618, 0x7618, 0x7e18, 0x7e38, 0x8639, 0x8659, 0x8e59, 0x967a, 0x967b, 
	0x8e59, 0x8639, 0x8639, 0x7e38, 0x7e18, 0x7618, 0x7618, 0x6df7, 0x6df7, 0x65f7, 0x65d7, 0x65d7, 0x5dd8, 0x5dd8, 0x55d8, 0x55d8, 
	0x55b8, 0x55b9, 0x4db9, 0x4db9, 0x4dba, 0x45ba, 0x45bb, 0x45bb, 0x45bc, 0x45bc, 0x45dd, 0x45be, 0x3dbe, 0x3dbf, 0x3dbf, 0x3dbf, 
	0x45de, 0x45dd, 0x4ddc, 0x4dfc, 0x55fb, 0x55fa, 0x5dfa, 0x5e19, 0x6619, 0x6618, 0x6e37, 0x6e37, 0x7636, 0x7636, 0x7635, 0x7e55, 
	0x7e55, 0x7e54, 0x8654, 0x8653, 0x8653, 0x8653, 0x8673, 0x8e72, 0x8e72, 0x8e72, 0x8e72, 0x8e72, 0x8e72, 0x8e72, 0x8e72, 0x8e72, 
	0x8e72, 0x8e72, 0x8e72, 0x8e72, 0x8e72, 0x8e72, 0x8673, 0x8653, 0x8653, 0x8653, 0x8654, 0x7e54, 0x7e54, 0x7e55, 0x7635, 0x7636, 
	0x7636, 0x6e37, 0x6e37, 0x6618, 0x6618, 0x5e19, 0x5e1a, 0x55fa, 0x55fb, 0x4dfc, 0x4ddc, 0x45dd, 0x45de, 0x3dbe, 0x3dbf, 0x3dbf, 
	0x3dbe, 0x45be, 0x45dd, 0x45dd, 0x45bc, 0x45bb, 0x45bb, 0x45ba, 0x4dba, 0x4db9, 0x4db9, 0x4db9, 0x55b8, 0x55d8, 0x55d8, 0x5dd8, 
	0x5dd8, 0x65d7, 0x65d7, 0x65f7, 0x6df7, 0x6df7, 0x7618, 0x7618, 0x7e18, 0x7e38, 0x8639, 0x8639, 0x8e59, 0x8e5a, 0x967a, 0x967b, 
	0x8e5a, 0x8639, 0x8639, 0x7e38, 0x7e18, 0x7618, 0x7618, 0x6df7, 0x6df7, 0x6df7, 0x65d7, 0x65d7, 0x65d7, 0x5dd8, 0x5dd8, 0x65f8, 
	0x65f8, 0x65f9, 0x5df9, 0x5df9, 0x55fa, 0x55da, 0x4dda, 0x4ddb, 0x45bb, 0x4ddc, 0x45dd, 0x45dd, 0x45be, 0x3dbe, 0x3dbf, 0x3dbf, 
	0x3dbf, 0x45de, 0x45dd, 0x4ddd, 0x4ddc, 0x55fb, 0x55fb, 0x5dfa, 0x5e1a, 0x5e19, 0x6619, 0x6618, 0x6e17, 0x6e37, 0x6e37, 0x7636, 
	0x7636, 0x7635, 0x7e55, 0x7e55, 0x7e54, 0x7e54, 0x8654, 0x8654, 0x8653, 0x8653, 0x8653, 0x8653, 0x8653, 0x8653, 0x8653, 0x8653, 
	0x8653, 0x8653, 0x8653, 0x8653, 0x8653, 0x8654, 0x8654, 0x7e54, 0x7e54, 0x7e55, 0x7e55, 0x7635, 0x7636, 0x7636, 0x6e36, 0x6e37, 
	0x6e17, 0x6618, 0x6618, 0x6619, 0x5e1a, 0x5dfa, 0x55fb, 0x55fb, 0x4dfc, 0x4ddd, 0x45dd, 0x45de, 0x3dbf, 0x3dbf, 0x3dbf, 0x3dbe, 
	0x45be, 0x45dd, 0x45dd, 0x4ddc, 0x4ddb, 0x45bb, 0x45ba, 0x4dba, 0x4db9, 0x4db9, 0x4db9, 0x55b8, 0x55b8, 0x55d8, 0x5dd8, 0x5dd7, 
	0x5dd7, 0x65d7, 0x65d7, 0x6df7, 0x6df7, 0x6df7, 0x7618, 0x7618, 0x7e18, 0x7e38, 0x8639, 0x8639, 0x8e5a, 0x8e5a, 0x967b, 0x9e7b, 
	0x8e5a, 0x8e59, 0x8639, 0x8639, 0x7e18, 0x7e18, 0x7618, 0x75f8, 0x6df7, 0x6df7, 0x6df7, 0x6df8, 0x7618, 0x7638, 0x7e38, 0x7639, 
	0x7639, 0x6e19, 0x6e19, 0x6619, 0x65fa, 0x5dfa, 0x5dfa, 0x55fb, 0x55db, 0x4ddc, 0x4ddc, 0x4ddc, 0x45dd, 0x45dd, 0x3dbe, 0x3dbe, 
	0x3dbf, 0x3dbf, 0x3dbe, 0x45de, 0x45dd, 0x4ddc, 0x4dfc, 0x55fb, 0x55fb, 0x5dfa, 0x5e1a, 0x5e19, 0x6619, 0x6618, 0x6e18, 0x6e37, 
	0x6e37, 0x6e37, 0x7636, 0x7636, 0x7636, 0x7635, 0x7e35, 0x7e55, 0x7e55, 0x7e54, 0x7e54, 0x7e54, 0x7e54, 0x7e54, 0x7e54, 0x7e54, 
	0x7e54, 0x7e54, 0x7e54, 0x7e54, 0x7e55, 0x7e55, 0x7e55, 0x7635, 0x7636, 0x7636, 0x7636, 0x6e36, 0x6e37, 0x6e37, 0x6e18, 0x6618, 
	0x6619, 0x5e19, 0x5e1a, 0x5dfa, 0x55fb, 0x55fb, 0x4dfc, 0x4ddc, 0x45dd, 0x45de, 0x3dde, 0x3dbf, 0x3dbf, 0x3dbf, 0x3dbe, 0x45bd, 
	0x45dd, 0x45dc, 0x4ddc, 0x4ddc, 0x55db, 0x4dba, 0x4dba, 0x4db9, 0x4db9, 0x4db9, 0x55b8, 0x55b8, 0x55b8, 0x5dd8, 0x5dd8, 0x5dd7, 
	0x65d7, 0x65d7, 0x65d7, 0x6df7, 0x6df7, 0x75f8, 0x7618, 0x7e18, 0x7e18, 0x7e39, 0x8639, 0x8e39, 0x8e5a, 0x965a, 0x967b, 0x9e7c, 
	0x8e5a, 0x8e3a, 0x8639, 0x8639, 0x7e19, 0x7e18, 0x7618, 0x75f8, 0x75f8, 0x7e18, 0x8658, 0x8e78, 0x8e78, 0x8658, 0x7e58, 0x7e59, 
	0x7639, 0x7639, 0x6e19, 0x6e19, 0x6619, 0x65fa, 0x5dfa, 0x5dfa, 0x55fb, 0x55db, 0x4ddb, 0x4ddc, 0x4ddc, 0x45dd, 0x45dd, 0x45be, 
	0x3dbe, 0x3dbf, 0x3dbf, 0x3dbf, 0x3dde, 0x45de, 0x45dd, 0x4ddc, 0x4dfc, 0x55fb, 0x55fb, 0x5dfa, 0x5dfa, 0x5e19, 0x6619, 0x6618, 
	0x6618, 0x6e18, 0x6e37, 0x6e37, 0x6e37, 0x6e37, 0x7636, 0x7636, 0x7636, 0x7636, 0x7636, 0x7635, 0x7635, 0x7635, 0x7635, 0x7635, 
	0x7635, 0x7635, 0x7636, 0x7636, 0x7636, 0x7636, 0x7636, 0x6e36, 0x6e37, 0x6e37, 0x6e37, 0x6e18, 0x6618, 0x6618, 0x6619, 0x5e19, 
	0x5e1a, 0x5dfa, 0x55fb, 0x55fb, 0x4dfc, 0x4ddc, 0x45dd, 0x45dd, 0x45de, 0x3dbf, 0x3dbf, 0x3dbf, 0x3dbe, 0x3dbe, 0x45dd, 0x45dd, 
	0x4ddc, 0x4ddc, 0x4ddb, 0x55db, 0x55fb, 0x55da, 0x4db9, 0x4db9, 0x4db9, 0x55b8, 0x55b8, 0x55b8, 0x55b8, 0x5dd8, 0x5dd7, 0x5dd7, 
	0x65d7, 0x65d7, 0x6dd7, 0x6df7, 0x6df8, 0x75f8, 0x7618, 0x7e18, 0x7e19, 0x8639, 0x8639, 0x8e3a, 0x8e5a, 0x965b, 0x967b, 0x9e7c, 
	0x965b, 0x8e5a, 0x863a, 0x8639, 0x7e19, 0x7e18, 0x7e18, 0x7e18, 0x8e58, 0x9e99, 0x9699, 0x9699, 0x8e78, 0x8e78, 0x8658, 0x7e58, 
	0x7e59, 0x7639, 0x7639, 0x6e19, 0x6e19, 0x6619, 0x65fa, 0x5dfa, 0x5dfa, 0x55fb, 0x55db, 0x55db, 0x4ddc, 0x4ddc, 0x45dd, 0x45dd, 
	0x45be, 0x3dbe, 0x3dbf, 0x3dbf, 0x3dbf, 0x3dbf, 0x45de, 0x45dd, 0x45dd, 0x4ddc, 0x4dfc, 0x55fb, 0x55fb, 0x55fa, 0x5dfa, 0x5e1a, 
	0x5e19, 0x6619, 0x6619, 0x6618, 0x6618, 0x6e18, 0x6e17, 0x6e37, 0x6e37, 0x6e37, 0x6e37, 0x6e37, 0x6e37, 0x6e37, 0x6e37, 0x6e37, 
	0x6e37, 0x6e37, 0x6e37, 0x6e37, 0x6e37, 0x6e37, 0x6e17, 0x6e18, 0x6618, 0x6618, 0x6619, 0x6619, 0x5e19, 0x5e1a, 0x5dfa, 0x55fa, 
	0x55fb, 0x55fb, 0x4dfc, 0x4ddc, 0x4ddd, 0x45dd, 0x45de, 0x3dbf, 0x3dbf, 0x3dbf, 0x3dbf, 0x3dbe, 0x45be, 0x45dd, 0x45dd, 0x4ddc, 
	0x4ddc, 0x4ddb, 0x55db, 0x55fb, 0x5dfa, 0x5dfa, 0x55d9, 0x4db9, 0x4db8, 0x55b8, 0x55b8, 0x55b8, 0x5db8, 0x5dd7, 0x5dd7, 0x65d7, 
	0x65d7, 0x65d7, 0x6df7, 0x6df7, 0x75f8, 0x75f8, 0x7618, 0x7e18, 0x7e19, 0x8639, 0x863a, 0x8e3a, 0x8e5b, 0x965b, 0x9e7c, 0x9e7c, 
	0x965b, 0x8e5b, 0x8e3a, 0x863a, 0x8619, 0x8619, 0x8e59, 0xa6b9, 0xa6b9, 0xa6b9, 0x9e99, 0x9699, 0x9679, 0x8e78, 0x8678, 0x8658, 
	0x7e58, 0x7e59, 0x7639, 0x7639, 0x6e19, 0x6e19, 0x6619, 0x661a, 0x5dfa, 0x5dfa, 0x55fa, 0x55fb, 0x55db, 0x4ddc, 0x4ddc, 0x4ddc, 
	0x45dd, 0x45dd, 0x45be, 0x3dbe, 0x3dbf, 0x3dbf, 0x3dbf, 0x3dbf, 0x45de, 0x45dd, 0x45dd, 0x4ddc, 0x4dfc, 0x4dfc, 0x55fb, 0x55fb, 
	0x55fa, 0x5dfa, 0x5dfa, 0x5e19, 0x5e19, 0x6619, 0x6619, 0x6618, 0x6618, 0x6618, 0x6618, 0x6618, 0x6618, 0x6618, 0x6618, 0x6618, 
	0x6618, 0x6618, 0x6618, 0x6618, 0x6618, 0x6618, 0x6619, 0x6619, 0x5e19, 0x5e19, 0x5dfa, 0x5dfa, 0x55fa, 0x55fb, 0x55fb, 0x55fc, 
	0x4dfc, 0x4ddc, 0x45dd, 0x45dd, 0x45de, 0x3dbe, 0x3dbf, 0x3dbf, 0x3dbf, 0x3dbe, 0x3dbe, 0x45dd, 0x45dd, 0x45dc, 0x4ddc, 0x4ddc, 
	0x55db, 0x55fb, 0x55fa, 0x5dfa, 0x5dfa, 0x65fa, 0x5df9, 0x55b8, 0x55b8, 0x55b8, 0x55b8, 0x5db8, 0x5db7, 0x5db7, 0x65d7, 0x65d7, 
	0x65d7, 0x6dd7, 0x6dd7, 0x6df8, 0x75f8, 0x75f8, 0x7e18, 0x7e19, 0x8619, 0x8639, 0x8e3a, 0x8e3a, 0x965b, 0x965c, 0x9e7c, 0x9e7c, 
	0x965c, 0x8e3b, 0x8e3a, 0x863a, 0x863a, 0x9e7a, 0xb6da, 0xb6da, 0xaeda, 0xa6b9, 0x9eb9, 0x9e99, 0x9699, 0x9679, 0x8e78, 0x8678, 
	0x8658, 0x7e58, 0x7e39, 0x7639, 0x7639, 0x6e19, 0x6e19, 0x6619, 0x65fa, 0x5dfa, 0x5dfa, 0x5dfa, 0x55fb, 0x55db, 0x4ddb, 0x4ddc, 
	0x4ddc, 0x45dd, 0x45dd, 0x45bd, 0x3dbe, 0x3dbe, 0x3dbf, 0x3dbf, 0x3dbf, 0x3dbf, 0x45de, 0x45de, 0x45dd, 0x4ddd, 0x4ddc, 0x4dfc, 
	0x4dfc, 0x55fb, 0x55fb, 0x55fb, 0x55fa, 0x5dfa, 0x5dfa, 0x5dfa, 0x5e1a, 0x5e19, 0x5e19, 0x5e19, 0x5e19, 0x6619, 0x6619, 0x6619, 
	0x5e19, 0x5e19, 0x5e19, 0x5e19, 0x5e19, 0x5dfa, 0x5dfa, 0x5dfa, 0x55fa, 0x55fb, 0x55fb, 0x55fb, 0x55fc, 0x4dfc, 0x4ddc, 0x4ddd, 
	0x45dd, 0x45de, 0x45de, 0x3dbf, 0x3dbf, 0x3dbf, 0x3dbf, 0x3dbe, 0x3dbe, 0x45bd, 0x45dd, 0x45dd, 0x4ddc, 0x4ddc, 0x4ddb, 0x55db, 
	0x55fb, 0x5dfa, 0x5dfa, 0x5dfa, 0x65fa, 0x6619, 0x6619, 0x55d8, 0x55b8, 0x55b8, 0x55b8, 0x5db7, 0x5db7, 0x5db7, 0x65d7, 0x65d7, 
	0x65d7, 0x6dd7, 0x6dd8, 0x75f8, 0x75f8, 0x75f8, 0x7e19, 0x7e19, 0x8619, 0x863a, 0x8e3a, 0x8e3b, 0x965b, 0x965c, 0x965c, 0x965c, 
	0x965c, 0x965b, 0x8e3b, 0x8e3a, 0xa6bb, 0xbf1b, 0xbefb, 0xb6fa, 0xaeda, 0xaeda, 0xa6b9, 0x9eb9, 0x9e99, 0x9699, 0x9679, 0x8e78, 
	0x8678, 0x8658, 0x7e58, 0x7e39, 0x7639, 0x7639, 0x6e19, 0x6e19, 0x6619, 0x6619, 0x65fa, 0x5dfa, 0x5dfa, 0x55fb, 0x55db, 0x55db, 
	0x4ddc, 0x4ddc, 0x4ddc, 0x45dd, 0x45dd, 0x45be, 0x3dbe, 0x3dbe, 0x3dbf, 0x3dbf, 0x3dbf, 0x3dbf, 0x3dde, 0x45de, 0x45dd, 0x45dd, 
	0x4ddd, 0x4ddc, 0x4ddc, 0x4dfc, 0x55fc, 0x55fb, 0x55fb, 0x55fb, 0x55fb, 0x55fb, 0x55fa, 0x55fa, 0x5dfa, 0x5dfa, 0x5dfa, 0x5dfa, 
	0x5dfa, 0x55fa, 0x55fa, 0x55fb, 0x55fb, 0x55fb, 0x55fb, 0x55fb, 0x55fc, 0x4dfc, 0x4ddc, 0x4ddc, 0x4ddd, 0x45dd, 0x45dd, 0x45de, 
	0x3dde, 0x3dbf, 0x3dbf, 0x3dbf, 0x3dbf, 0x3dbe, 0x3dbe, 0x45be, 0x45dd, 0x45dd, 0x4ddc, 0x4ddc, 0x4ddc, 0x55db, 0x55db, 0x55fb, 
	0x5dfa, 0x5dfa, 0x5dfa, 0x6619, 0x6619, 0x6e19, 0x6e19, 0x65f8, 0x55b8, 0x55b8, 0x5db7, 0x5db7, 0x5db7, 0x65b7, 0x65d7, 0x65d7, 
	0x6dd7, 0x6dd8, 0x6df8, 0x75f8, 0x75f8, 0x7df9, 0x7e19, 0x8619, 0x861a, 0x8e3a, 0x8e3b, 0x965b, 0x965c, 0x965c, 0x965c, 0x965c, 
	0x965c, 0x965c, 0x963b, 0xaebc, 0xcf3c, 0xc73c, 0xbf1b, 0xbefb, 0xb6fa, 0xaeda, 0xaeda, 0xa6b9, 0x9eb9, 0x9e99, 0x9699, 0x9679, 
	0x8e78, 0x8678, 0x8658, 0x7e58, 0x7e38, 0x7639, 0x7639, 0x6e19, 0x6e19, 0x6e19, 0x6619, 0x65fa, 0x5dfa, 0x5dfa, 0x55fa, 0x55fb, 
	0x55db, 0x4ddb, 0x4ddc, 0x4ddc, 0x45dc, 0x45dd, 0x45dd, 0x45be, 0x3dbe, 0x3dbe, 0x3dbf, 0x3dbf, 0x3dbf, 0x3dbf, 0x3dbf, 0x3dde, 
	0x45de, 0x45de, 0x45dd, 0x45dd, 0x4ddd, 0x4ddd, 0x4ddc, 0x4ddc, 0x4ddc, 0x4dfc, 0x4dfc, 0x4dfc, 0x55fc, 0x55fb, 0x55fb, 0x55fb, 
	0x55fc, 0x55fc, 0x4dfc, 0x4dfc, 0x4dfc, 0x4ddc, 0x4ddc, 0x4ddd, 0x4ddd, 0x45dd, 0x45dd, 0x45de, 0x45de, 0x3dde, 0x3dbf, 0x3dbf, 
	0x3dbf, 0x3dbf, 0x3dbf, 0x3dbe, 0x3dbe, 0x45be, 0x45dd, 0x45dd, 0x45dc, 0x4ddc, 0x4ddc, 0x4ddb, 0x55db, 0x55fb, 0x55fa, 0x5dfa, 
	0x5dfa, 0x65fa, 0x6619, 0x6619, 0x6e19, 0x6e19, 0x7639, 0x6e18, 0x55b8, 0x5db7, 0x5db7, 0x5db7, 0x65b7, 0x65b7, 0x65d7, 0x6dd7, 
	0x6dd8, 0x6dd8, 0x75d8, 0x75f8, 0x75f9, 0x7df9, 0x7e19, 0x861a, 0x861a, 0x8e3b, 0x8e3b, 0x965c, 0x965c, 0x965c, 0x965c, 0x965c, 
	0x963c, 0x963c, 0xaebd, 0xd75d, 0xcf3d, 0xcf3c, 0xc71c, 0xbf1b, 0xbefb, 0xb6fa, 0xaeda, 0xaeda, 0xa6b9, 0x9eb9, 0x9e99, 0x9699, 
	0x9679, 0x8e78, 0x8678, 0x8658, 0x7e58, 0x7e38, 0x7639, 0x7639, 0x6e19, 0x6e19, 0x6e19, 0x6619, 0x65fa, 0x5dfa, 0x5dfa, 0x5dfa, 
	0x55fb, 0x55db, 0x55db, 0x4ddb, 0x4ddc, 0x4ddc, 0x45dc, 0x45dd, 0x45dd, 0x45bd, 0x3dbe, 0x3dbe, 0x3dbe, 0x3dbf, 0x3dbf, 0x3dbf, 
	0x3dbf, 0x3dbf, 0x3dbf, 0x3dde, 0x45de, 0x45de, 0x45de, 0x45dd, 0x45dd, 0x45dd, 0x45dd, 0x4ddd, 0x4ddd, 0x4ddd, 0x4ddd, 0x4ddd, 
	0x4ddd, 0x4ddd, 0x45dd, 0x45dd, 0x45dd, 0x45dd, 0x45de, 0x45de, 0x45de, 0x3dde, 0x3dbe, 0x3dbf, 0x3dbf, 0x3dbf, 0x3dbf, 0x3dbf, 
	0x3dbe, 0x3dbe, 0x3dbe, 0x45bd, 0x45dd, 0x45dd, 0x45dc, 0x4ddc, 0x4ddc, 0x4ddb, 0x55db, 0x55db, 0x55fb, 0x5dfa, 0x5dfa, 0x5dfa, 
	0x65fa, 0x6619, 0x6e19, 0x6e19, 0x6e19, 0x7639, 0x7639, 0x7638, 0x5db7, 0x5db7, 0x5db7, 0x5db7, 0x65b7, 0x65b7, 0x65d7, 0x6dd8, 
	0x6dd8, 0x6dd8, 0x75d8, 0x75f9, 0x7df9, 0x7df9, 0x7e1a, 0x861a, 0x861b, 0x8e3b, 0x8e3c, 0x963c, 0x963c, 0x963c, 0x963c, 0x963c, 
	0x963c, 0xa67d, 0xd75e, 0xdf7e, 0xd75d, 0xcf3d, 0xcf3c, 0xc71b, 0xbf1b, 0xbefb, 0xb6fa, 0xaeda, 0xaeda, 0xa6b9, 0x9eb9, 0x9e99, 
	0x9699, 0x9679, 0x8e79, 0x8e78, 0x8658, 0x8658, 0x7e38, 0x7e39, 0x7639, 0x7639, 0x6e19, 0x6e19, 0x6619, 0x6619, 0x65fa, 0x5dfa, 
	0x5dfa, 0x5dfa, 0x55fb, 0x55db, 0x55db, 0x4ddb, 0x4ddc, 0x4ddc, 0x4ddc, 0x45dd, 0x45dd, 0x45dd, 0x45be, 0x3dbe, 0x3dbe, 0x3dbe, 
	0x3dbf, 0x3dbf, 0x3dbf, 0x3dbf, 0x3dbf, 0x3dbf, 0x3dbf, 0x3dbf, 0x3dbe, 0x3dbe, 0x45de, 0x45de, 0x45de, 0x45de, 0x45de, 0x45de, 
	0x45de, 0x45de, 0x45de, 0x3dde, 0x3dbe, 0x3dbf, 0x3dbf, 0x3dbf, 0x3dbf, 0x3dbf, 0x3dbf, 0x3dbf, 0x3dbf, 0x3dbe, 0x3dbe, 0x3dbe, 
	0x45be, 0x45dd, 0x45dd, 0x45dd, 0x45dc, 0x4ddc, 0x4ddc, 0x4ddc, 0x55db, 0x55db, 0x55fb, 0x55fa, 0x5dfa, 0x5dfa, 0x65fa, 0x6619, 
	0x6619, 0x6e19, 0x6e19, 0x7639, 0x7639, 0x7639, 0x7e38, 0x7e38, 0x65d8, 0x5db7, 0x5db7, 0x65b7, 0x65b7, 0x65b7, 0x6dd8, 0x6dd8, 
	0x6dd8, 0x75d8, 0x75d9, 0x75f9, 0x7df9, 0x7dfa, 0x861a, 0x861b, 0x8e1b, 0x8e3c, 0x963c, 0x963c, 0x963c, 0x963c, 0x963c, 0x963c, 
	0x965c, 0xcf1e, 0xdf7e, 0xdf7e, 0xdf5e, 0xd75d, 0xcf3c, 0xcf3c, 0xc71b, 0xbf1b, 0xb6fb, 0xb6fa, 0xaeda, 0xaeda, 0xa6b9, 0x9eb9, 
	0x9e99, 0x9699, 0x9679, 0x8e79, 0x8e58, 0x8658, 0x8658, 0x7e38, 0x7e39, 0x7639, 0x7639, 0x6e19, 0x6e19, 0x6e19, 0x6619, 0x65f9, 
	0x5dfa, 0x5dfa, 0x5dfa, 0x55fa, 0x55fb, 0x55db, 0x55db, 0x4ddb, 0x4ddc, 0x4ddc, 0x4ddc, 0x45dd, 0x45dd, 0x45dd, 0x45dd, 0x45be, 
	0x3dbe, 0x3dbe, 0x3dbe, 0x3dbe, 0x3dbf, 0x3dbf, 0x3dbf, 0x3dbf, 0x3dbf, 0x3dbf, 0x3dbf, 0x3dbf, 0x3dbf, 0x3dbf, 0x3dbf, 0x3dbf, 
	0x3dbf, 0x3dbf, 0x3dbf, 0x3dbf, 0x3dbf, 0x3dbf, 0x3dbf, 0x3dbf, 0x3dbf, 0x3dbe, 0x3dbe, 0x3dbe, 0x3dbe, 0x45be, 0x45bd, 0x45dd, 
	0x45dd, 0x45dd, 0x4ddc, 0x4ddc, 0x4ddc, 0x4ddb, 0x55db, 0x55db, 0x55fb, 0x55fa, 0x5dfa, 0x5dfa, 0x5dfa, 0x65fa, 0x6619, 0x6619, 
	0x6e19, 0x6e19, 0x7639, 0x7639, 0x7e39, 0x7e38, 0x8658, 0x8658, 0x6df8, 0x5db7, 0x5db7, 0x65b7, 0x65b7, 0x65b8, 0x6db8, 0x6dd8, 
	0x75d8, 0x75f9, 0x7df9, 0x7df9, 0x7dfa, 0x85fa, 0x85fa, 0x861b, 0x8e1c, 0x8e3c, 0x8e3c, 0x8e3c, 0x8e3c, 0x8e3c, 0x8e3c, 0x8e3c, 
	0xaebd, 0xdf7e, 0xdf7e, 0xdf7e, 0xdf7e, 0xdf7e, 0xd75d, 0xcf3c, 0xc73c, 0xc71b, 0xbf1b, 0xb6fb, 0xb6fa, 0xaeda, 0xaeda, 0xa6b9, 
	0x9eb9, 0x9e99, 0x9699, 0x9679, 0x8e79, 0x8e78, 0x8658, 0x8658, 0x7e58, 0x7e38, 0x7639, 0x7639, 0x7619, 0x6e19, 0x6e19, 0x6619, 
	0x6619, 0x65fa, 0x5dfa, 0x5dfa, 0x5dfa, 0x55fa, 0x55db, 0x55db, 0x55db, 0x4ddb, 0x4ddc, 0x4ddc, 0x4ddc, 0x4ddc, 0x45dd, 0x45dd, 
	0x45dd, 0x45dd, 0x45bd, 0x45be, 0x45be, 0x3dbe, 0x3dbe, 0x3dbe, 0x3dbe, 0x3dbe, 0x3dbe, 0x3dbf, 0x3dbf, 0x3dbf, 0x3dbf, 0x3dbf, 
	0x3dbf, 0x3dbf, 0x3dbe, 0x3dbe, 0x3dbe, 0x3dbe, 0x3dbe, 0x3dbe, 0x45be, 0x45be, 0x45bd, 0x45dd, 0x45dd, 0x45dd, 0x45dd, 0x4ddc, 
	0x4ddc, 0x4ddc, 0x4ddc, 0x4ddb, 0x55db, 0x55db, 0x55db, 0x55fa, 0x5dfa, 0x5dfa, 0x5dfa, 0x65fa, 0x65f9, 0x6619, 0x6e19, 0x6e19, 
	0x6e19, 0x7639, 0x7639, 0x7e38, 0x7e58, 0x8658, 0x8658, 0x8658, 0x75f8, 0x5db7, 0x65b7, 0x65b7, 0x6dd8, 0x75f8, 0x8639, 0x9659, 
	0x9e9a, 0xa6ba, 0xaeba, 0xb6db, 0xb6db, 0xb6dc, 0xaebc, 0xa69c, 0x9e5c, 0x963c, 0x8e3c, 0x8e1c, 0x8e1c, 0x8e1c, 0x8e1c, 0x8e1c, 
	0xdf5e, 0xdf7e, 0xdf7e, 0xdf7e, 0xdf7e, 0xdf7e, 0xd75e, 0xd75d, 0xcf3c, 0xc73c, 0xc71b, 0xbf1b, 0xb6fb, 0xb6fa, 0xaeda, 0xaeda, 
	0xa6b9, 0x9eb9, 0x9e99, 0x9699, 0x9679, 0x8e79, 0x8e78, 0x8658, 0x8658, 0x7e58, 0x7e38, 0x7e39, 0x7639, 0x7639, 0x6e19, 0x6e19, 
	0x6e19, 0x6619, 0x65f9, 0x65fa, 0x5dfa, 0x5dfa, 0x5dfa, 0x55fa, 0x55fb, 0x55db, 0x55db, 0x55db, 0x4ddb, 0x4ddc, 0x4ddc, 0x4ddc, 
	0x4ddc, 0x45dc, 0x45dd, 0x45dd, 0x45dd, 0x45dd, 0x45dd, 0x45bd, 0x45bd, 0x45bd, 0x45be, 0x45be, 0x45be, 0x45be, 0x45be, 0x45be, 
	0x45be, 0x45be, 0x45be, 0x45bd, 0x45bd, 0x45bd, 0x45dd, 0x45dd, 0x45dd, 0x45dd, 0x45dd, 0x45dc, 0x4ddc, 0x4ddc, 0x4ddc, 0x4ddc, 
	0x4ddb, 0x4ddb, 0x55db, 0x55db, 0x55fb, 0x55fa, 0x5dfa, 0x5dfa, 0x5dfa, 0x65fa, 0x65f9, 0x6619, 0x6e19, 0x6e19, 0x6e19, 0x7639, 
	0x7639, 0x7639, 0x7e38, 0x7e58, 0x8658, 0x8658, 0x8e78, 0x8e78, 0x7618, 0x65b7, 0x75f8, 0x8638, 0x9e99, 0xa6b9, 0xaeda, 0xb6da, 
	0xb6fa, 0xbefb, 0xc71b, 0xc71c, 0xcf3c, 0xd75d, 0xd75d, 0xdf7e, 0xdf5e, 0xcf1e, 0xb6bd, 0x9e5d, 0x8e1c, 0x8e1c, 0x8e1c, 0x8e1c, 
	0xdf7e, 0xdf7e, 0xdf7e, 0xdf7e, 0xdf7e, 0xdf7e, 0xdf7e, 0xd75e, 0xd75d, 0xcf3c, 0xc71c, 0xc71b, 0xbefb, 0xb6fb, 0xb6da, 0xaeda, 
	0xaeba, 0xa6b9, 0xa6b9, 0x9e99, 0x9699, 0x9679, 0x8e79, 0x8e79, 0x8658, 0x8658, 0x8658, 0x7e38, 0x7e38, 0x7639, 0x7639, 0x7619, 
	0x6e19, 0x6e19, 0x6e19, 0x6619, 0x65f9, 0x65fa, 0x5dfa, 0x5dfa, 0x5dfa, 0x5dfa, 0x55fa, 0x55db, 0x55db, 0x55db, 0x55db, 0x4ddb, 
	0x4ddc, 0x4ddc, 0x4ddc, 0x4ddc, 0x4ddc, 0x4ddc, 0x45dc, 0x45dc, 0x45dd, 0x45dd, 0x45dd, 0x45dd, 0x45dd, 0x45dd, 0x45dd, 0x45dd, 
	0x45dd, 0x45dd, 0x45dd, 0x45dd, 0x45dd, 0x45dd, 0x45dc, 0x4ddc, 0x4ddc, 0x4ddc, 0x4ddc, 0x4ddc, 0x4ddc, 0x4ddb, 0x55db, 0x55db, 
	0x55db, 0x55db, 0x55fa, 0x5dfa, 0x5dfa, 0x5dfa, 0x5dfa, 0x65fa, 0x65f9, 0x6619, 0x6e19, 0x6e19, 0x6e19, 0x7619, 0x7639, 0x7639, 
	0x7e38, 0x7e38, 0x8658, 0x8658, 0x8658, 0x8e78, 0x8e78, 0x9679, 0x8638, 0x8e59, 0x9e99, 0xa6b9, 0xa6ba, 0xaeda, 0xb6da, 0xb6fb, 
	0xbefb, 0xc71b, 0xc71c, 0xcf3c, 0xd73d, 0xd75d, 0xdf7e, 0xdf7e, 0xdf7e, 0xdf7e, 0xdf7e, 0xd73e, 0xbedd, 0x9e5d, 0x8e1c, 0x8e1c, 
	0xdf7e, 0xdf7e, 0xdf7e, 0xdf7e, 0xdf7e, 0xdf7e, 0xdf7e, 0xdf7e, 0xd75e, 0xd75d, 0xcf3c, 0xc73c, 0xc71b, 0xbefb, 0xb6fb, 0xb6da, 
	0xaeda, 0xaeda, 0xa6b9, 0xa6b9, 0x9e99, 0x9e99, 0x9699, 0x9679, 0x8e79, 0x8e58, 0x8658, 0x8658, 0x7e58, 0x7e38, 0x7e39, 0x7639, 
	0x7639, 0x6e19, 0x6e19, 0x6e19, 0x6e19, 0x6619, 0x65f9, 0x65f9, 0x5dfa, 0x5dfa, 0x5dfa, 0x5dfa, 0x5dfa, 0x55fa, 0x55db, 0x55db, 
	0x55db, 0x55db, 0x4ddb, 0x4ddb, 0x4ddb, 0x4ddc, 0x4ddc, 0x4ddc, 0x4ddc, 0x4ddc, 0x4ddc, 0x4ddc, 0x4ddc, 0x4ddc, 0x4ddc, 0x4ddc, 
	0x4ddc, 0x4ddc, 0x4ddc, 0x4ddc, 0x4ddc, 0x4ddc, 0x4ddc, 0x4ddc, 0x4ddb, 0x4ddb, 0x4ddb, 0x55db, 0x55db, 0x55db, 0x55db, 0x55fa, 
	0x55fa, 0x5dfa, 0x5dfa, 0x5dfa, 0x5dfa, 0x65fa, 0x65f9, 0x6619, 0x6619, 0x6e19, 0x6e19, 0x6e19, 0x7639, 0x7639, 0x7e39, 0x7e38, 
	0x7e58, 0x8658, 0x8658, 0x8e58, 0x8e79, 0x9679, 0x9679, 0x9699, 0x9e99, 0x9e99, 0xa6b9, 0xaeba, 0xaeda, 0xb6da, 0xb6fb, 0xbefb, 
	0xc71b, 0xc71c, 0xcf3c, 0xd75d, 0xd75d, 0xdf7e, 0xdf7e, 0xdf7e, 0xdf7e, 0xdf7e, 0xdf7e, 0xdf7e, 0xdf7e, 0xd75e, 0xaebd, 0x8e1c, 
	0xdf7e, 0xdf7e, 0xdf7e, 0xdf7e, 0xdf7e, 0xdf7e, 0xdf7e, 0xdf7e, 0xdf7e, 0xd75e, 0xd75d, 0xcf3d, 0xc73c, 0xc71c, 0xbf1b, 0xbefb, 
	0xb6fa, 0xaeda, 0xaeda, 0xa6ba, 0xa6b9, 0x9e99, 0x9e99, 0x9699, 0x9679, 0x8e79, 0x8e79, 0x8658, 0x8658, 0x8658, 0x7e58, 0x7e38, 
	0x7639, 0x7639, 0x7639, 0x6e19, 0x6e19, 0x6e19, 0x6e19, 0x6619, 0x65f9, 0x65f9, 0x65fa, 0x5dfa, 0x5dfa, 0x5dfa, 0x5dfa, 0x5dfa, 
	0x55fa, 0x55fa, 0x55db, 0x55db, 0x55db, 0x55db, 0x55db, 0x55db, 0x55db, 0x4ddb, 0x4ddb, 0x4ddb, 0x4ddb, 0x4d7a, 0x4ddb, 0x4ddb, 
	0x4ddb, 0x4ddb, 0x4ddb, 0x4ddb, 0x55db, 0x55db, 0x55db, 0x55db, 0x55db, 0x55db, 0x55db, 0x55fb, 0x55fa, 0x5dfa, 0x5dfa, 0x5dfa, 
	0x5dfa, 0x5dfa, 0x65fa, 0x65f9, 0x65f9, 0x6619, 0x6e19, 0x6e19, 0x6e19, 0x6e19, 0x7639, 0x7639, 0x7639, 0x7e38, 0x7e38, 0x8658, 
	0x8658, 0x8658, 0x8e78, 0x8e79, 0x9679, 0x9679, 0x9e99, 0x9e99, 0xa6b9, 0xa6ba, 0xaeba, 0xaeda, 0xb6da, 0xb6fb, 0xbefb, 0xc71c, 
	0xc73c, 0xcf3c, 0xd75d, 0xd75e, 0xdf7e, 0xdf7e, 0xdf7e, 0xdf7e, 0xdf7e, 0xdf7e, 0xdf7e, 0xdf7e, 0xdf7e, 0xdf7e, 0xdf5e, 0xc6fe, 
	0xdf7e, 0xdf7e, 0xdf7e, 0xdf7e, 0xdf7e, 0xdf7e, 0xdf7e, 0xdf7e, 0xdf7e, 0xdf7e, 0xd75e, 0xd75d, 0xcf3d, 0xc71c, 0xc71c, 0xbefb, 
	0xbefb, 0xb6da, 0xb6da, 0xaeda, 0xa6ba, 0xa6b9, 0x9e99, 0x9e99, 0x9699, 0x9679, 0x9679, 0x8e79, 0x8e58, 0x8658, 0x8658, 0x8658, 
	0x7e38, 0x7e38, 0x7639, 0x7639, 0x7619, 0x7619, 0x6e19, 0x6e19, 0x6e19, 0x6619, 0x65f9, 0x65f9, 0x65f9, 0x65fa, 0x5dfa, 0x5dfa, 
	0x5dfa, 0x5dfa, 0x5dfa, 0x5dfa, 0x5dfa, 0x55fa, 0x55fa, 0x55db, 0x55db, 0x55db, 0x55db, 0x55db, 0x44d6, 0x31a6, 0x4412, 0x55db, 
	0x336f, 0x4d38, 0x55db, 0x55db, 0x55db, 0x55db, 0x55da, 0x55fa, 0x55fa, 0x5dfa, 0x5dfa, 0x5dfa, 0x5dfa, 0x5dfa, 0x5dfa, 0x65fa, 
	0x65f9, 0x65f9, 0x65f9, 0x6619, 0x6e19, 0x6e19, 0x6e19, 0x6e19, 0x7619, 0x7639, 0x7639, 0x7e38, 0x7e38, 0x7e58, 0x8658, 0x8658, 
	0x8e58, 0x8e79, 0x8e79, 0x9679, 0x9699, 0x9e99, 0x9e99, 0xa6b9, 0xa6ba, 0xaeba, 0xaeda, 0xb6da, 0xbefb, 0xbefb, 0xc71c, 0xc71c, 
	0xcf3d, 0xd73d, 0xd75e, 0xdf7e, 0xdf7e, 0xdf7e, 0xdf7e, 0xdf7e, 0xdf7e, 0xdf7e, 0xdf7e, 0xdf7e, 0xdf7e, 0xdf7e, 0xdf7e, 0xdf7e, 
	0xdf7e, 0xdf7e, 0xdf7e, 0xdf7e, 0xdf7e, 0xdf7e, 0xdf7e, 0xdf7e, 0xdf7e, 0xdf7e, 0xdf7e, 0xd75e, 0xd75d, 0xcf3d, 0xc73c, 0xc71c, 
	0xbf1b, 0xbefb, 0xb6fb, 0xb6da, 0xaeda, 0xaeba, 0xa6b9, 0xa6b9, 0x9e99, 0x9e99, 0x9699, 0x9679, 0x8e79, 0x8e79, 0x8e58, 0x8658, 
	0x8658, 0x7e58, 0x7e38, 0x7e38, 0x7639, 0x7639, 0x7639, 0x7619, 0x6e19, 0x6e19, 0x6e19, 0x6e19, 0x6619, 0x6619, 0x65f9, 0x65f9, 
	0x65f9, 0x65fa, 0x5dfa, 0x5dfa, 0x5dfa, 0x5dfa, 0x5dfa, 0x5dfa, 0x5dfa, 0x5dfa, 0x5dfa, 0x5dfa, 0x334e, 0x4a49, 0x3a29, 0x3bf1, 
	0x39c7, 0x430d, 0x5dfa, 0x5dfa, 0x5dfa, 0x5dfa, 0x5dfa, 0x5dfa, 0x5dfa, 0x5dfa, 0x5dfa, 0x65fa, 0x65f9, 0x65f9, 0x65f9, 0x65f9, 
	0x6619, 0x6e19, 0x6e19, 0x6e19, 0x6e19, 0x7619, 0x7639, 0x7639, 0x7639, 0x7e38, 0x7e38, 0x7e58, 0x8658, 0x8658, 0x8e58, 0x8e79, 
	0x8e79, 0x9679, 0x9679, 0x9e99, 0x9e99, 0xa6b9, 0xa6b9, 0xa6ba, 0xaeda, 0xb6da, 0xb6fb, 0xbefb, 0xbefb, 0xc71c, 0xc71c, 0xcf3d, 
	0xd75d, 0xd75e, 0xdf7e, 0xdf7e, 0xdf7e, 0xdf7e, 0xdf7e, 0xdf7e, 0xdf7e, 0xdf7e, 0xdf7e, 0xdf7e, 0xdf7e, 0xdf7e, 0xdf7e, 0xdf7e, 
	0xdf7e, 0xdf7e, 0xdf7e, 0xdf7e, 0xdf7e, 0xdf7e, 0xdf7e, 0xdf7e, 0xdf7e, 0xdf7e, 0xdf7e, 0xdf5e, 0xd75e, 0xd73d, 0xcf3d, 0xcf1c, 
	0xc71c, 0xbefb, 0xbefb, 0xb6fb, 0xb6da, 0xaeda, 0xaeba, 0xa6ba, 0xa6b9, 0x9e99, 0x9e99, 0x9699, 0x9679, 0x9679, 0x8e79, 0x8e59, 
	0x8658, 0x8658, 0x8658, 0x7e38, 0x7e38, 0x7e38, 0x7e38, 0x7639, 0x7639, 0x7619, 0x7619, 0x6e19, 0x6e19, 0x6e19, 0x6e19, 0x6619, 
	0x6619, 0x65f9, 0x65f9, 0x65f9, 0x65f9, 0x65f9, 0x65fa, 0x65fa, 0x5dfa, 0x5dfa, 0x5dfa, 0x4411, 0x4a28, 0x7b08, 0x4a06, 0x31a6, 
	0x6b4d, 0x4a8a, 0x5dd9, 0x5dfa, 0x5dfa, 0x5dfa, 0x65fa, 0x65f9, 0x65f9, 0x65f9, 0x65f9, 0x65f9, 0x65f9, 0x6619, 0x6e19, 0x6e19, 
	0x6e19, 0x6e19, 0x6e19, 0x7619, 0x7619, 0x7639, 0x7e39, 0x7e38, 0x7e38, 0x7e38, 0x8658, 0x8658, 0x8658, 0x8e59, 0x8e79, 0x9679, 
	0x9679, 0x9699, 0x9e99, 0x9e99, 0xa6b9, 0xa6ba, 0xaeba, 0xaeda, 0xb6da, 0xb6fb, 0xbefb, 0xbefb, 0xc71c, 0xcf1c, 0xcf3d, 0xd73d, 
	0xd75e, 0xdf5e, 0xdf7e, 0xdf7e, 0xdf7e, 0xdf7e, 0xdf7e, 0xdf7e, 0xdf7e, 0xdf7e, 0xdf7e, 0xdf7e, 0xdf7e, 0xdf7e, 0xdf7e, 0xdf7e, 
	0xdf7e, 0xdf7e, 0xdf7e, 0xdf7e, 0xdf7e, 0xdf7e, 0xdf7e, 0xdf7e, 0xdf7e, 0xdf7e, 0xdf7e, 0xdf7e, 0xdf5e, 0xdf5e, 0xd75d, 0xcf3d, 
	0xcf3c, 0xc71c, 0xc71c, 0xbefb, 0xb6fb, 0xb6da, 0xaeda, 0xaeda, 0xa6ba, 0xa6b9, 0xa699, 0x9e99, 0x9e99, 0x9699, 0x9679, 0x9679, 
	0x8e79, 0x8e59, 0x8658, 0x8658, 0x8658, 0x8658, 0x7e38, 0x7e38, 0x7e38, 0x7639, 0x7639, 0x7619, 0x7619, 0x7619, 0x6e19, 0x6e19, 
	0x6e19, 0x6e19, 0x6e19, 0x6e19, 0x6619, 0x6619, 0x65f9, 0x65f9, 0x65f9, 0x65f9, 0x5db8, 0x3a28, 0x2903, 0x59a1, 0x4a48, 0x4982, 
	0x7aa4, 0x6b0a, 0x5d36, 0x65f9, 0x65f9, 0x65f9, 0x65f9, 0x6619, 0x6619, 0x6e19, 0x6e19, 0x6e19, 0x6e19, 0x6e19, 0x6e19, 0x7619, 
	0x7619, 0x7619, 0x7639, 0x7639, 0x7e38, 0x7e38, 0x7e38, 0x8658, 0x8658, 0x8658, 0x8658, 0x8e59, 0x8e79, 0x8e79, 0x9679, 0x9679, 
	0x9e99, 0x9e99, 0xa699, 0xa6b9, 0xa6ba, 0xaeba, 0xaeda, 0xb6da, 0xb6fb, 0xbefb, 0xbf1c, 0xc71c, 0xcf3c, 0xcf3d, 0xd75d, 0xd75e, 
	0xdf5e, 0xdf7e, 0xdf7e, 0xdf7e, 0xdf7e, 0xdf7e, 0xdf7e, 0xdf7e, 0xdf7e, 0xdf7e, 0xdf7e, 0xdf7e, 0xdf7e, 0xdf7e, 0xdf7e, 0xdf5e, 
	0xdf7e, 0xdf7e, 0xdf7e, 0xdf7e, 0xdf5e, 0xdf7e, 0xdf7e, 0xdf7e, 0xdf5e, 0xdf7e, 0xdf5e, 0xdf5e, 0xd75e, 0xdf5e, 0xd75e, 0xd75e, 
	0xcf3d, 0xcf3c, 0xc71c, 0xc71c, 0xbefb, 0xbefb, 0xb6fb, 0xb6da, 0xaeda, 0xaeba, 0xa6ba, 0xa6b9, 0x9e99, 0x9e99, 0x9e99, 0x9679, 
	0x9679, 0x8e79, 0x8e79, 0x8e59, 0x8e58, 0x8658, 0x8658, 0x8658, 0x7e38, 0x7e38, 0x7e38, 0x7e38, 0x7639, 0x7639, 0x7639, 0x7619, 
	0x7619, 0x7619, 0x6e19, 0x6e19, 0x6e19, 0x6e19, 0x6e19, 0x6e19, 0x6e19, 0x6e19, 0x5431, 0x6266, 0x8aa2, 0x4a06, 0x4141, 0x8262, 
	0xa323, 0x92c2, 0x4c31, 0x6e19, 0x6e19, 0x6e19, 0x6e19, 0x6e19, 0x6e19, 0x6e19, 0x6e19, 0x6e19, 0x7619, 0x7619, 0x7639, 0x7639, 
	0x7639, 0x7e38, 0x7e38, 0x7e38, 0x7e38, 0x8658, 0x8658, 0x8658, 0x8658, 0x8e59, 0x8e79, 0x8e79, 0x9679, 0x9679, 0x9e99, 0x9e99, 
	0x9e99, 0xa6b9, 0xa6ba, 0xaeba, 0xaeda, 0xb6da, 0xb6db, 0xbefb, 0xbefb, 0xc71c, 0xc71c, 0xcf3d, 0xcf3d, 0xd75d, 0xd75e, 0xdf7e, 
	0xdf7e, 0xdf7e, 0xdf7e, 0xdf7e, 0xdf7e, 0xdf7e, 0xdf7e, 0xdf7e, 0xdf7e, 0xdf7e, 0xdf7e, 0xdf7e, 0xdf7e, 0xdf7e, 0xdf7e, 0xdf7e, 
	0xdf5e, 0xdf5e, 0xd73e, 0xdf5e, 0xc6da, 0x9df2, 0x8db0, 0x95f2, 0xb698, 0xdf5e, 0xd73d, 0xd73e, 0xae59, 0xae79, 0xc6db, 0x8d94, 
	0x6cd0, 0x6cf0, 0x8573, 0xae58, 0xc71c, 0xbefb, 0xbefb, 0xb6fb, 0xb6db, 0xaeda, 0xaeba, 0xaeba, 0xa6ba, 0xa699, 0x9e99, 0x9e99, 
	0x9e99, 0x9679, 0x9679, 0x9679, 0x8e79, 0x8e59, 0x8e59, 0x8658, 0x8658, 0x8658, 0x8638, 0x7e38, 0x7e38, 0x7e38, 0x7e38, 0x7e38, 
	0x7639, 0x7639, 0x7619, 0x7619, 0x7619, 0x7619, 0x7619, 0x7619, 0x6e19, 0x6e19, 0x4a88, 0xc3a3, 0x6a02, 0x92c2, 0xdc23, 0xbb83, 
	0x7285, 0x59e3, 0x4bf0, 0x6e19, 0x6e19, 0x7619, 0x7619, 0x7619, 0x7619, 0x7619, 0x7619, 0x7639, 0x7639, 0x7e38, 0x7e38, 0x7e38, 
	0x7e38, 0x7e38, 0x8638, 0x8658, 0x8658, 0x8658, 0x8e58, 0x8e59, 0x8e79, 0x9679, 0x9679, 0x9679, 0x9e99, 0x9e99, 0x9e99, 0xa699, 
	0xa6ba, 0xaeba, 0xaeba, 0xaeda, 0xb6da, 0xb6db, 0xbefb, 0xbefb, 0xc71c, 0xc71c, 0xcf3d, 0xcf3d, 0xd75e, 0xdf5e, 0xdf5e, 0xdf5e, 
	0xdf5e, 0xdf5e, 0xdf5e, 0xdf5e, 0xdf5e, 0xdf5e, 0xdf5e, 0xdf5e, 0xdf5e, 0xdf5e, 0xdf5e, 0xdf5e, 0xdf5e, 0xdf5e, 0xdf5e, 0xdf5e, 
	0x64f0, 0x8db5, 0x9df7, 0xa615, 0x852c, 0x8d6c, 0x7d4c, 0x7d2d, 0x854c, 0x958d, 0x9daf, 0x8d6f, 0x6cd1, 0x5470, 0x4c2d, 0x4c0b, 
	0x542b, 0x544b, 0x544b, 0x542b, 0x7510, 0xb6da, 0xc71c, 0xbefb, 0xbefb, 0xb6db, 0xb6da, 0xaeda, 0xaeba, 0xa6ba, 0xa6ba, 0xa699, 
	0x9e99, 0x9e99, 0x9e99, 0x9679, 0x9679, 0x9679, 0x8e79, 0x8e79, 0x8e59, 0x8e58, 0x8658, 0x8658, 0x8658, 0x8658, 0x7e38, 0x7e38, 
	0x7e38, 0x7e38, 0x7e38, 0x7e38, 0x7e38, 0x7639, 0x7639, 0x7639, 0x7639, 0x7619, 0x42eb, 0x92c2, 0x7ac6, 0xcbc3, 0xc382, 0xd3e3, 
	0x6245, 0x738d, 0x5451, 0x7619, 0x7639, 0x7639, 0x7639, 0x7639, 0x7638, 0x7e38, 0x7e38, 0x7e38, 0x7e38, 0x7e38, 0x7e38, 0x8658, 
	0x8658, 0x8658, 0x8658, 0x8e58, 0x8e59, 0x8e59, 0x8e79, 0x9679, 0x9679, 0x9679, 0x9e99, 0x9e99, 0x9e99, 0xa699, 0xa6ba, 0xa6ba, 
	0xaeba, 0xaeda, 0xb6da, 0xb6db, 0xbefb, 0xbefb, 0xc71c, 0xc71c, 0xcf1c, 0xcf3d, 0xd73d, 0xd75e, 0xdf5e, 0xdf5e, 0xdf5e, 0xdf5e, 
	0xdf5e, 0xdf5e, 0xdf5e, 0xd73e, 0xdf5e, 0xdf5e, 0xdf5e, 0xdf5e, 0xdf5e, 0xdf5e, 0xdf5e, 0xdf5e, 0xdf5e, 0xdf5e, 0xdf5e, 0xdf5e, 
	0x648a, 0x4c2b, 0x442c, 0x4c4b, 0x7d0c, 0x9d6d, 0xa5cd, 0xadee, 0xbe2e, 0xbe2e, 0xbe2d, 0x9d8d, 0x43ed, 0x4c2d, 0x6ccd, 0x74cb, 
	0x74ca, 0x7cea, 0x84eb, 0x74ca, 0x6caa, 0x8570, 0xbefb, 0xc71c, 0xbefc, 0xbefb, 0xb6fb, 0xb6db, 0xb6da, 0xaeda, 0xaeba, 0xa6ba, 
	0xa6ba, 0xa699, 0x9e99, 0x9e99, 0x9e99, 0x9679, 0x9679, 0x9679, 0x8e79, 0x8e79, 0x8e59, 0x8e59, 0x8e59, 0x8658, 0x8658, 0x8658, 
	0x8658, 0x8638, 0x7e38, 0x7e38, 0x7e38, 0x7e38, 0x7e38, 0x7e38, 0x5c71, 0x10e3, 0x4228, 0x39c6, 0x49e4, 0x9367, 0xdc88, 0xbba4, 
	0xc3a3, 0x5a25, 0x6d96, 0x7e38, 0x7e38, 0x7e38, 0x7e38, 0x7e38, 0x7e38, 0x7e38, 0x7e38, 0x8638, 0x8658, 0x8658, 0x8658, 0x8658, 
	0x8e59, 0x8e59, 0x8e59, 0x8e79, 0x8e79, 0x9679, 0x9679, 0x9679, 0x9e99, 0x9e99, 0x9e99, 0xa699, 0xa6ba, 0xa6ba, 0xaeba, 0xaeba, 
	0xb6da, 0xb6db, 0xb6db, 0xbefb, 0xbefc, 0xc71c, 0xc71c, 0xcf1d, 0xcf3d, 0xd73e, 0xd75e, 0xdf5e, 0xc6fc, 0x9df6, 0x7d32, 0x7511, 
	0x8574, 0xb69a, 0xc6dc, 0xae38, 0xcf1d, 0xd73d, 0xd75e, 0xc6fb, 0x9e14, 0x8dd1, 0x95f2, 0xb697, 0xd75e, 0xd73e, 0xdf5e, 0xdf5e, 
	0x9d6a, 0x854b, 0x64cb, 0x5c8b, 0x5c8b, 0x852d, 0xa5cf, 0xc64f, 0xceaf, 0xce6e, 0xc64e, 0x7d0d, 0x5c6d, 0xa5ad, 0xbe0e, 0xbe0d, 
	0xa58b, 0x9d6a, 0x956b, 0x8d2a, 0x954a, 0x852a, 0xa635, 0xc6fc, 0xc71c, 0xc6fc, 0xbefb, 0xbefb, 0xb6db, 0xb6db, 0xaeda, 0xaeba, 
	0xaeba, 0xa6ba, 0xa6ba, 0xa699, 0x9e99, 0x9e99, 0x9e99, 0x9e79, 0x9679, 0x9679, 0x9679, 0x9679, 0x8e79, 0x8e59, 0x8e59, 0x8e59, 
	0x8e59, 0x8658, 0x8658, 0x8658, 0x8658, 0x8658, 0x8638, 0x6d55, 0x2124, 0x39a5, 0xab22, 0xab22, 0xab42, 0x4141, 0xbb82, 0x92c2, 
	0xec43, 0x41a3, 0x7e38, 0x7e38, 0x8638, 0x8638, 0x8638, 0x8658, 0x8658, 0x8658, 0x8658, 0x8658, 0x8e59, 0x8e59, 0x8e59, 0x8e59, 
	0x8e79, 0x8e79, 0x9679, 0x9679, 0x9679, 0x9679, 0x9e99, 0x9e99, 0x9e99, 0xa699, 0xa6ba, 0xa6ba, 0xaeba, 0xaeba, 0xaeda, 0xb6db, 
	0xb6db, 0xbefb, 0xbefb, 0xc6fc, 0xc71c, 0xcf1d, 0xcf3d, 0xd73d, 0xd75e, 0xdf5e, 0xd73e, 0x9df5, 0x544c, 0x544b, 0x544b, 0x542b, 
	0x4c0b, 0x440c, 0x64b0, 0x5c91, 0x8570, 0x958e, 0x9dae, 0x854d, 0x7d2d, 0x7d4d, 0x854c, 0x8d4b, 0x9dd2, 0xa617, 0xa617, 0x7532, 
	0xa5ab, 0x9dcc, 0x8d6b, 0x7d2a, 0x6ccb, 0x546d, 0x856d, 0x64ec, 0x752c, 0xa5ee, 0xbe70, 0x95af, 0xb60e, 0xc64e, 0xc64f, 0xc650, 
	0xb5ec, 0xadab, 0x9d8c, 0x958d, 0x956b, 0x8d2a, 0x856e, 0xae59, 0xcf1d, 0xc71c, 0xc71c, 0xbefc, 0xbefb, 0xbefb, 0xb6db, 0xb6db, 
	0xaeda, 0xaeba, 0xaeba, 0xa6ba, 0xa6ba, 0xa69a, 0xa699, 0x9e99, 0x9e99, 0x9e99, 0x9679, 0x9679, 0x9679, 0x9679, 0x9679, 0x8e79, 
	0x8e79, 0x8e59, 0x8e59, 0x8e59, 0x8e59, 0x8e59, 0x8659, 0x6c91, 0x2965, 0x7242, 0xdc23, 0xbb83, 0xa302, 0x8282, 0x7221, 0xbb83, 
	0xdc23, 0x42ca, 0x8658, 0x8658, 0x8658, 0x8658, 0x8659, 0x8e59, 0x8e59, 0x8e59, 0x8e59, 0x8e59, 0x8e59, 0x8e79, 0x9679, 0x9679, 
	0x9679, 0x9679, 0x9679, 0x9e99, 0x9e99, 0x9e99, 0x9e99, 0xa699, 0xa6ba, 0xa6ba, 0xaeba, 0xaeba, 0xaeda, 0xb6db, 0xb6db, 0xbefb, 
	0xbefb, 0xbefc, 0xc71c, 0xc71c, 0xcf1d, 0xcf3d, 0xd73e, 0xd75e, 0xdf5e, 0xd75e, 0xa636, 0x6ccb, 0x74aa, 0x7cea, 0x7cea, 0x74ca, 
	0x74ca, 0x74cc, 0x5c6d, 0x3bcd, 0x7d0d, 0xbe0d, 0xbe2e, 0xbe2e, 0xae0e, 0xa5cd, 0x9d8d, 0x852c, 0x5c8b, 0x4c2d, 0x440b, 0x5c6a, 
	0x95ab, 0x9dcc, 0x95ac, 0x856b, 0x5ce9, 0x54cb, 0x5cec, 0x4c8b, 0x54aa, 0x64eb, 0x754d, 0x754e, 0x856e, 0x854e, 0xae12, 0xced6, 
	0xb5ee, 0xb5ed, 0xadee, 0xa5ee, 0x9d8c, 0x8d4a, 0x74eb, 0x8575, 0xcf3d, 0xcf3d, 0xcf1d, 0xc71c, 0xc71c, 0xbefc, 0xbefb, 0xbefb, 
	0xb6db, 0xb6db, 0xb6da, 0xaeba, 0xaeba, 0xaeba, 0xa6ba, 0xa69a, 0xa699, 0x9e99, 0x9e99, 0x9e99, 0x9e99, 0x9e79, 0x9679, 0x9679, 
	0x9679, 0x9679, 0x9676, 0x9654, 0x8e53, 0x8e53, 0x8e53, 0x5b8c, 0x2945, 0x92a2, 0xc3a3, 0x9ac2, 0xb342, 0xab23, 0x5181, 0xc382, 
	0xa323, 0x6cad, 0x7550, 0x7d71, 0x8e56, 0x8e58, 0x8e59, 0x8e59, 0x8e79, 0x9679, 0x9679, 0x9679, 0x9679, 0x9679, 0x9679, 0x9e79, 
	0x9e99, 0x9e99, 0x9e99, 0x9e99, 0xa699, 0xa69a, 0xa6ba, 0xaeba, 0xaeba, 0xaeba, 0xb6da, 0xb6db, 0xb6db, 0xbefb, 0xbefb, 0xbefc, 
	0xc6fc, 0xc71c, 0xcf1d, 0xcf3d, 0xd73e, 0xd73e, 0xd75e, 0xdf5e, 0xd73e, 0xbeba, 0x854c, 0x8d4a, 0x8d2a, 0x956b, 0x9d6a, 0x9d8a, 
	0xb5ec, 0xbe0d, 0xadcd, 0x6cad, 0x648d, 0xbe2e, 0xc66e, 0xce8f, 0xc66f, 0xb60f, 0x852e, 0x64ac, 0x5c8b, 0x5c8b, 0x7d2b, 0x9d6b, 
	0x856b, 0x8d8b, 0x8d8b, 0x7d6b, 0x652a, 0x652b, 0x652c, 0x5d0b, 0x5d0a, 0x5cea, 0x5d0b, 0x54ec, 0x5ccc, 0x64ec, 0x6d0d, 0x7d2f, 
	0x750e, 0x958e, 0xae0f, 0xa5ef, 0xa5ce, 0x956a, 0x74ea, 0xa618, 0xd75e, 0xd73e, 0xcf3d, 0xcf1d, 0xcf1d, 0xc71c, 0xc6fc, 0xbefc, 
	0xbedb, 0xae98, 0xa635, 0x9e12, 0x95f1, 0x95d0, 0x8dd0, 0x8daf, 0x8daf, 0x856c, 0x7d6c, 0x85ac, 0x9650, 0x9e6e, 0x964b, 0x9647, 
	0x9644, 0x9641, 0x9641, 0x9641, 0x9641, 0x9641, 0x9641, 0x63c6, 0x39e7, 0x4162, 0xa302, 0x9ae2, 0x7a42, 0xc382, 0x6a01, 0x7a42, 
	0x51a1, 0x5be0, 0x7d20, 0x7d00, 0x9621, 0x9641, 0x9644, 0x9647, 0x964a, 0x964e, 0x9630, 0x858c, 0x7d4c, 0x7d4b, 0x85af, 0x85af, 
	0x85af, 0x8dd0, 0x8dd1, 0x8df2, 0x9614, 0xa656, 0xaeb9, 0xaeba, 0xb6db, 0xb6db, 0xb6db, 0xbedb, 0xbefc, 0xbefc, 0xc6fc, 0xc71c, 
	0xcf1d, 0xcf1d, 0xcf3d, 0xd73e, 0xd75e, 0xd75e, 0xd75e, 0xd75e, 0xc6dc, 0x8db2, 0x8509, 0x956b, 0x958c, 0x9d8c, 0xa58b, 0xb5cc, 
	0xbe2e, 0xc670, 0xc64e, 0xbe2e, 0x95af, 0xb650, 0xb64f, 0x856c, 0x6cec, 0x7d4d, 0x6ced, 0x5c6b, 0x7d0a, 0x856b, 0x95ac, 0xadcc, 
	0x856b, 0x7d4b, 0x7d6b, 0x754c, 0x754c, 0x7d8d, 0x758e, 0x6d6d, 0x756d, 0x5d2b, 0x652c, 0x5d0b, 0x5d0b, 0x5ceb, 0x4caa, 0x4c8c, 
	0x4c6c, 0x5c8c, 0x64ac, 0x852c, 0x7d2d, 0x95ac, 0x856b, 0x8d70, 0xd73d, 0xb678, 0x95b2, 0x8d91, 0x95d4, 0x95af, 0x854a, 0x74e6, 
	0x6cc4, 0x6cc4, 0x6cc4, 0x6cc4, 0x6cc4, 0x6cc4, 0x6cc4, 0x74e4, 0x7d43, 0x85a2, 0x8e01, 0x9641, 0x9641, 0x9641, 0x9641, 0x9641, 
	0x9641, 0x9641, 0x9641, 0x9641, 0x9641, 0x9641, 0x9641, 0x5bc0, 0x3186, 0x6a22, 0xb362, 0xc3a3, 0xb362, 0x92a2, 0x59c1, 0x0840, 
	0x3220, 0x8580, 0x9641, 0x9641, 0x9641, 0x9641, 0x9641, 0x9641, 0x9641, 0x9641, 0x9641, 0x9641, 0x8e01, 0x85a2, 0x7d43, 0x74e4, 
	0x6cc4, 0x6cc4, 0x6cc4, 0x6cc4, 0x6cc4, 0x6cc4, 0x6cc4, 0x74e6, 0x7d29, 0x8d8d, 0x9e13, 0x95cf, 0xae55, 0xc71c, 0xcf1d, 0xcf1d, 
	0xcf3d, 0xd73e, 0xd73e, 0xd75e, 0xd75e, 0xd75e, 0xd75e, 0xd73e, 0xa639, 0x6ccd, 0x8529, 0x9d8b, 0x9dce, 0xadee, 0xaded, 0xb5ed, 
	0xc694, 0xc695, 0x8d6d, 0x856e, 0x7d4e, 0x756e, 0x6d2c, 0x54ca, 0x4c6a, 0x5ccc, 0x5ceb, 0x5cca, 0x7d4a, 0x9dcc, 0x95ac, 0x9dcc, 
	0x752b, 0x6d2b, 0x754c, 0x754c, 0x652b, 0x6d4c, 0x754c, 0x756d, 0x652c, 0x654c, 0x652c, 0x6d4d, 0x5d0b, 0x54eb, 0x4cab, 0x4cac, 
	0x448b, 0x4c6b, 0x4c6c, 0x546b, 0x64ac, 0x7d4e, 0x754c, 0x6cea, 0x958d, 0x8d2a, 0x7d09, 0x8d29, 0x7ce9, 0x5c69, 0x7d2d, 0x854b, 
	0x6cc4, 0x6ca5, 0x6487, 0x6487, 0x64a7, 0x7526, 0x8de2, 0x9641, 0x9622, 0x9641, 0x9641, 0x9641, 0x9641, 0x9641, 0x9641, 0x9641, 
	0x9641, 0x9641, 0x9641, 0x9641, 0x9641, 0x9641, 0x9641, 0x9621, 0x3221, 0x18a0, 0x59c1, 0x8262, 0x7a41, 0x5181, 0x2980, 0x6460, 
	0x9620, 0x9641, 0x9641, 0x9641, 0x9641, 0x9641, 0x9641, 0x9641, 0x9641, 0x9641, 0x9641, 0x9641, 0x9641, 0x9641, 0x9641, 0x9641, 
	0x8e01, 0x8582, 0x7523, 0x6cc4, 0x6cc4, 0x6cc4, 0x6cc4, 0x6cc4, 0x6cc4, 0x6cc4, 0x6cc4, 0x6cc4, 0x6cc4, 0x74e7, 0x9df1, 0xb697, 
	0xd71d, 0xd73e, 0xd73e, 0xd73e, 0xd73e, 0xd73e, 0xd73e, 0xd73e, 0xbe9b, 0x74cd, 0x8d4a, 0x9dad, 0xa5ef, 0xb60f, 0xa5cf, 0x7d2e, 
	0x7d2f, 0x752e, 0x64ec, 0x5ccc, 0x54cc, 0x5d0b, 0x5d0b, 0x54e9, 0x5d0b, 0x5d0c, 0x652c, 0x650a, 0x754b, 0x858c, 0x8d8b, 0x8d8b, 
	0x6d2b, 0x64ea, 0x650b, 0x650b, 0x5cea, 0x650b, 0x6d2b, 0x650b, 0x650b, 0x650b, 0x5d0b, 0x652c, 0x654c, 0x5d2c, 0x4cab, 0x4cac, 
	0x4c8c, 0x4c8b, 0x446b, 0x444b, 0x444b, 0x546d, 0x6d0c, 0x6d0a, 0x8d6a, 0x8d4a, 0x8d4a, 0x8529, 0x74e9, 0x74c8, 0x5c69, 0x8572, 
	0x64ca, 0x546a, 0x546a, 0x5caa, 0x5c8a, 0x5caa, 0x6d08, 0x7d85, 0x6d2d, 0x9608, 0x9624, 0x7584, 0x6d26, 0x7584, 0x8e21, 0x9641, 
	0x9641, 0x9641, 0x9641, 0x9641, 0x9641, 0x9641, 0x9641, 0x9641, 0x9621, 0x8de0, 0x8de0, 0x8dc0, 0x6460, 0x6420, 0x9601, 0x9641, 
	0x9641, 0x9641, 0x9641, 0x9641, 0x9641, 0x9641, 0x9641, 0x9641, 0x9641, 0x9641, 0x9641, 0x9641, 0x9641, 0x9641, 0x9641, 0x9641, 
	0x9641, 0x9641, 0x9641, 0x9621, 0x85c2, 0x8de1, 0x7d62, 0x7d62, 0x6cc4, 0x6cc4, 0x6cc4, 0x6cc4, 0x6cc4, 0x6cc4, 0x6cc4, 0x6cc4, 
	0x6cc5, 0x854a, 0x9dcf, 0x9df4, 0x9dd4, 0x8d92, 0xae36, 0xcf1d, 0xa615, 0x7d4b, 0x8d8c, 0x856d, 0x7d2d, 0x6cec, 0x5c8c, 0x548c, 
	0x4c8c, 0x4cab, 0x54ca, 0x5d0b, 0x5d0b, 0x5d2c, 0x5d2b, 0x6d4c, 0x6d6d, 0x758e, 0x7dae, 0x756c, 0x754c, 0x7d6c, 0x7d4b, 0x7d6b, 
	0x5cc9, 0x54c9, 0x54c9, 0x5cea, 0x5cea, 0x5d0a, 0x650a, 0x650b, 0x5cea, 0x5cca, 0x5cc9, 0x5cea, 0x650b, 0x756d, 0x650c, 0x54cc, 
	0x54cc, 0x446b, 0x4c8b, 0x3c4b, 0x3c2b, 0x3c0c, 0x546b, 0x4c4b, 0x6cea, 0x854a, 0x852a, 0x7d09, 0x7d29, 0x7d09, 0x74c9, 0x4c2b, 
	0x544c, 0x6ceb, 0x6d0a, 0x752a, 0x750a, 0x6ce9, 0x64c9, 0x5cc8, 0x444a, 0x4c4e, 0x440b, 0x33eb, 0x442b, 0x444a, 0x6507, 0x9621, 
	0x9641, 0x9641, 0x9641, 0x9641, 0x9641, 0x9641, 0x9641, 0x9641, 0x9641, 0x9641, 0x9641, 0x9641, 0x9641, 0x9641, 0x9641, 0x9641, 
	0x9641, 0x9641, 0x9641, 0x9641, 0x9641, 0x9641, 0x9641, 0x9641, 0x9641, 0x9641, 0x9641, 0x9641, 0x9641, 0x9641, 0x9641, 0x9641, 
	0x9641, 0x9641, 0x9641, 0x9641, 0x9641, 0x9641, 0x9641, 0x8de2, 0x7d43, 0x6cc4, 0x6cc6, 0x64a7, 0x6487, 0x6487, 0x6ca5, 0x6cc4, 
	0x74e7, 0x8d8f, 0x5469, 0x6ca9, 0x8529, 0x7d09, 0x8d2a, 0x8d6b, 0x750b, 0x752b, 0x754e, 0x6d0d, 0x5c8c, 0x4c6c, 0x4c6c, 0x4c8b, 
	0x4c8c, 0x4cab, 0x54eb, 0x550b, 0x654c, 0x654c, 0x652c, 0x6d4c, 0x6d4c, 0x756d, 0x6d4c, 0x6d2c, 0x754c, 0x754c, 0x6d2b, 0x6d2b, 
	0x54c9, 0x4ca9, 0x4ca9, 0x4ca9, 0x54c9, 0x5cea, 0x5cea, 0x7d6d, 0x5cea, 0x5cc9, 0x54a9, 0x54a9, 0x5cc9, 0x5cea, 0x5ceb, 0x4cab, 
	0x54cc, 0x54cc, 0x4c8b, 0x446b, 0x340b, 0x3c4b, 0x444b, 0x340a, 0x3c4a, 0x4469, 0x5c89, 0x7d0a, 0x958d, 0x852a, 0x7d0a, 0x64cc, 
	0x752c, 0x6d0c, 0x6d0b, 0x6d0a, 0x7d2b, 0x7d4a, 0x6d09, 0x5cc8, 0x4c69, 0x2bac, 0x3beb, 0x4c6a, 0x5ce9, 0x5cc9, 0x4c89, 0x6525, 
	0x8e03, 0x9623, 0x9621, 0x9641, 0x9641, 0x9641, 0x9641, 0x9641, 0x9641, 0x9641, 0x9641, 0x9641, 0x9641, 0x9641, 0x9641, 0x9641, 
	0x9641, 0x9641, 0x9641, 0x9641, 0x9641, 0x9641, 0x9641, 0x9641, 0x9641, 0x9641, 0x9641, 0x9641, 0x9641, 0x9641, 0x9641, 0x9641, 
	0x9641, 0x9621, 0x85c3, 0x6d45, 0x7565, 0x8e02, 0x9e2a, 0x7d6a, 0x7d86, 0x7547, 0x5caa, 0x5c8a, 0x5c8a, 0x548a, 0x544a, 0x5c89, 
	0x8551, 0x64ab, 0x6ca8, 0x74e8, 0x7d09, 0x854a, 0x8d4a, 0x8d6a, 0x752a, 0x6d0b, 0x5cae, 0x4c6c, 0x444b, 0x446b, 0x446b, 0x4c8c, 
	0x4cac, 0x4cab, 0x550b, 0x654c, 0x652c, 0x650b, 0x650b, 0x650b, 0x6d0b, 0x650b, 0x652b, 0x5cea, 0x650b, 0x650b, 0x5cea, 0x6d0b, 
	0x4cc9, 0x4ca9, 0x4ca8, 0x4c88, 0x4ca9, 0x4caa, 0x54ca, 0x9e13, 0x7d8f, 0x5cea, 0x54a9, 0x5cc9, 0x54c9, 0x54c9, 0x54c9, 0x4ca9, 
	0x4caa, 0x54ec, 0x54cc, 0x448b, 0x3c2b, 0x3c4c, 0x444c, 0x442b, 0x3c4a, 0x3c69, 0x3c49, 0x548a, 0xbe95, 0x852b, 0x6ceb, 0x5ccc, 
	0x4c8b, 0x446b, 0x444b, 0x4c4b, 0x64cb, 0x754b, 0x7d6c, 0x752a, 0x546b, 0x3bec, 0x548a, 0x54c9, 0x64ea, 0x650a, 0x54c9, 0x444a, 
	0x4c6c, 0x754f, 0x85e7, 0x85e5, 0x9621, 0x9641, 0x9641, 0x9641, 0x9641, 0x9641, 0x9641, 0x9641, 0x9641, 0x9641, 0x9641, 0x9641, 
	0x9641, 0x9641, 0x9641, 0x9641, 0x9641, 0x9641, 0x9641, 0x9641, 0x9641, 0x9641, 0x9641, 0x9641, 0x9641, 0x9641, 0x9641, 0x9641, 
	0x9641, 0x7584, 0x444a, 0x442b, 0x3beb, 0x3c0b, 0x548d, 0x440c, 0x5cc8, 0x64c8, 0x6ce9, 0x7509, 0x750a, 0x6d0a, 0x6cea, 0x5cac, 
	0x440c, 0x6ca9, 0x7ce8, 0x7d09, 0x7d29, 0x8529, 0x8d4a, 0x7d2a, 0x548b, 0x546b, 0x442c, 0x3c2b, 0x3c2a, 0x4c8b, 0x446b, 0x4cac, 
	0x54cc, 0x5cec, 0x756d, 0x652b, 0x5cea, 0x5cc9, 0x5cea, 0x5cea, 0x650b, 0x650b, 0x64ea, 0x5cea, 0x5cea, 0x54c9, 0x54c9, 0x54c9, 
	0x4ca8, 0x4ca9, 0x4469, 0x3c49, 0x3c2a, 0x3c2a, 0x3c2a, 0x54ad, 0x4c8c, 0x444b, 0x446a, 0x54aa, 0x54c9, 0x5cc9, 0x5cc9, 0x54a9, 
	0x4c8a, 0x4cab, 0x54cc, 0x4cab, 0x44aa, 0x54cb, 0x754e, 0x650d, 0x64eb, 0x5cea, 0x4488, 0x54ca, 0x6d2c, 0x548b, 0x548b, 0x4c8b, 
	0x446b, 0x446a, 0x3c4a, 0x3c2b, 0x442c, 0x4c6c, 0x6d2c, 0x858d, 0x64cc, 0x5ccd, 0x8dad, 0x856c, 0x854c, 0x7d4c, 0x858d, 0x858d, 
	0x5cad, 0x5ced, 0x652d, 0x6d6d, 0x7daa, 0x9621, 0x9641, 0x9641, 0x9641, 0x9641, 0x9641, 0x9641, 0x9641, 0x9641, 0x9641, 0x9641, 
	0x9641, 0x9641, 0x9641, 0x9641, 0x9641, 0x9641, 0x9641, 0x9641, 0x9641, 0x9641, 0x9641, 0x9641, 0x9641, 0x9641, 0x9622, 0x9623, 
	0x7584, 0x4c88, 0x54a9, 0x5ce9, 0x54aa, 0x3c0b, 0x2bac, 0x3c0a, 0x5ca8, 0x64e9, 0x7d2a, 0x7d2a, 0x750a, 0x6d0b, 0x6d2b, 0x752c, 
	0x6cec, 0x74ea, 0x852a, 0x8d4b, 0x8d4b, 0x64a9, 0x4c49, 0x444a, 0x340a, 0x442b, 0x444b, 0x340b, 0x3c2b, 0x4c8b, 0x4cac, 0x54cc, 
	0x4cab, 0x54cb, 0x650a, 0x5cca, 0x54c9, 0x54a8, 0x54c9, 0x5cea, 0x754d, 0x650b, 0x5cea, 0x54ea, 0x54a9, 0x54a9, 0x4ca9, 0x54a9, 
	0x3c48, 0x3c49, 0x3c4a, 0x3429, 0x3429, 0x3409, 0x3409, 0x3c2a, 0x3c2a, 0x3c2b, 0x3c0b, 0x3c0a, 0x4c6a, 0x54aa, 0x64cb, 0x5ccb, 
	0x54aa, 0x5cca, 0x54aa, 0x54eb, 0x5d0b, 0x5d2b, 0x756d, 0x758d, 0x5cea, 0x4ca8, 0x54e9, 0x4cca, 0x4cca, 0x652c, 0x5cec, 0x4c8b, 
	0x448a, 0x4caa, 0x448a, 0x3c4a, 0x3c4a, 0x3c2b, 0x64ef, 0xa653, 0x7d6f, 0x8db0, 0x95ef, 0x95cf, 0x8dad, 0x8d8c, 0x8d8d, 0x8d8d, 
	0x7d8e, 0x7dae, 0x756e, 0x6d8e, 0x654d, 0x85c5, 0x9621, 0x9641, 0x9641, 0x9641, 0x9641, 0x9641, 0x9641, 0x9641, 0x9641, 0x9641, 
	0x9641, 0x9641, 0x9641, 0x9641, 0x9641, 0x9641, 0x9641, 0x9641, 0x9641, 0x9641, 0x9641, 0x9621, 0x8e03, 0x85e5, 0x7d8e, 0x5cce, 
	0x444a, 0x4ca9, 0x650a, 0x64ea, 0x5cca, 0x5caa, 0x3c0c, 0x440b, 0x6d0a, 0x7d4b, 0x7d6c, 0x6d0b, 0x548a, 0x444b, 0x446b, 0x4c6b, 
	0x5ccc, 0x6ceb, 0x7d0b, 0xae11, 0x7d4e, 0x4428, 0x3c49, 0x3c69, 0x3c2b, 0x442c, 0x444c, 0x340b, 0x446b, 0x4cac, 0x54ec, 0x4cab, 
	0x4ca9, 0x54a9, 0x54c9, 0x54c9, 0x5cc9, 0x54c9, 0x54ca, 0x6d2c, 0xa634, 0x650c, 0x4caa, 0x54a9, 0x4c89, 0x4c88, 0x4ca9, 0x4cc9, 
	0x3448, 0x3c49, 0x3c49, 0x3c49, 0x3c49, 0x3429, 0x3c29, 0x3409, 0x3429, 0x3c2a, 0x3c4a, 0x342a, 0x340b, 0x3c0b, 0x4c6b, 0x54ab, 
	0x548b, 0x5cab, 0x64ea, 0x650b, 0x652c, 0x652b, 0x654c, 0x6d4c, 0x54ea, 0x44a8, 0x44a8, 0x44a9, 0x4cca, 0x652c, 0x5d0c, 0x54ca, 
	0x4cc9, 0x44a9, 0x44a9, 0x4489, 0x446a, 0x3c4a, 0x5cae, 0x7d90, 0x6d4d, 0x85af, 0x95f0, 0x95cf, 0x8dad, 0x858c, 0x7d6c, 0x8d8d, 
	0x8dcf, 0x9631, 0x8e10, 0x7daf, 0x54cd, 0x4c6c, 0x7585, 0x9621, 0x9641, 0x9641, 0x9641, 0x9641, 0x9641, 0x9641, 0x9641, 0x9641, 
	0x9641, 0x9641, 0x9641, 0x9641, 0x9641, 0x9641, 0x9641, 0x9641, 0x9641, 0x9641, 0x9641, 0x85e5, 0x6d6d, 0x652d, 0x5d0d, 0x54ad, 
	0x754d, 0x858d, 0x7d6c, 0x7d4b, 0x7d4c, 0x8d8d, 0x6d0d, 0x548c, 0x7d6c, 0x756c, 0x54ac, 0x444c, 0x3c2b, 0x3c2a, 0x444a, 0x446b, 
	0x4c6b, 0x54ab, 0x4c4b, 0x6d0b, 0x5d0b, 0x4488, 0x54c9, 0x650b, 0x64cc, 0x752e, 0x5cec, 0x4caa, 0x4caa, 0x54cc, 0x4cab, 0x548b, 
	0x4ca9, 0x54c9, 0x5cc9, 0x54c9, 0x5cc9, 0x4c8a, 0x446a, 0x4c6b, 0x5cce, 0x444b, 0x3c2a, 0x3c2a, 0x3c49, 0x4469, 0x4ca9, 0x4ca9, 
	0x3c67, 0x3c67, 0x4468, 0x3c88, 0x4488, 0x3c68, 0x3c68, 0x3429, 0x3429, 0x3c29, 0x3c4a, 0x3c4a, 0x444a, 0x444b, 0x4c6c, 0x64eb, 
	0x64ec, 0x5ccc, 0x64eb, 0x6d0b, 0x754c, 0x754d, 0x6d4c, 0x654c, 0x654d, 0x5d0b, 0x4cc9, 0x44a9, 0x44a9, 0x652c, 0x5d0c, 0x54ea, 
	0x54ca, 0x4cca, 0x44a9, 0x3c88, 0x3c88, 0x3c89, 0x3c6a, 0x4489, 0x4ca9, 0x5d0b, 0x756d, 0x6d4c, 0x6d2b, 0x650a, 0x650a, 0x756c, 
	0x8dce, 0x9e31, 0x9e52, 0x9611, 0x758f, 0x64ee, 0x548c, 0x8e21, 0x9641, 0x9641, 0x9641, 0x9641, 0x9641, 0x9641, 0x9641, 0x9641, 
	0x9641, 0x9641, 0x9641, 0x9641, 0x9641, 0x9641, 0x9641, 0x9641, 0x9641, 0x9621, 0x8e02, 0x6d4c, 0x6d6d, 0x756e, 0x758e, 0x7d8e, 
	0x858d, 0x8d8d, 0x8d6c, 0x8d8d, 0x95ce, 0x9def, 0x8dcf, 0x754f, 0x9611, 0x7d91, 0x3c2c, 0x3c4b, 0x3c4a, 0x3c6a, 0x4caa, 0x4caa, 
	0x448b, 0x54cb, 0x652c, 0x54ea, 0x4cca, 0x54ea, 0x54c9, 0x54c9, 0x756c, 0x758d, 0x652c, 0x5d0b, 0x5ceb, 0x4cab, 0x5cca, 0x54aa, 
	0x5caa, 0x64eb, 0x5caa, 0x4c8a, 0x3c2a, 0x3c0b, 0x3c2b, 0x3c2a, 0x3c2a, 0x3c2a, 0x3409, 0x3409, 0x3429, 0x3c4a, 0x3c4a, 0x3c49
};


// ===== DANGER IMAGE =====
const uint16_t epd_bitmap_DANGER [] PROGMEM = {
	0xf986, 0xf986, 0xd945, 0x4062, 0x0800, 0x68a3, 0xe145, 0xf986, 0xf986, 0xf986, 0xf986, 0xf165, 0xf165, 0xf165, 0xf165, 0xe965, 
	0xe965, 0xe145, 0x68a2, 0x4862, 0xd145, 0xd945, 0xd945, 0xd945, 0xd945, 0xd945, 0xd145, 0xd145, 0xd145, 0xd145, 0xd145, 0xd145, 
	0xc945, 0xc924, 0xc924, 0xc924, 0xc924, 0xc924, 0xc924, 0xc924, 0xc924, 0xc124, 0xc124, 0xc124, 0xc124, 0xc124, 0xc124, 0xc124, 
	0xc124, 0xc124, 0xc124, 0xc124, 0xc124, 0xc124, 0xc124, 0xc124, 0xc124, 0xb924, 0xb104, 0xa904, 0xb104, 0xb104, 0xb924, 0xc124, 
	0xc124, 0xc124, 0xc124, 0xc124, 0xc124, 0xc124, 0xc124, 0xc124, 0xc124, 0xc124, 0xc124, 0xc124, 0xc124, 0xc124, 0xc124, 0xc124, 
	0xc124, 0xc124, 0xc124, 0xc124, 0xc124, 0xc124, 0xc124, 0xc924, 0xc924, 0xc924, 0xc924, 0xc924, 0xc924, 0xc924, 0xc924, 0xc945, 
	0xd145, 0xd145, 0xd145, 0xd145, 0xd145, 0xd145, 0xd945, 0xd945, 0xd945, 0xd945, 0xe145, 0xe145, 0xe165, 0xe165, 0xe965, 0xe965, 
	0xb104, 0x88e4, 0xe165, 0xf165, 0xf986, 0xf986, 0xf986, 0xf986, 0xf986, 0xf986, 0xf986, 0xf986, 0xf186, 0xf186, 0xe965, 0x78c3, 
	0xf986, 0xf986, 0xf165, 0xc945, 0x3861, 0x0000, 0x4062, 0xc125, 0xf166, 0xf986, 0xf165, 0xf165, 0xe965, 0xe965, 0xe965, 0xe165, 
	0xd965, 0xe145, 0xc124, 0x3041, 0x88e3, 0xd145, 0xd945, 0xd145, 0xd145, 0xd145, 0xd145, 0xc924, 0xc945, 0xc945, 0xc924, 0xc924, 
	0xc924, 0xc924, 0xc924, 0xc924, 0xc924, 0xc124, 0xc124, 0xc124, 0xc124, 0xc124, 0xc124, 0xc124, 0xc124, 0xc124, 0xc124, 0xc124, 
	0xc124, 0xc124, 0xc124, 0xc124, 0xc124, 0xb924, 0xb104, 0xb104, 0xa0e4, 0x60a2, 0x4062, 0x4061, 0x4862, 0x5882, 0x78c3, 0x98e4, 
	0xb104, 0xc124, 0xc124, 0xc124, 0xc124, 0xc124, 0xc124, 0xc124, 0xc124, 0xc124, 0xc124, 0xc124, 0xc124, 0xc124, 0xc124, 0xc124, 
	0xc124, 0xc124, 0xc124, 0xc124, 0xc124, 0xc124, 0xc124, 0xc124, 0xc124, 0xc124, 0xc924, 0xc924, 0xc924, 0xc924, 0xc924, 0xc924, 
	0xc924, 0xc924, 0xc945, 0xd145, 0xd145, 0xd145, 0xd145, 0xd145, 0xd945, 0xd945, 0xd945, 0xd945, 0xd945, 0xe145, 0xe165, 0xd145, 
	0x4882, 0x90e4, 0xe965, 0xf165, 0xf165, 0xf165, 0xf186, 0xf986, 0xf986, 0xf986, 0xf986, 0xf986, 0xf986, 0xe165, 0x68c3, 0x0820, 
	0x88e4, 0xe165, 0xe965, 0xf166, 0xc945, 0x3862, 0x0000, 0x1821, 0x70a3, 0xd145, 0xe965, 0xe165, 0xd965, 0xe965, 0xe165, 0xe145, 
	0xd945, 0xd945, 0xd945, 0x90e3, 0x3041, 0xa904, 0xd145, 0xd145, 0xd145, 0xd145, 0xc124, 0xb124, 0xc924, 0xc924, 0xc924, 0xc924, 
	0xc924, 0xc924, 0xc124, 0xc124, 0xc124, 0xc124, 0xc124, 0xc124, 0xc124, 0xc124, 0xc124, 0xc124, 0xc124, 0xc124, 0xc124, 0xc124, 
	0xc124, 0xb924, 0xa904, 0x90e3, 0x70a3, 0x5882, 0x4882, 0x5082, 0x4061, 0x3041, 0x3041, 0x3041, 0x3041, 0x3041, 0x3041, 0x4061, 
	0x6082, 0xa104, 0xb924, 0xb924, 0xc124, 0xc124, 0xc124, 0xc124, 0xc124, 0xc124, 0xc124, 0xc124, 0xc124, 0xc124, 0xc124, 0xc124, 
	0xc124, 0xc124, 0xc124, 0xc124, 0xc124, 0xc124, 0xc124, 0xc124, 0xc124, 0xc124, 0xc124, 0xc124, 0xc124, 0xc124, 0xc924, 0xc924, 
	0xc924, 0xc924, 0xc924, 0xc924, 0xc945, 0xd145, 0xd145, 0xd145, 0xd145, 0xd145, 0xd145, 0xd945, 0xd945, 0xd945, 0xd945, 0x70c3, 
	0x3862, 0xd145, 0xe965, 0xe965, 0xe965, 0xe965, 0xd145, 0xf165, 0xf986, 0xf986, 0xf186, 0xd145, 0x98e4, 0x4082, 0x2841, 0x90e4, 
	0x0800, 0x3041, 0x78c3, 0xc925, 0xe965, 0xc945, 0x4062, 0x0800, 0x0800, 0x3861, 0x9904, 0xd945, 0xe165, 0xe145, 0xd945, 0xd945, 
	0xd945, 0xd945, 0xd145, 0xc124, 0x5082, 0x4882, 0xc124, 0xc945, 0xc945, 0xc924, 0xc124, 0xc924, 0xc924, 0xc124, 0xc124, 0xc124, 
	0xc124, 0xc124, 0xc124, 0xc124, 0xc124, 0xc124, 0xc124, 0xc124, 0xc124, 0xc124, 0xc124, 0xc124, 0xc124, 0xc124, 0xc124, 0xb924, 
	0xa104, 0x68a3, 0x4062, 0x3841, 0x3841, 0x3041, 0x3041, 0x3041, 0x3041, 0x3041, 0x3041, 0x3841, 0x3841, 0x3841, 0x3841, 0x3841, 
	0x3841, 0x4862, 0x88e3, 0xb924, 0xb924, 0xb924, 0xb924, 0xc124, 0xc124, 0xc124, 0xc124, 0xc124, 0xc124, 0xc124, 0xc124, 0xc124, 
	0xc124, 0xc124, 0xc124, 0xc124, 0xc124, 0xc124, 0xc124, 0xc124, 0xc124, 0xc124, 0xc124, 0xc124, 0xc124, 0xc124, 0xc124, 0xc124, 
	0xc124, 0xc924, 0xc924, 0xc924, 0xc924, 0xc924, 0xc924, 0xc945, 0xd145, 0xd145, 0xd145, 0xd145, 0xd145, 0xd145, 0x90e3, 0x2841, 
	0x90e3, 0xd945, 0xd945, 0xc925, 0xe145, 0xe965, 0xe965, 0xe965, 0xe145, 0xa104, 0x5082, 0x1821, 0x1020, 0x4882, 0xc125, 0xf186, 
	0x0000, 0x0000, 0x0000, 0x2021, 0x5082, 0x70a3, 0x70c3, 0x2841, 0x0000, 0x0000, 0x1020, 0x5882, 0xb924, 0xd945, 0xb924, 0xc945, 
	0xd945, 0xd145, 0xd145, 0xd145, 0xb924, 0x4862, 0x6082, 0xb104, 0xc924, 0xc924, 0xc124, 0xc924, 0xc124, 0xc124, 0xb924, 0xc124, 
	0xc124, 0xc124, 0xc124, 0xc124, 0xc124, 0xc124, 0xc124, 0xc124, 0xc124, 0xc124, 0xc124, 0xc124, 0xc124, 0xb924, 0xb924, 0x90e3, 
	0x5082, 0x3841, 0x3841, 0x3841, 0x3841, 0x3841, 0x3841, 0x3841, 0x3841, 0x3841, 0x3861, 0x3861, 0x3861, 0x3861, 0x3861, 0x3861, 
	0x3861, 0x4061, 0x5062, 0x98e4, 0xb924, 0xb924, 0xb924, 0xb924, 0xb924, 0xb924, 0xb924, 0xb924, 0xb924, 0xb924, 0xb924, 0xc124, 
	0xc124, 0xc124, 0xc124, 0xc124, 0xc124, 0xc124, 0xc124, 0xc124, 0xc124, 0xc124, 0xc124, 0xc124, 0xc124, 0xc124, 0xc124, 0xc124, 
	0xc124, 0xc124, 0xc124, 0xc924, 0xc924, 0xc924, 0xc924, 0xc924, 0xc924, 0xc945, 0xd145, 0xd145, 0xd145, 0x98e4, 0x2041, 0x4882, 
	0xc945, 0xd945, 0xd145, 0xb924, 0xd945, 0xe165, 0xe145, 0x90e4, 0x4062, 0x0821, 0x0001, 0x0800, 0x68a3, 0xe165, 0xf986, 0xf986, 
	0x2841, 0x0800, 0x0000, 0x0000, 0x0000, 0x0000, 0x0800, 0x0800, 0x0000, 0x0000, 0x0000, 0x0800, 0x2841, 0x80c3, 0xb924, 0xc124, 
	0xc945, 0xd145, 0xd145, 0xc945, 0xc924, 0x98e4, 0x3041, 0x4062, 0x98e4, 0xc124, 0xc124, 0xc124, 0xc124, 0xc124, 0xc124, 0xc124, 
	0xc124, 0xc124, 0xc124, 0xc124, 0xb924, 0xc124, 0xc124, 0xc124, 0xc124, 0xc124, 0xc124, 0xb924, 0xb924, 0xb924, 0x98e4, 0x4862, 
	0x3861, 0x3861, 0x4061, 0x4061, 0x4061, 0x4061, 0x4061, 0x4061, 0x4061, 0x4061, 0x4061, 0x4061, 0x4061, 0x4061, 0x4061, 0x4061, 
	0x4061, 0x4061, 0x4861, 0x70c3, 0xb104, 0xb924, 0xb924, 0xb924, 0xb924, 0xb924, 0xb924, 0xb924, 0xb924, 0xb924, 0xb924, 0xb924, 
	0xb924, 0xb924, 0xb924, 0xb924, 0xc124, 0xc124, 0xc124, 0xc124, 0xc124, 0xc124, 0xc124, 0xc124, 0xc124, 0xc124, 0xc124, 0xc124, 
	0xc124, 0xc124, 0xc124, 0xc124, 0xc124, 0xc124, 0xc924, 0xc924, 0xc924, 0xc924, 0xc924, 0xc924, 0x90e3, 0x3041, 0x4882, 0xa904, 
	0xc945, 0xd945, 0xd945, 0xd145, 0xc124, 0x90e4, 0x4862, 0x1020, 0x0000, 0x0000, 0x0000, 0x2841, 0xd145, 0xf986, 0xf986, 0xf986, 
	0xa104, 0x80e3, 0x2841, 0x0800, 0x2841, 0x1020, 0x0000, 0x0000, 0x0000, 0x0000, 0x0000, 0x0800, 0x0800, 0x0800, 0x2841, 0x4862, 
	0x70c3, 0x98e4, 0xb924, 0xc924, 0xc924, 0xc124, 0x80c3, 0x2041, 0x2841, 0x80c3, 0xb924, 0xc124, 0xc124, 0xc124, 0xc124, 0xc124, 
	0xc124, 0xc124, 0xc124, 0xb104, 0xa104, 0xb924, 0xb924, 0xb924, 0xb924, 0xb924, 0xb924, 0xb924, 0xb924, 0xb924, 0x80c3, 0x60a2, 
	0x68a2, 0x68a2, 0x70a3, 0x68a2, 0x6082, 0x4862, 0x4861, 0x4861, 0x4861, 0x4861, 0x4861, 0x4861, 0x4861, 0x4861, 0x4861, 0x4861, 
	0x4861, 0x4861, 0x4862, 0x60a2, 0xb104, 0xb924, 0xc124, 0xc124, 0xc124, 0xb924, 0xb924, 0xb924, 0xb924, 0xb924, 0xb924, 0xb924, 
	0xb924, 0xb924, 0xb924, 0xb924, 0xb924, 0xb924, 0xb924, 0xb924, 0xc124, 0xc124, 0xc124, 0xc124, 0xc124, 0xc124, 0xc124, 0xc124, 
	0xc124, 0xb924, 0xb924, 0xc124, 0xc124, 0xc124, 0xc124, 0xc124, 0xb104, 0xa904, 0xb924, 0x78c3, 0x2841, 0x4062, 0x90e3, 0x60a2, 
	0x88c3, 0xc124, 0x9904, 0x70c3, 0x3041, 0x0800, 0x0000, 0x0000, 0x0000, 0x0000, 0x2021, 0x80c3, 0xe965, 0xf165, 0xf166, 0xc945, 
	0xe965, 0xe165, 0xc125, 0x90e4, 0xc125, 0xa904, 0x60a3, 0x2841, 0x2041, 0x2841, 0x2841, 0x1000, 0x0800, 0x0800, 0x0800, 0x1000, 
	0x1020, 0x2021, 0x3862, 0x68a3, 0x88e3, 0xb104, 0xb124, 0x4862, 0x2021, 0x2841, 0x70a3, 0xa904, 0xb924, 0xc124, 0xb924, 0xb924, 
	0xc124, 0xb124, 0xa104, 0xb924, 0xb924, 0xb924, 0xb924, 0xb924, 0xb924, 0xb924, 0xb924, 0xb924, 0xb924, 0xb924, 0xb104, 0xb104, 
	0xb924, 0xb924, 0xb924, 0xb924, 0xb104, 0x98e4, 0x70a3, 0x5082, 0x5082, 0x5082, 0x5082, 0x5082, 0x5082, 0x5082, 0x5082, 0x5082, 
	0x5082, 0x5082, 0x5082, 0x5882, 0x90e3, 0xb924, 0xc124, 0xc124, 0xc124, 0xc124, 0xc124, 0xc124, 0xc124, 0xc124, 0xc124, 0xc124, 
	0xb924, 0xb924, 0xb924, 0xb924, 0xb924, 0xb924, 0xb924, 0xb924, 0xb924, 0xb924, 0xb924, 0xb924, 0xc124, 0xc124, 0xc124, 0xc124, 
	0xc124, 0xc124, 0xb924, 0xb924, 0xa104, 0xb924, 0xc124, 0xb924, 0x78c3, 0x80c3, 0x5082, 0x3861, 0x6082, 0x4882, 0x2841, 0x1020, 
	0x3041, 0x3861, 0x1821, 0x0800, 0x0800, 0x0800, 0x0000, 0x0000, 0x1020, 0x70a3, 0xb924, 0xd945, 0xc124, 0x88e3, 0x5082, 0x2041, 
	0x4062, 0x4882, 0x60a3, 0x80e3, 0x98e4, 0xb104, 0xc945, 0xc945, 0xb924, 0xa924, 0xb124, 0x78c3, 0x3041, 0x1020, 0x1000, 0x1000, 
	0x1020, 0x1821, 0x1821, 0x1820, 0x2021, 0x3861, 0x60a2, 0x60a2, 0x3841, 0x2041, 0x2841, 0x5082, 0x90e3, 0xb104, 0x88e3, 0x90e3, 
	0xb924, 0xb104, 0x78c3, 0xa904, 0xb924, 0xa104, 0x90e4, 0x88e3, 0xb924, 0xb924, 0xb924, 0xb924, 0xb924, 0xb924, 0xb924, 0xb924, 
	0xb924, 0xb924, 0xc124, 0xc124, 0xc124, 0xc124, 0xa904, 0x68a2, 0x5882, 0x5882, 0x5882, 0x5882, 0x5882, 0x5882, 0x5882, 0x5882, 
	0x5882, 0x5882, 0x5882, 0x5882, 0x68a2, 0xa904, 0xc124, 0xc124, 0xc124, 0xc124, 0xc124, 0xc124, 0xc124, 0xc124, 0xc124, 0xc124, 
	0xc124, 0xc124, 0xc124, 0xc124, 0xb924, 0xb924, 0xb924, 0xb924, 0xb924, 0xb924, 0xb924, 0xb924, 0xb924, 0xb924, 0xb924, 0xc124, 
	0xc124, 0xc124, 0xc124, 0xc124, 0xb104, 0xb924, 0xb924, 0x88c3, 0x3862, 0x4062, 0x5082, 0x60a2, 0x3841, 0x1820, 0x1021, 0x1020, 
	0x1000, 0x1000, 0x0800, 0x0800, 0x0800, 0x0800, 0x0800, 0x0821, 0x1820, 0x78c3, 0x78c3, 0x4062, 0x1821, 0x0800, 0x0000, 0x0000, 
	0x0000, 0x0000, 0x0000, 0x0000, 0x0800, 0x2041, 0x5882, 0x88e3, 0x80c3, 0x3862, 0x60a2, 0xb124, 0xb104, 0x70a3, 0x3862, 0x1820, 
	0x1820, 0x1820, 0x1820, 0x1820, 0x2020, 0x2020, 0x2020, 0x2841, 0x3041, 0x2841, 0x2841, 0x3041, 0x3841, 0x5882, 0x68a2, 0x4862, 
	0x70a3, 0xa104, 0x88e3, 0x70a3, 0xb104, 0xa0e4, 0x68a3, 0x68a2, 0x88e3, 0x98e4, 0xa904, 0xa104, 0x90e3, 0xb104, 0xc124, 0xc124, 
	0xc124, 0xc124, 0xc124, 0xc124, 0xc124, 0xc124, 0xb924, 0x88c3, 0x6082, 0x6082, 0x6082, 0x6082, 0x6082, 0x6082, 0x6082, 0x6082, 
	0x6082, 0x6082, 0x6082, 0x6082, 0x68a2, 0x98e3, 0xc124, 0xc124, 0xc124, 0xc124, 0xc124, 0xc124, 0xc124, 0xc124, 0xc124, 0xc124, 
	0xc124, 0xc124, 0xc124, 0xc124, 0xc124, 0xc124, 0xc124, 0xc124, 0xb924, 0xb924, 0xb924, 0xb924, 0xa104, 0xa904, 0xb924, 0xb924, 
	0xb924, 0xb924, 0xb924, 0xa904, 0xb924, 0x98e3, 0x6082, 0x3041, 0x2841, 0x3861, 0x3861, 0x2020, 0x1820, 0x1820, 0x1841, 0x1021, 
	0x1020, 0x1000, 0x1000, 0x1000, 0x0800, 0x0800, 0x0800, 0x0800, 0x0800, 0x0800, 0x0800, 0x0000, 0x0000, 0x0000, 0x0000, 0x1821, 
	0x0000, 0x0000, 0x0000, 0x0000, 0x0800, 0x0800, 0x0800, 0x1820, 0x1820, 0x1000, 0x1020, 0x3041, 0x70a3, 0x98e4, 0x5082, 0x1820, 
	0x1820, 0x1820, 0x2020, 0x2020, 0x2020, 0x2820, 0x2841, 0x2841, 0x2841, 0x3041, 0x3041, 0x3041, 0x3841, 0x3841, 0x4061, 0x4061, 
	0x4061, 0x5082, 0x68a2, 0x5082, 0x68a2, 0x80c3, 0x6082, 0x5082, 0x5882, 0x70a3, 0x80c3, 0x98e4, 0x68a2, 0x78c3, 0x98e3, 0xc124, 
	0xc124, 0xc124, 0xc124, 0xc124, 0xc124, 0xc124, 0xb904, 0x88c3, 0x70a2, 0x68a2, 0x68a2, 0x68a2, 0x68a2, 0x68a2, 0x68a2, 0x68a2, 
	0x68a2, 0x68a2, 0x68a2, 0x68a2, 0x68a2, 0x80c3, 0xb104, 0xc124, 0xc124, 0xc124, 0xc124, 0xc124, 0xc124, 0xc124, 0xc124, 0xc124, 
	0xc124, 0xc124, 0xb104, 0xa104, 0xb924, 0xc124, 0xb924, 0xb104, 0xb104, 0x98e3, 0xa904, 0xa904, 0x80c3, 0xb104, 0xb924, 0xb924, 
	0xb924, 0xb104, 0x80c3, 0x78c3, 0x70a2, 0x4061, 0x3041, 0x2841, 0x2841, 0x2841, 0x2821, 0x2020, 0x2020, 0x2020, 0x1820, 0x1820, 
	0x1820, 0x1020, 0x1020, 0x1000, 0x1000, 0x1000, 0x1020, 0x1820, 0x1820, 0x2841, 0x5082, 0x4062, 0x2841, 0x3861, 0x5882, 0x9904, 
	0x0800, 0x0000, 0x0800, 0x0800, 0x0800, 0x0800, 0x0800, 0x1000, 0x1000, 0x1000, 0x1000, 0x1020, 0x1820, 0x2041, 0x2020, 0x1820, 
	0x2020, 0x2020, 0x2020, 0x2820, 0x2841, 0x2841, 0x2841, 0x3041, 0x3041, 0x3041, 0x3841, 0x3841, 0x3861, 0x4061, 0x4061, 0x4061, 
	0x4861, 0x4861, 0x4861, 0x5061, 0x5082, 0x5082, 0x5882, 0x5882, 0x5882, 0x6082, 0x68a2, 0x68a2, 0x68a2, 0x6082, 0x70a2, 0xa104, 
	0xa904, 0xa104, 0xc124, 0xc124, 0xc124, 0xc124, 0xb904, 0x90e3, 0x78a3, 0x70a2, 0x70a2, 0x70a2, 0x78a2, 0x78a2, 0x78a2, 0x78a2, 
	0x78a2, 0x78a2, 0x78a2, 0x78a2, 0x70a2, 0x78a3, 0x88c3, 0xb104, 0xc124, 0xc124, 0xc124, 0xc124, 0xc124, 0xc124, 0xc124, 0xc124, 
	0xc124, 0xb924, 0x88c3, 0x70a3, 0x90e3, 0xb924, 0xa904, 0x80c3, 0x80c3, 0x68a2, 0x68a2, 0x68a2, 0x88c3, 0xb104, 0xa904, 0xa0e3, 
	0x90e3, 0x68a2, 0x4861, 0x4861, 0x3841, 0x3841, 0x3041, 0x3041, 0x3041, 0x2841, 0x2841, 0x2841, 0x2020, 0x2020, 0x2020, 0x2020, 
	0x1820, 0x1820, 0x2020, 0x2841, 0x4061, 0x60a2, 0x70a3, 0x80c3, 0x90e3, 0xb104, 0xd145, 0xd165, 0xb124, 0xa904, 0xa0e4, 0x90e3, 
	0x0800, 0x0800, 0x0800, 0x0800, 0x1021, 0x2041, 0x2841, 0x2841, 0x3041, 0x2841, 0x2021, 0x2020, 0x2020, 0x2020, 0x2020, 0x2020, 
	0x2020, 0x2841, 0x2841, 0x2841, 0x3041, 0x3041, 0x3041, 0x3841, 0x3841, 0x3861, 0x4061, 0x4061, 0x4061, 0x4861, 0x4861, 0x4861, 
	0x5061, 0x5082, 0x5082, 0x5882, 0x5882, 0x5882, 0x6082, 0x6082, 0x6082, 0x6082, 0x68a2, 0x68a2, 0x68a2, 0x70a2, 0x70a2, 0x78c3, 
	0x78c3, 0x88c3, 0xb924, 0xc124, 0xc124, 0xc124, 0xc124, 0xa0e4, 0x80c3, 0x80c3, 0x80c3, 0x80c3, 0x80c3, 0x80c3, 0x80c3, 0x80c3, 
	0x80c3, 0x80c3, 0x80c3, 0x80c3, 0x80c3, 0x80c3, 0x88c3, 0xa904, 0xc124, 0xc124, 0xc924, 0xc924, 0xc124, 0xc124, 0xc124, 0xb924, 
	0xb104, 0xb104, 0x70a2, 0x68a2, 0x78c3, 0x90e4, 0x78c3, 0x60a2, 0x6082, 0x6082, 0x5882, 0x5882, 0x68a2, 0x68a2, 0x6082, 0x5882, 
	0x5082, 0x4861, 0x4861, 0x4061, 0x4061, 0x3861, 0x3841, 0x3841, 0x3041, 0x3041, 0x3041, 0x2841, 0x2841, 0x2841, 0x2020, 0x2020, 
	0x2020, 0x2041, 0x4862, 0x60a3, 0x70c3, 0x68a3, 0x60a2, 0x6082, 0x6082, 0x6082, 0x5882, 0x4882, 0x3041, 0x2021, 0x1820, 0x1000, 
	0x2841, 0x1820, 0x1020, 0x1020, 0x1020, 0x4862, 0x88e4, 0x90e4, 0xb104, 0xb104, 0x88e4, 0x80e3, 0x70c3, 0x4062, 0x2841, 0x3041, 
	0x2841, 0x2841, 0x3041, 0x3041, 0x3041, 0x3841, 0x3841, 0x3861, 0x4061, 0x4061, 0x4061, 0x4861, 0x4861, 0x5061, 0x5061, 0x5082, 
	0x5882, 0x5882, 0x5882, 0x6082, 0x6082, 0x6082, 0x68a2, 0x68a2, 0x68a2, 0x70a2, 0x70a2, 0x70a2, 0x70a2, 0x78a2, 0x78a2, 0x78c3, 
	0x78c3, 0x80c3, 0x98e3, 0xb104, 0xa904, 0xa904, 0xc124, 0xa904, 0x88c3, 0x88c3, 0x88c3, 0x88c3, 0x88c3, 0x88c3, 0x88c3, 0x88c3, 
	0x88c3, 0x88c3, 0x88c3, 0x88c3, 0x88c3, 0x88c3, 0x88c3, 0x90e3, 0xa104, 0xb124, 0xc124, 0xb924, 0xb104, 0x98e3, 0x98e4, 0x98e3, 
	0xa0e4, 0x98e3, 0x78a2, 0x70a2, 0x70a2, 0x70a2, 0x70a2, 0x68a2, 0x68a2, 0x68a2, 0x6082, 0x6082, 0x6082, 0x5882, 0x5882, 0x5882, 
	0x5082, 0x5061, 0x4861, 0x4861, 0x4861, 0x4061, 0x4061, 0x4061, 0x3841, 0x3841, 0x3041, 0x3041, 0x3041, 0x2841, 0x2841, 0x2841, 
	0x2021, 0x2020, 0x2020, 0x2020, 0x2021, 0x2020, 0x1820, 0x1820, 0x1820, 0x1020, 0x1020, 0x1020, 0x1000, 0x0800, 0x0800, 0x0800, 
	0x80c3, 0x60a3, 0x4882, 0x2841, 0x3041, 0x4882, 0x4862, 0x3041, 0x5882, 0x88e4, 0x90e4, 0x98e4, 0x70c3, 0x3861, 0x3041, 0x4062, 
	0x3841, 0x3041, 0x3041, 0x3841, 0x3841, 0x3861, 0x4061, 0x4061, 0x4861, 0x4861, 0x4861, 0x5061, 0x5082, 0x5082, 0x5882, 0x5882, 
	0x6082, 0x6082, 0x6082, 0x68a2, 0x68a2, 0x68a2, 0x70a2, 0x70a2, 0x70a2, 0x78a2, 0x78a2, 0x78c3, 0x80c3, 0x80c3, 0x80c3, 0x80c3, 
	0x88c3, 0x88c3, 0x88c3, 0x90e3, 0x98e4, 0x90e3, 0xa104, 0x98e3, 0x90e3, 0x90e3, 0x90e3, 0x90e3, 0x90e3, 0x90e3, 0x90e3, 0x90e3, 
	0x90e3, 0x90e3, 0x90e3, 0x90e3, 0x90e3, 0x90e3, 0x90e3, 0x90e3, 0x90e3, 0x90e3, 0xa0e4, 0x98e3, 0x90e3, 0x88c3, 0x88c3, 0x88c3, 
	0x90e3, 0x80c3, 0x80c3, 0x78c3, 0x78c3, 0x78a2, 0x78a2, 0x70a2, 0x70a2, 0x70a2, 0x68a2, 0x68a2, 0x68a2, 0x6082, 0x6082, 0x5882, 
	0x5882, 0x5882, 0x5082, 0x5061, 0x5061, 0x4861, 0x4861, 0x4061, 0x4061, 0x4061, 0x3841, 0x3841, 0x3041, 0x3041, 0x3041, 0x2841, 
	0x2841, 0x2841, 0x2020, 0x2020, 0x2020, 0x2020, 0x1820, 0x1820, 0x1820, 0x1820, 0x1020, 0x4882, 0x68a3, 0x2041, 0x0800, 0x0800, 
	0x2021, 0x2020, 0x2020, 0x1820, 0x1821, 0x3041, 0x4062, 0x2041, 0x2020, 0x2841, 0x3041, 0x3041, 0x3041, 0x2841, 0x3041, 0x3041, 
	0x3041, 0x3841, 0x3841, 0x3861, 0x4061, 0x4061, 0x4861, 0x4861, 0x4861, 0x5061, 0x5082, 0x5882, 0x5882, 0x5882, 0x6082, 0x6082, 
	0x68a2, 0x68a2, 0x68a2, 0x70a2, 0x70a2, 0x70a2, 0x78a2, 0x78c3, 0x80c3, 0x80c3, 0x80c3, 0x88c3, 0x88c3, 0x88c3, 0x88c3, 0x90c3, 
	0x90e3, 0x90e3, 0x90e3, 0x98e3, 0x98e3, 0x98e3, 0x98e3, 0x98e3, 0x98e3, 0x98e3, 0xa0e3, 0xa0e3, 0xa0e3, 0xa0e3, 0xa0e3, 0xa0e3, 
	0xa0e3, 0xa0e3, 0xa0e3, 0xa0e3, 0xa0e3, 0x98e3, 0x98e3, 0x98e3, 0x98e3, 0x98e3, 0x98e3, 0x98e3, 0x90e3, 0x90e3, 0x90e3, 0x90e3, 
	0x90c3, 0x88c3, 0x88c3, 0x88c3, 0x80c3, 0x80c3, 0x80c3, 0x78c3, 0x78a2, 0x78a2, 0x70a2, 0x70a2, 0x70a2, 0x68a2, 0x68a2, 0x6082, 
	0x6082, 0x6082, 0x5882, 0x5882, 0x5082, 0x5082, 0x5061, 0x4861, 0x4861, 0x4061, 0x4061, 0x4061, 0x3841, 0x3841, 0x3041, 0x3041, 
	0x3041, 0x2841, 0x2841, 0x2841, 0x2841, 0x2841, 0x2020, 0x2020, 0x2841, 0x5882, 0x68c3, 0x9904, 0xc125, 0x90e4, 0x4862, 0x5882, 
	0x1020, 0x1000, 0x1020, 0x1820, 0x1820, 0x1820, 0x1820, 0x2020, 0x2020, 0x2020, 0x2820, 0x2841, 0x2841, 0x3041, 0x3041, 0x3841, 
	0x3841, 0x3841, 0x4061, 0x4061, 0x4861, 0x4861, 0x4861, 0x5061, 0x5082, 0x5882, 0x5882, 0x6082, 0x6082, 0x6082, 0x68a2, 0x68a2, 
	0x70a2, 0x70a2, 0x70a2, 0x78a2, 0x78c3, 0x80c3, 0x80c3, 0x80c3, 0x88c3, 0x88c3, 0x88c3, 0x90c3, 0x90e3, 0x90e3, 0x98e3, 0x98e3, 
	0x98e3, 0x98e3, 0xa0e3, 0xa0e3, 0xa0e3, 0xa0e3, 0xa104, 0xa904, 0xa904, 0xa904, 0xa904, 0xa904, 0xa904, 0xa904, 0xa904, 0xa904, 
	0xa904, 0xa904, 0xa904, 0xa904, 0xa904, 0xa904, 0xa904, 0xa904, 0xa104, 0xa0e3, 0xa0e3, 0xa0e3, 0xa0e3, 0xa0e3, 0x98e3, 0x98e3, 
	0x98e3, 0x98e3, 0x90e3, 0x90e3, 0x90c3, 0x88c3, 0x88c3, 0x88c3, 0x80c3, 0x80c3, 0x78c3, 0x78a2, 0x78a2, 0x70a2, 0x70a2, 0x68a2, 
	0x68a2, 0x68a2, 0x6082, 0x6082, 0x5882, 0x5882, 0x5882, 0x5082, 0x5061, 0x4861, 0x4861, 0x4061, 0x4061, 0x4061, 0x3841, 0x3841, 
	0x3041, 0x3041, 0x3861, 0x5882, 0x68a2, 0x70c3, 0x68a2, 0x68a2, 0x80e3, 0xb124, 0xb924, 0xa924, 0xb924, 0xb924, 0xc145, 0xd145, 
	0x1820, 0x2021, 0x2041, 0x2041, 0x2021, 0x2021, 0x2020, 0x2020, 0x2841, 0x2841, 0x2841, 0x3041, 0x3041, 0x3041, 0x3841, 0x4061, 
	0x4861, 0x5082, 0x5082, 0x5082, 0x5082, 0x5082, 0x5082, 0x5882, 0x5882, 0x6082, 0x6082, 0x68a2, 0x68a2, 0x68a2, 0x70a2, 0x70a2, 
	0x78a2, 0x78c3, 0x80c3, 0x80c3, 0x80c3, 0x88c3, 0x88c3, 0x90c3, 0x90e3, 0x90e3, 0x98e3, 0x98e3, 0x98e3, 0xa0e3, 0xa0e3, 0xa0e3, 
	0xa104, 0xa904, 0xa904, 0xa904, 0xa904, 0xb104, 0xb104, 0xb104, 0xb104, 0xb104, 0xb104, 0xb104, 0xb104, 0xb904, 0xb904, 0xb904, 
	0xb904, 0xb904, 0xb904, 0xb104, 0xb104, 0xb104, 0xb104, 0xb104, 0xb104, 0xb104, 0xb104, 0xa904, 0xa904, 0xa904, 0xa904, 0xa104, 
	0xa0e3, 0xa0e3, 0xa0e3, 0x98e3, 0x98e3, 0x98e3, 0x90e3, 0x90e3, 0x88c3, 0x88c3, 0x88c3, 0x80c3, 0x80c3, 0x78c3, 0x78c3, 0x78a2, 
	0x70a2, 0x70a2, 0x68a2, 0x68a2, 0x6082, 0x6082, 0x5882, 0x5882, 0x5882, 0x5082, 0x5061, 0x4861, 0x4861, 0x4061, 0x4061, 0x3861, 
	0x3841, 0x3841, 0x3841, 0x4061, 0x4861, 0x4862, 0x4862, 0x4061, 0x4062, 0x4061, 0x4061, 0x3861, 0x4062, 0x4061, 0x5882, 0x6082, 
	0x88e3, 0x9904, 0x9904, 0x88e4, 0x68a3, 0x3862, 0x2841, 0x2841, 0x2841, 0x3041, 0x5082, 0x5082, 0x5882, 0x5882, 0x5882, 0x80c3, 
	0xa104, 0xa904, 0xa104, 0x90e3, 0x80c3, 0x5882, 0x5882, 0x6082, 0x6082, 0x68a2, 0x68a2, 0x70a2, 0x70a2, 0x70a2, 0x78a2, 0x78c3, 
	0x80c3, 0x80c3, 0x88c3, 0x88c3, 0x90c3, 0x90e3, 0x90e3, 0x98e3, 0x98e3, 0xa0e3, 0xa0e3, 0xa104, 0xa904, 0xa904, 0xa904, 0xb104, 
	0xb104, 0xb104, 0xb104, 0xb904, 0xb904, 0xb924, 0xb924, 0xb924, 0xc124, 0xc124, 0xc124, 0xc124, 0xc124, 0xc124, 0xc124, 0xc124, 
	0xc124, 0xc124, 0xc124, 0xc124, 0xc124, 0xc124, 0xc124, 0xb924, 0xb924, 0xb924, 0xb924, 0xb904, 0xb904, 0xb104, 0xb104, 0xb104, 
	0xa904, 0xa904, 0xa904, 0xa904, 0xa0e3, 0xa0e3, 0x98e3, 0x98e3, 0x98e3, 0x90e3, 0x90e3, 0x88c3, 0x88c3, 0x88c3, 0x80c3, 0x80c3, 
	0x78c3, 0x78a2, 0x70a2, 0x70a2, 0x68a2, 0x68a2, 0x6082, 0x6082, 0x5882, 0x5882, 0x5882, 0x5082, 0x5061, 0x4861, 0x4861, 0x4061, 
	0x4061, 0x3861, 0x3841, 0x3841, 0x3041, 0x3041, 0x2841, 0x2841, 0x2841, 0x2020, 0x2020, 0x2020, 0x1820, 0x1820, 0x1820, 0x1820, 
	0x70a3, 0x5882, 0x4882, 0x4062, 0x3041, 0x2841, 0x2841, 0x2841, 0x3041, 0x70c3, 0xb104, 0xa904, 0xb124, 0xb124, 0xa904, 0xa924, 
	0xb104, 0x90e4, 0x80c3, 0x70a3, 0x60a2, 0x6082, 0x6082, 0x68a2, 0x68a2, 0x70a2, 0x70a2, 0x78a2, 0x78c3, 0x80c3, 0x80c3, 0x88c3, 
	0x88c3, 0x88c3, 0x90e3, 0x90e3, 0x98e3, 0x98e3, 0xa0e3, 0xa0e3, 0xa104, 0xa904, 0xa904, 0xb104, 0xb104, 0xb104, 0xb904, 0xb924, 
	0xb924, 0xc124, 0xc124, 0xc124, 0xc124, 0xc124, 0xc924, 0xc924, 0xc924, 0xc924, 0xc924, 0xc924, 0xc924, 0xd124, 0xd145, 0xd145, 
	0xd145, 0xd145, 0xc924, 0xc924, 0xc924, 0xc924, 0xc924, 0xc924, 0xc924, 0xc924, 0xc124, 0xc124, 0xc124, 0xc124, 0xb924, 0xb924, 
	0xb904, 0xb904, 0xb104, 0xb104, 0xb104, 0xa904, 0xa904, 0xa104, 0xa0e3, 0xa0e3, 0x98e3, 0x98e3, 0x90e3, 0x90e3, 0x88c3, 0x88c3, 
	0x80c3, 0x80c3, 0x78c3, 0x78a2, 0x70a2, 0x70a2, 0x68a2, 0x68a2, 0x6082, 0x6082, 0x6082, 0x5882, 0x5882, 0x5082, 0x5061, 0x4861, 
	0x4861, 0x4061, 0x4061, 0x3841, 0x3841, 0x3041, 0x3041, 0x3041, 0x2841, 0x2841, 0x2021, 0x2021, 0x2021, 0x4062, 0x4062, 0x1820, 
	0x5882, 0x68a3, 0x68a2, 0x4862, 0x3041, 0x5082, 0x5082, 0x4862, 0x80c3, 0xb104, 0xb924, 0xb104, 0x80c3, 0x68a3, 0x78c3, 0x78c4, 
	0x78c3, 0x78c3, 0x80c3, 0x70a3, 0x60a2, 0x68a2, 0x68a2, 0x70a2, 0x70a2, 0x78a2, 0x78c3, 0x80c3, 0x80c3, 0x88c3, 0x88c3, 0x90e3, 
	0x90e3, 0x98e3, 0x98e3, 0xa0e3, 0xa0e3, 0xa104, 0xa904, 0xa904, 0xb104, 0xb104, 0xb904, 0xb924, 0xb924, 0xc124, 0xc124, 0xc124, 
	0xc924, 0xc924, 0xc924, 0xd124, 0xd145, 0xd145, 0xd145, 0xd145, 0xd945, 0xd945, 0xd945, 0xd945, 0xd945, 0xd945, 0xd945, 0xd945, 
	0xd945, 0xd945, 0xd945, 0xd945, 0xd945, 0xd945, 0xd945, 0xd145, 0xd145, 0xd145, 0xd145, 0xd145, 0xc924, 0xc924, 0xc924, 0xc924, 
	0xc124, 0xc124, 0xc124, 0xb924, 0xb924, 0xb104, 0xb104, 0xb104, 0xa904, 0xa904, 0xa104, 0xa0e3, 0x98e3, 0x98e3, 0x90e3, 0x90e3, 
	0x88c3, 0x88c3, 0x80c3, 0x80c3, 0x78c3, 0x78a2, 0x70a2, 0x70a2, 0x68a2, 0x68a2, 0x6082, 0x6082, 0x60a2, 0x60a2, 0x5082, 0x5061, 
	0x4861, 0x4861, 0x4061, 0x4061, 0x4061, 0x4861, 0x4861, 0x4061, 0x3841, 0x4062, 0x70a3, 0x5082, 0x3861, 0x88c3, 0xa904, 0x5882, 
	0xc124, 0xc124, 0xc124, 0xb104, 0x78c3, 0x70a3, 0xa104, 0xa104, 0xb924, 0xa904, 0x9904, 0xa104, 0x98e4, 0x78c3, 0x68a3, 0x5882, 
	0x5882, 0x6082, 0x6082, 0x6082, 0x68a2, 0x70a2, 0x70a2, 0x78a2, 0x78c3, 0x80c3, 0x80c3, 0x88c3, 0x88c3, 0x90e3, 0x90e3, 0x98e3, 
	0x98e3, 0xa0e3, 0xa104, 0xa904, 0xa904, 0xb104, 0xb104, 0xb904, 0xb924, 0xc124, 0xc124, 0xc124, 0xc924, 0xc924, 0xd145, 0xd145, 
	0xd145, 0xd145, 0xd945, 0xd945, 0xd945, 0xe145, 0xe145, 0xe145, 0xe145, 0xe165, 0xe165, 0xe165, 0xe965, 0xe965, 0xe965, 0xe965, 
	0xe965, 0xe965, 0xe965, 0xe965, 0xe165, 0xe165, 0xe165, 0xe145, 0xe145, 0xe145, 0xd945, 0xd945, 0xd945, 0xd945, 0xd145, 0xd145, 
	0xd145, 0xc924, 0xc924, 0xc924, 0xc124, 0xc124, 0xb924, 0xb924, 0xb904, 0xb104, 0xb104, 0xa904, 0xa904, 0xa0e3, 0xa0e3, 0x98e3, 
	0x98e3, 0x90e3, 0x90c3, 0x88c3, 0x88c3, 0x80c3, 0x78c3, 0x78a2, 0x70a2, 0x70a2, 0x68a2, 0x68a2, 0x6082, 0x6082, 0x5882, 0x5882, 
	0x5082, 0x5061, 0x4861, 0x4861, 0x4862, 0x5882, 0x68a2, 0x5882, 0x60a3, 0x88e4, 0xb104, 0xa904, 0x90e3, 0xa904, 0x90e4, 0xb124, 
	0xc124, 0xc124, 0xc124, 0xb924, 0xb904, 0xa104, 0xb924, 0xb904, 0xb104, 0xa104, 0x80c3, 0x70a3, 0x60a2, 0x6082, 0x6082, 0x5882, 
	0x6082, 0x6082, 0x68a2, 0x68a2, 0x70a2, 0x78a2, 0x78a2, 0x80c3, 0x80c3, 0x88c3, 0x88c3, 0x90e3, 0x90e3, 0x98e3, 0xa0e3, 0xa0e3, 
	0xa904, 0xa904, 0xb104, 0xb104, 0xb904, 0xb924, 0xc124, 0xc124, 0xc924, 0xc924, 0xc924, 0xd145, 0xd145, 0xd945, 0xd945, 0xd945, 
	0xe145, 0xe145, 0xe165, 0xe965, 0xe965, 0xe965, 0xe965, 0xf165, 0xf165, 0xf165, 0xf165, 0xf165, 0xf165, 0xf165, 0xf165, 0xf165, 
	0xf165, 0xf165, 0xf165, 0xf165, 0xf165, 0xf165, 0xf165, 0xf165, 0xe965, 0xe965, 0xe965, 0xe965, 0xe965, 0xe165, 0xe145, 0xe145, 
	0xd945, 0xd945, 0xd945, 0xd145, 0xd145, 0xc924, 0xc924, 0xc124, 0xc124, 0xb924, 0xb924, 0xb104, 0xb104, 0xa904, 0xa904, 0xa104, 
	0xa0e3, 0x98e3, 0x98e3, 0x90e3, 0x90c3, 0x88c3, 0x88c3, 0x80c3, 0x78c3, 0x78a2, 0x70a2, 0x70a2, 0x70a2, 0x80c3, 0x88c3, 0x78c3, 
	0x60a2, 0x5882, 0x5062, 0x4861, 0x4861, 0x4061, 0x4061, 0x4061, 0x4861, 0x5062, 0x5082, 0x6082, 0x68a2, 0x70a3, 0x70a3, 0xa104, 
	0xa104, 0xb924, 0xb924, 0x88e3, 0x88e3, 0x88e3, 0x80c3, 0x70a3, 0x60a2, 0x5082, 0x5062, 0x5082, 0x5082, 0x5882, 0x6082, 0x6082, 
	0x68a2, 0x68a2, 0x70a2, 0x70a2, 0x78a2, 0x80c3, 0x80c3, 0x88c3, 0x88c3, 0x90e3, 0x90e3, 0x98e3, 0xa0e3, 0xa0e3, 0xa904, 0xa904, 
	0xb104, 0xb104, 0xb924, 0xc124, 0xc124, 0xc924, 0xc924, 0xd145, 0xd145, 0xd945, 0xd945, 0xd945, 0xe145, 0xe165, 0xe965, 0xe965, 
	0xe965, 0xf165, 0xf165, 0xf165, 0xf165, 0xf986, 0xf986, 0xf986, 0xf986, 0xf986, 0xf986, 0xf986, 0xf986, 0xf986, 0xf986, 0xf986, 
	0xf986, 0xf986, 0xf986, 0xf986, 0xf986, 0xf986, 0xf986, 0xf986, 0xf986, 0xf986, 0xf965, 0xf165, 0xf165, 0xf165, 0xe965, 0xe965, 
	0xe965, 0xe165, 0xe145, 0xe145, 0xd945, 0xd945, 0xd145, 0xd145, 0xc924, 0xc924, 0xc124, 0xc124, 0xb924, 0xb904, 0xb104, 0xb104, 
	0xa904, 0xa904, 0xa0e4, 0x98e3, 0x98e3, 0x90e3, 0x90e3, 0x88c3, 0x88c3, 0x80c3, 0x78c3, 0x78a2, 0x78a3, 0x98e3, 0xa104, 0xa104, 
	0xa104, 0x70a2, 0x5882, 0x68a2, 0x78c3, 0x60a2, 0x5082, 0x4061, 0x4061, 0x3841, 0x3841, 0x3041, 0x3041, 0x3041, 0x3041, 0x3861, 
	0xb104, 0xb104, 0x88e3, 0x4862, 0x4061, 0x4061, 0x4061, 0x4861, 0x4861, 0x5061, 0x5082, 0x5882, 0x5882, 0x6082, 0x6082, 0x70a2, 
	0x78c3, 0x78c3, 0x78a3, 0x78c3, 0x80c3, 0x88c3, 0x88c3, 0x90e3, 0x90e3, 0x98e3, 0xa0e3, 0xa104, 0xa904, 0xb924, 0xb104, 0xb904, 
	0xb924, 0xc124, 0xc124, 0xc924, 0xc945, 0xd145, 0xd945, 0xd945, 0xe145, 0xe145, 0xe165, 0xe965, 0xe965, 0xf165, 0xf165, 0xf965, 
	0xf986, 0xf986, 0xf986, 0xf986, 0xf986, 0xf986, 0xf986, 0xf986, 0xf986, 0xf986, 0xf986, 0xf986, 0xf986, 0xf986, 0xf986, 0xf986, 
	0xf986, 0xf986, 0xf986, 0xf986, 0xf986, 0xf986, 0xf986, 0xf986, 0xf986, 0xf986, 0xf986, 0xf986, 0xf986, 0xf986, 0xf986, 0xf986, 
	0xf165, 0xf165, 0xf165, 0xe965, 0xe965, 0xe165, 0xe145, 0xd945, 0xd945, 0xd145, 0xd145, 0xc924, 0xc924, 0xc124, 0xc124, 0xb924, 
	0xb104, 0xb104, 0xa904, 0xa904, 0xa0e3, 0xa904, 0xa904, 0x98e3, 0x90e3, 0x98e4, 0x98e3, 0x88c3, 0x78c3, 0x78a3, 0x78a3, 0x70a2, 
	0x80c3, 0x80c3, 0x68a2, 0x98e3, 0xb124, 0x80c3, 0x70a2, 0x70a3, 0x68a2, 0x5082, 0x4061, 0x3861, 0x3841, 0x3041, 0x3041, 0x2841, 
	0x60a2, 0x4882, 0x4061, 0x3861, 0x4061, 0x4061, 0x4861, 0x4862, 0x5882, 0x5882, 0x5882, 0x6082, 0x60a2, 0x70a2, 0x80c3, 0x98e4, 
	0x88c3, 0x78c3, 0x80c3, 0x80c3, 0x88c3, 0x90e3, 0xa0e3, 0x98e3, 0xa0e3, 0xa0e4, 0xa904, 0xb104, 0xc925, 0xc945, 0xb924, 0xc124, 
	0xc124, 0xc924, 0xd145, 0xd145, 0xd945, 0xd945, 0xe145, 0xe965, 0xe965, 0xf165, 0xf165, 0xf165, 0xf986, 0xf986, 0xf986, 0xf986, 
	0xf986, 0xf986, 0xf986, 0xf986, 0xf986, 0xf986, 0xf986, 0xf986, 0xf986, 0xf986, 0xf986, 0xf986, 0xf986, 0xf986, 0xf986, 0xf986, 
	0xf986, 0xf986, 0xf986, 0xf986, 0xf986, 0xf986, 0xf986, 0xf986, 0xf986, 0xf986, 0xf986, 0xf986, 0xf986, 0xf986, 0xf986, 0xf986, 
	0xf986, 0xf986, 0xf986, 0xf986, 0xf165, 0xf165, 0xe965, 0xe965, 0xe165, 0xe145, 0xd945, 0xd945, 0xd945, 0xd145, 0xc924, 0xc124, 
	0xc124, 0xb924, 0xb104, 0xb104, 0xa904, 0xa904, 0xa904, 0xa904, 0xa104, 0xa904, 0xb104, 0xb904, 0xa104, 0x98e3, 0x88c3, 0x78a3, 
	0x70a2, 0x68a2, 0x68a2, 0x78a3, 0x98e3, 0x6082, 0x5882, 0x70a3, 0x90e3, 0x90e3, 0x78c3, 0x78c3, 0x78c3, 0x5882, 0x68a2, 0x60a2, 
	0x3041, 0x3841, 0x3861, 0x4061, 0x4061, 0x4861, 0x4861, 0x5082, 0x5882, 0x5882, 0x60a2, 0x78c3, 0x98e3, 0xa904, 0x98e3, 0x80c3, 
	0x80c3, 0x80c3, 0x88c3, 0x90e3, 0xa104, 0xb924, 0xb104, 0xa104, 0xa904, 0xb104, 0xc124, 0xd145, 0xc925, 0xc124, 0xc924, 0xc924, 
	0xd145, 0xd145, 0xd945, 0xe145, 0xe165, 0xe965, 0xe965, 0xf165, 0xf965, 0xf986, 0xf986, 0xf986, 0xf986, 0xf986, 0xf986, 0xf986, 
	0xf986, 0xf986, 0xf986, 0xf986, 0xf986, 0xf986, 0xf986, 0xf986, 0xf986, 0xf986, 0xf986, 0xf986, 0xf986, 0xf986, 0xf986, 0xf986, 
	0xf986, 0xf986, 0xf986, 0xf986, 0xf986, 0xf986, 0xf986, 0xf986, 0xf986, 0xf986, 0xf986, 0xf986, 0xf986, 0xf986, 0xf986, 0xf986, 
	0xf986, 0xf986, 0xf986, 0xf986, 0xf986, 0xf986, 0xf986, 0xf165, 0xf165, 0xe965, 0xe965, 0xe165, 0xe165, 0xe145, 0xd145, 0xd145, 
	0xc924, 0xc124, 0xc124, 0xb924, 0xb104, 0xb104, 0xa904, 0xa904, 0xa904, 0xa904, 0xa904, 0xa104, 0xa104, 0xb104, 0xb924, 0xa904, 
	0x78c3, 0x70a2, 0x68a2, 0x68a2, 0x68a2, 0x6082, 0x5882, 0x5082, 0x5082, 0x5082, 0x4862, 0x5082, 0x5882, 0x5882, 0x70a3, 0x80c3, 
	0x3841, 0x3861, 0x4061, 0x4861, 0x5062, 0x5082, 0x5882, 0x60a2, 0x68a3, 0x80c3, 0xa104, 0xb104, 0xa904, 0x88c3, 0x78c3, 0x80c3, 
	0x80c3, 0x90e3, 0xa104, 0xb924, 0xc124, 0xa904, 0xa904, 0xa904, 0xb104, 0xc124, 0xd145, 0xc945, 0xc924, 0xc924, 0xd145, 0xd945, 
	0xd945, 0xe145, 0xe965, 0xe965, 0xf165, 0xf165, 0xf986, 0xf986, 0xf986, 0xf986, 0xf986, 0xf986, 0xf986, 0xf986, 0xf986, 0xf986, 
	0xf986, 0xf986, 0xf986, 0xf986, 0xf986, 0xf986, 0xf986, 0xf986, 0xf986, 0xf986, 0xf986, 0xf986, 0xf986, 0xf986, 0xf986, 0xf986, 
	0xf986, 0xf986, 0xf986, 0xf986, 0xf986, 0xf986, 0xf986, 0xf986, 0xf986, 0xf986, 0xf986, 0xf986, 0xf986, 0xf986, 0xf986, 0xf986, 
	0xf986, 0xf986, 0xf986, 0xf986, 0xf986, 0xf986, 0xf986, 0xf986, 0xf986, 0xf986, 0xf165, 0xf165, 0xe965, 0xe965, 0xe965, 0xe145, 
	0xd145, 0xd145, 0xc924, 0xc124, 0xc124, 0xb924, 0xb104, 0xb104, 0xa904, 0xa904, 0xb924, 0xc124, 0xa904, 0x98e3, 0x98e3, 0xb104, 
	0xa104, 0x88c3, 0x78c3, 0x70a2, 0x68a2, 0x6082, 0x6082, 0x5882, 0x5082, 0x5062, 0x4861, 0x4861, 0x4061, 0x4061, 0x3861, 0x3861, 
	0x4061, 0x4861, 0x5882, 0x68a3, 0x88e3, 0x88c3, 0x80c3, 0x88e3, 0xa104, 0xa104, 0xa104, 0x88c3, 0x78c3, 0x78c3, 0x80c3, 0x88c3, 
	0xa104, 0xb104, 0xc124, 0xb924, 0xa904, 0xa904, 0xb104, 0xb924, 0xc945, 0xd145, 0xd145, 0xc945, 0xd145, 0xd945, 0xd945, 0xe165, 
	0xe965, 0xe965, 0xf165, 0xf986, 0xf986, 0xf986, 0xf986, 0xf986, 0xf986, 0xf986, 0xf986, 0xf986, 0xf986, 0xf986, 0xf986, 0xf986, 
	0xf986, 0xf986, 0xf986, 0xf986, 0xf986, 0xf986, 0xf986, 0xf986, 0xf986, 0xf986, 0xf986, 0xf986, 0xf986, 0xf986, 0xf986, 0xf986, 
	0xf986, 0xf986, 0xf986, 0xf986, 0xf986, 0xf986, 0xf986, 0xf986, 0xf986, 0xf986, 0xf986, 0xf986, 0xf986, 0xf986, 0xf986, 0xf986, 
	0xf986, 0xf986, 0xf986, 0xf986, 0xf986, 0xf986, 0xf986, 0xf986, 0xf986, 0xf986, 0xf986, 0xf986, 0xf165, 0xf165, 0xf165, 0xf165, 
	0xe965, 0xd945, 0xd945, 0xd145, 0xc925, 0xc924, 0xc124, 0xb924, 0xb104, 0xa904, 0xa904, 0xa904, 0xc124, 0xc124, 0xa904, 0x90e3, 
	0x98e3, 0xa904, 0xb104, 0x90e3, 0x70a2, 0x70a2, 0x80c3, 0x78a3, 0x6082, 0x5882, 0x5082, 0x4861, 0x4861, 0x4061, 0x4061, 0x3861, 
	0x88c3, 0x98e3, 0x98e4, 0x98e4, 0x9904, 0xa104, 0xa904, 0xa904, 0x98e4, 0x78c3, 0x78a3, 0x78a3, 0x80c3, 0x88e3, 0xa904, 0xb924, 
	0xc924, 0xb924, 0xa904, 0xa904, 0xa904, 0xb104, 0xc124, 0xd145, 0xd945, 0xc925, 0xd145, 0xd945, 0xd945, 0xe165, 0xe965, 0xe965, 
	0xf165, 0xf986, 0xf986, 0xf986, 0xf986, 0xf986, 0xf986, 0xf986, 0xf986, 0xf986, 0xf986, 0xf986, 0xf986, 0xf986, 0xf986, 0xf986, 
	0xf986, 0xf986, 0xf986, 0xf986, 0xf986, 0xf986, 0xf986, 0xf986, 0xf986, 0xf986, 0xf986, 0xf986, 0xf986, 0xf986, 0xf986, 0xf986, 
	0xf986, 0xf986, 0xf986, 0xf986, 0xf986, 0xf986, 0xf986, 0xf986, 0xf986, 0xf986, 0xf986, 0xf986, 0xf986, 0xf986, 0xf986, 0xf986, 
	0xf986, 0xf986, 0xf986, 0xf986, 0xf986, 0xf986, 0xf986, 0xf986, 0xf986, 0xf986, 0xf986, 0xf986, 0xf986, 0xf986, 0xf986, 0xf165, 
	0xf165, 0xf165, 0xe165, 0xd945, 0xd945, 0xd945, 0xd945, 0xc924, 0xb924, 0xb904, 0xb104, 0xa904, 0xa904, 0xb104, 0xb924, 0xb924, 
	0xa904, 0x90e3, 0x90e3, 0xa0e4, 0xa104, 0xa104, 0xb924, 0xb104, 0x80c3, 0x6082, 0x5882, 0x5082, 0x5062, 0x4861, 0x4061, 0x4061, 
	0xa104, 0x90e4, 0x98e4, 0xa904, 0xb124, 0xb904, 0xa904, 0x80c3, 0x70a3, 0x78a2, 0x78c3, 0x90e3, 0xa904, 0xc124, 0xc924, 0xc124, 
	0xb104, 0xa904, 0xa904, 0xb104, 0xb904, 0xc924, 0xd945, 0xe145, 0xe165, 0xd945, 0xd945, 0xe145, 0xe965, 0xe965, 0xf165, 0xf986, 
	0xf986, 0xf986, 0xf986, 0xf986, 0xf986, 0xf986, 0xf986, 0xf986, 0xf986, 0xf986, 0xf986, 0xf986, 0xf986, 0xf986, 0xf986, 0xf986, 
	0xf986, 0xf986, 0xf986, 0xf986, 0xf986, 0xf986, 0xf986, 0xf986, 0xf986, 0xf986, 0xf986, 0xf986, 0xf986, 0xf986, 0xf986, 0xf986, 
	0xf986, 0xf986, 0xf986, 0xf986, 0xf986, 0xf986, 0xf986, 0xf986, 0xf986, 0xf986, 0xf986, 0xf986, 0xf986, 0xf986, 0xf986, 0xf986, 
	0xf986, 0xf986, 0xf986, 0xf986, 0xf986, 0xf986, 0xf986, 0xf986, 0xf986, 0xf986, 0xf986, 0xf986, 0xf986, 0xf986, 0xf986, 0xf986, 
	0xf986, 0xf965, 0xf165, 0xe965, 0xe145, 0xd945, 0xe145, 0xe145, 0xd145, 0xc124, 0xb924, 0xb104, 0xa904, 0xa904, 0xa904, 0xb924, 
	0xc124, 0xb924, 0xa904, 0x98e3, 0x98e3, 0xa904, 0xb904, 0xb924, 0xb104, 0xa104, 0x90e3, 0x88c3, 0x70a3, 0x78c3, 0x70a2, 0x68a2, 
	0xa104, 0xb104, 0xb924, 0xa904, 0xa104, 0xa904, 0x98e4, 0x88e3, 0x98e3, 0x90e3, 0x88c3, 0xb924, 0xc924, 0xc124, 0xb104, 0xa904, 
	0xa904, 0xa904, 0xb104, 0xb924, 0xd145, 0xe145, 0xe165, 0xe165, 0xe165, 0xe145, 0xe165, 0xe965, 0xf165, 0xf986, 0xf986, 0xf986, 
	0xf986, 0xf986, 0xf986, 0xf986, 0xf986, 0xf986, 0xf986, 0xf986, 0xf986, 0xf986, 0xf986, 0xf986, 0xf986, 0xf986, 0xf986, 0xf986, 
	0xf986, 0xf986, 0xf986, 0xf986, 0xf986, 0xf986, 0xf986, 0xf986, 0xf986, 0xf986, 0xf986, 0xf986, 0xf986, 0xf986, 0xf986, 0xf986, 
	0xf986, 0xf986, 0xf986, 0xf986, 0xf986, 0xf986, 0xf986, 0xf986, 0xf986, 0xf986, 0xf986, 0xf986, 0xf986, 0xf986, 0xf986, 0xf986, 
	0xf986, 0xf986, 0xf986, 0xf986, 0xf986, 0xf986, 0xf986, 0xf986, 0xf986, 0xf986, 0xf986, 0xf986, 0xf986, 0xf986, 0xf986, 0xf986, 
	0xf986, 0xf986, 0xf986, 0xf165, 0xe965, 0xe165, 0xe145, 0xe145, 0xe145, 0xd945, 0xc924, 0xb924, 0xb904, 0xb104, 0xa904, 0xa104, 
	0xb104, 0xc124, 0xc924, 0xc924, 0xb924, 0xa104, 0x88e3, 0x90e3, 0x98e3, 0xa904, 0xb104, 0xb904, 0xa904, 0xb924, 0xb924, 0xb924, 
	0x98e4, 0xb104, 0xa104, 0x90e4, 0xa104, 0xb924, 0xb924, 0xb924, 0xc124, 0xb924, 0xb104, 0xc124, 0xb924, 0xa904, 0xa104, 0xa904, 
	0xb104, 0xb104, 0xc124, 0xd145, 0xe145, 0xe165, 0xe965, 0xe165, 0xe165, 0xe965, 0xf165, 0xf986, 0xf986, 0xf986, 0xf986, 0xf986, 
	0xf986, 0xf986, 0xf986, 0xf986, 0xf986, 0xf986, 0xf986, 0xf986, 0xf986, 0xf986, 0xf986, 0xf986, 0xf986, 0xf986, 0xf986, 0xf986, 
	0xf986, 0xf986, 0xf986, 0xf986, 0xf986, 0xf986, 0xf986, 0xf986, 0xf986, 0xf986, 0xf986, 0xf986, 0xf986, 0xf986, 0xf986, 0xf986, 
	0xf986, 0xf986, 0xf986, 0xf986, 0xf986, 0xf986, 0xf986, 0xf986, 0xf986, 0xf986, 0xf986, 0xf986, 0xf986, 0xf986, 0xf986, 0xf986, 
	0xf986, 0xf986, 0xf986, 0xf986, 0xf986, 0xf986, 0xf986, 0xf986, 0xf986, 0xf986, 0xf986, 0xf986, 0xf986, 0xf986, 0xf986, 0xf986, 
	0xf986, 0xf986, 0xf986, 0xf986, 0xf965, 0xf165, 0xe965, 0xe145, 0xe145, 0xe145, 0xe145, 0xd145, 0xc124, 0xb924, 0xb104, 0xa904, 
	0xa904, 0xb104, 0xa904, 0xb104, 0xc124, 0xb104, 0x98e3, 0x88c3, 0x78c3, 0x78c3, 0x78c3, 0x80c3, 0x98e3, 0xb104, 0xb104, 0xb104, 
	0x98e4, 0x88e4, 0x88c3, 0xb104, 0xc124, 0xc124, 0xc124, 0xc124, 0xc124, 0xc124, 0xb924, 0xa904, 0xa0e4, 0xa0e4, 0xa904, 0xb104, 
	0xb924, 0xc924, 0xd945, 0xe165, 0xe965, 0xe965, 0xe165, 0xe965, 0xf165, 0xf986, 0xf986, 0xf986, 0xf986, 0xf986, 0xf986, 0xf986, 
	0xf986, 0xf986, 0xf986, 0xf986, 0xf986, 0xf986, 0xf986, 0xf986, 0xf986, 0xf986, 0xf986, 0xf986, 0xf986, 0xf986, 0xf986, 0xf986, 
	0xf986, 0xf986, 0xf986, 0xf986, 0xf986, 0xf986, 0xf986, 0xf986, 0xf986, 0xf986, 0xf986, 0xf986, 0xf986, 0xf986, 0xf986, 0xf986, 
	0xf986, 0xf986, 0xf986, 0xf986, 0xf986, 0xf986, 0xf986, 0xf986, 0xf986, 0xf986, 0xf986, 0xf986, 0xf986, 0xf986, 0xf986, 0xf986, 
	0xf986, 0xf986, 0xf986, 0xf986, 0xf986, 0xf986, 0xf986, 0xf986, 0xf986, 0xf986, 0xf986, 0xf986, 0xf986, 0xf986, 0xf986, 0xf986, 
	0xf986, 0xf986, 0xf986, 0xf986, 0xf986, 0xf986, 0xf965, 0xf165, 0xe965, 0xe145, 0xe145, 0xe165, 0xd945, 0xc924, 0xb924, 0xb104, 
	0xb104, 0xa904, 0xa0e3, 0xa0e4, 0xc124, 0xc924, 0xc924, 0xb924, 0x98e3, 0x90e3, 0x98e3, 0x90e3, 0x88c3, 0x90e3, 0x90e4, 0x90e3, 
	0x80c3, 0xa104, 0xb924, 0xc124, 0xc124, 0xc124, 0xc124, 0xc124, 0xc124, 0xb104, 0xa104, 0xa0e3, 0xa104, 0xa904, 0xb104, 0xb924, 
	0xc924, 0xe145, 0xe165, 0xe965, 0xe965, 0xe965, 0xe965, 0xf165, 0xf986, 0xf986, 0xf986, 0xf986, 0xf986, 0xf986, 0xf986, 0xf986, 
	0xf986, 0xf986, 0xf986, 0xf986, 0xf986, 0xf986, 0xf986, 0xf986, 0xf986, 0xf986, 0xf986, 0xf986, 0xf986, 0xf986, 0xf986, 0xf986, 
	0xf986, 0xf986, 0xf986, 0xf986, 0xf986, 0xf986, 0xf986, 0xf986, 0xf986, 0xf986, 0xf986, 0xf986, 0xf986, 0xf986, 0xf986, 0xf986, 
	0xf986, 0xf986, 0xf986, 0xf986, 0xf986, 0xf986, 0xf986, 0xf986, 0xf986, 0xf986, 0xf986, 0xf986, 0xf986, 0xf986, 0xf986, 0xf986, 
	0xf986, 0xf986, 0xf986, 0xf986, 0xf986, 0xf986, 0xf986, 0xf986, 0xf986, 0xf986, 0xf986, 0xf986, 0xf986, 0xf986, 0xf986, 0xf986, 
	0xf986, 0xf986, 0xf986, 0xf986, 0xf986, 0xf986, 0xf986, 0xf986, 0xf165, 0xe965, 0xe165, 0xe145, 0xe145, 0xd945, 0xd145, 0xc124, 
	0xb924, 0xb104, 0xa904, 0xa104, 0xb104, 0xc124, 0xc124, 0xc924, 0xc124, 0xb924, 0xc124, 0xc124, 0xb924, 0xb924, 0xb124, 0xa904, 
	0xb904, 0xb924, 0xc124, 0xc124, 0xc124, 0xc124, 0xb104, 0xb104, 0xa104, 0x98e4, 0xa0e4, 0xb104, 0xc124, 0xc945, 0xd145, 0xc924, 
	0xd945, 0xe165, 0xe965, 0xe965, 0xe965, 0xf165, 0xf986, 0xf986, 0xf986, 0xf986, 0xf986, 0xf986, 0xf986, 0xf986, 0xf986, 0xf986, 
	0xf986, 0xf986, 0xf986, 0xf986, 0xf986, 0xf986, 0xf986, 0xf986, 0xf986, 0xf986, 0xf986, 0xf986, 0xf986, 0xf986, 0xf986, 0xf986, 
	0xf986, 0xf986, 0xf986, 0xf986, 0xf986, 0xf986, 0xf986, 0xf986, 0xf986, 0xf986, 0xf986, 0xf986, 0xf986, 0xf986, 0xf986, 0xf986, 
	0xf986, 0xf986, 0xf986, 0xf986, 0xf986, 0xf986, 0xf986, 0xf986, 0xf986, 0xf986, 0xf986, 0xf986, 0xf986, 0xf986, 0xf986, 0xf986, 
	0xf986, 0xf986, 0xf986, 0xf986, 0xf986, 0xf986, 0xf986, 0xf986, 0xf986, 0xf986, 0xf986, 0xf986, 0xf986, 0xf986, 0xf986, 0xf986, 
	0xf986, 0xf986, 0xf986, 0xf986, 0xf986, 0xf986, 0xf986, 0xf986, 0xf986, 0xf965, 0xf165, 0xe965, 0xe145, 0xe145, 0xe165, 0xe145, 
	0xd145, 0xc124, 0xb104, 0xa904, 0xa104, 0xa0e4, 0xb104, 0xc124, 0xc924, 0xc124, 0xc124, 0xc124, 0xc124, 0xb924, 0xb924, 0xb924, 
	0xb924, 0xc124, 0xc124, 0xc124, 0xc124, 0xb104, 0xa104, 0x98e4, 0x98e3, 0xa904, 0xb104, 0xd145, 0xd945, 0xd945, 0xd945, 0xd945, 
	0xe165, 0xe965, 0xe965, 0xe965, 0xf165, 0xf986, 0xf986, 0xf986, 0xf986, 0xf986, 0xf986, 0xf986, 0xf986, 0xf986, 0xf986, 0xf986, 
	0xf986, 0xf986, 0xf986, 0xf986, 0xf986, 0xf986, 0xf986, 0xf986, 0xf986, 0xf986, 0xf986, 0xf986, 0xf986, 0xf986, 0xf986, 0xf986, 
	0xf986, 0xf986, 0xf986, 0xf986, 0xf986, 0xf986, 0xf986, 0xf986, 0xf986, 0xf986, 0xf986, 0xf986, 0xf986, 0xf986, 0xf986, 0xf986, 
	0xf986, 0xf986, 0xf986, 0xf986, 0xf986, 0xf986, 0xf986, 0xf986, 0xf986, 0xf986, 0xf986, 0xf986, 0xf986, 0xf986, 0xf986, 0xf986, 
	0xf986, 0xf986, 0xf986, 0xf986, 0xf986, 0xf986, 0xf986, 0xf986, 0xf986, 0xf986, 0xf986, 0xf986, 0xf986, 0xf986, 0xf986, 0xf986, 
	0xf986, 0xf986, 0xf986, 0xf986, 0xf986, 0xf986, 0xf986, 0xf986, 0xf986, 0xf986, 0xf986, 0xf165, 0xe965, 0xe145, 0xe145, 0xe145, 
	0xe145, 0xd945, 0xc924, 0xb904, 0xa904, 0xa104, 0xa0e3, 0xb104, 0xc924, 0xc924, 0xc124, 0xc124, 0xb924, 0xc124, 0xb924, 0xb924, 
	0xb924, 0xc124, 0xc124, 0xb924, 0xa104, 0x90e3, 0x98e3, 0xa904, 0xc124, 0xc925, 0xd145, 0xd945, 0xd945, 0xe145, 0xe165, 0xe965, 
	0xe965, 0xe965, 0xe965, 0xf965, 0xf986, 0xf986, 0xf986, 0xf986, 0xf986, 0xf986, 0xf986, 0xf986, 0xf986, 0xf986, 0xf986, 0xf986, 
	0xf986, 0xf986, 0xf986, 0xf986, 0xf986, 0xf986, 0xf986, 0xf986, 0xf986, 0xf986, 0xf986, 0xf986, 0xf986, 0xf986, 0xf986, 0xf986, 
	0xf986, 0xf986, 0xf986, 0xf986, 0xf986, 0xf986, 0xf986, 0xf986, 0xf986, 0xf986, 0xf986, 0xf986, 0xf986, 0xf986, 0xf986, 0xf986, 
	0xf986, 0xf986, 0xf986, 0xf986, 0xf986, 0xf986, 0xf986, 0xf986, 0xf986, 0xf986, 0xf986, 0xf986, 0xf986, 0xf986, 0xf986, 0xf986, 
	0xf986, 0xf986, 0xf986, 0xf986, 0xf986, 0xf986, 0xf986, 0xf986, 0xf986, 0xf986, 0xf986, 0xf986, 0xf986, 0xf986, 0xf986, 0xf986, 
	0xf986, 0xf986, 0xf986, 0xf986, 0xf986, 0xf986, 0xf986, 0xf986, 0xf986, 0xf986, 0xf986, 0xf986, 0xf165, 0xf165, 0xe965, 0xe145, 
	0xe145, 0xe165, 0xe145, 0xd945, 0xc924, 0xb104, 0xa904, 0xa104, 0xb104, 0xc124, 0xc924, 0xb924, 0xb924, 0xc124, 0xb924, 0xb924, 
	0xc124, 0xb924, 0xa104, 0x90e3, 0x90e3, 0xa904, 0xb924, 0xc925, 0xd145, 0xd145, 0xd145, 0xd945, 0xe145, 0xe165, 0xe165, 0xe165, 
	0xe965, 0xf165, 0xf986, 0xf986, 0xf986, 0xf986, 0xf986, 0xf986, 0xf986, 0xf986, 0xf986, 0xf986, 0xf986, 0xf986, 0xf986, 0xf986, 
	0xf986, 0xf986, 0xf986, 0xf986, 0xf986, 0xf986, 0xf986, 0xf986, 0xf986, 0xf986, 0xf986, 0xf986, 0xf986, 0xf986, 0xf986, 0xf986, 
	0xf986, 0xf986, 0xf986, 0xf986, 0xf986, 0xf986, 0xf986, 0xf986, 0xf986, 0xf986, 0xf986, 0xf986, 0xf986, 0xf986, 0xf986, 0xf986, 
	0xf986, 0xf986, 0xf986, 0xf986, 0xf986, 0xf986, 0xf986, 0xf986, 0xf986, 0xf986, 0xf986, 0xf986, 0xf986, 0xf986, 0xf986, 0xf986, 
	0xf986, 0xf986, 0xf986, 0xf986, 0xf986, 0xf986, 0xf986, 0xf986, 0xf986, 0xf986, 0xf986, 0xf986, 0xf986, 0xf986, 0xf986, 0xf986, 
	0xf986, 0xf986, 0xf986, 0xf986, 0xf986, 0xf986, 0xf986, 0xf986, 0xf986, 0xf986, 0xf986, 0xf986, 0xf986, 0xf965, 0xf165, 0xe965, 
	0xd945, 0xe145, 0xe165, 0xe145, 0xd945, 0xd145, 0xc124, 0xb104, 0xa0e4, 0xa904, 0xc124, 0xc924, 0xc124, 0xc124, 0xb924, 0xc124, 
	0xb124, 0xa104, 0x88c3, 0xa104, 0xb924, 0xc924, 0xd145, 0xd145, 0xd145, 0xd145, 0xd945, 0xe145, 0xe165, 0xe165, 0xe165, 0xe965, 
	0xf165, 0xf986, 0xf986, 0xf986, 0xf986, 0xf986, 0xf986, 0xf986, 0xf986, 0xf986, 0xf986, 0xf986, 0xf986, 0xf986, 0xf986, 0xf986, 
	0xf986, 0xf986, 0xf986, 0xf986, 0xf986, 0xf986, 0xf986, 0xf986, 0xf986, 0xf986, 0xf986, 0xf986, 0xf986, 0xf986, 0xf986, 0xf986, 
	0xf986, 0xf986, 0xf986, 0xf986, 0xf986, 0xf986, 0xf986, 0xf986, 0xf986, 0xf986, 0xf986, 0xf986, 0xf986, 0xf986, 0xf986, 0xf986, 
	0xf986, 0xf986, 0xf986, 0xf986, 0xf986, 0xf986, 0xf986, 0xf986, 0xf986, 0xf986, 0xf986, 0xf986, 0xf986, 0xf986, 0xf986, 0xf986, 
	0xf986, 0xf986, 0xf986, 0xf986, 0xf986, 0xf986, 0xf986, 0xf986, 0xf986, 0xf986, 0xf986, 0xf986, 0xf986, 0xf986, 0xf986, 0xf986, 
	0xf986, 0xf986, 0xf986, 0xf986, 0xf986, 0xf986, 0xf986, 0xf986, 0xf986, 0xf986, 0xf986, 0xf986, 0xf986, 0xf986, 0xf986, 0xf165, 
	0xe965, 0xe165, 0xe965, 0xd945, 0xd945, 0xd945, 0xd945, 0xd145, 0xc124, 0xb104, 0xb904, 0xc924, 0xc124, 0xc124, 0xc124, 0xc124, 
	0x90e4, 0x90e4, 0xb104, 0xc124, 0xc924, 0xd145, 0xd145, 0xd145, 0xd145, 0xd945, 0xe145, 0xe145, 0xe165, 0xe965, 0xf165, 0xf965, 
	0xf986, 0xf986, 0xf986, 0xf986, 0xf986, 0xf986, 0xf986, 0xf986, 0xf986, 0xf986, 0xf986, 0xf986, 0xf986, 0xf986, 0xf986, 0xf986, 
	0xf986, 0xf986, 0xf986, 0xf986, 0xf986, 0xf986, 0xf986, 0xf986, 0xf986, 0xf986, 0xf986, 0xf986, 0xf986, 0xf986, 0xf986, 0xf986, 
	0xf986, 0xf986, 0xf986, 0xf986, 0xf986, 0xf986, 0xf986, 0xf986, 0xf986, 0xf986, 0xf986, 0xf986, 0xf986, 0xf986, 0xf986, 0xf986, 
	0xf986, 0xf986, 0xf986, 0xf986, 0xf986, 0xf986, 0xf986, 0xf986, 0xf986, 0xf986, 0xf986, 0xf986, 0xf986, 0xf986, 0xf986, 0xf986, 
	0xf986, 0xf986, 0xf986, 0xf986, 0xf986, 0xf986, 0xf986, 0xf986, 0xf986, 0xf986, 0xf986, 0xf986, 0xf986, 0xf986, 0xf986, 0xf986, 
	0xf986, 0xf986, 0xf986, 0xf986, 0xf986, 0xf986, 0xf986, 0xf986, 0xf986, 0xf986, 0xf986, 0xf986, 0xf986, 0xf986, 0xf986, 0xf986, 
	0xf165, 0xf165, 0xe965, 0xe165, 0xe165, 0xe145, 0xd945, 0xd945, 0xd145, 0xd145, 0xc924, 0xc924, 0xc924, 0xc924, 0xc124, 0xc124, 
	0xb924, 0xa104, 0xc124, 0xc924, 0xd145, 0xd145, 0xd145, 0xc945, 0xd145, 0xe145, 0xe145, 0xe965, 0xe965, 0xf165, 0xf165, 0xf986, 
	0xf986, 0xf986, 0xf986, 0xf986, 0xf986, 0xf986, 0xf986, 0xf986, 0xf986, 0xf986, 0xf986, 0xf986, 0xf986, 0xf986, 0xf986, 0xf986, 
	0xf986, 0xf986, 0xf986, 0xf986, 0xf986, 0xf986, 0xf986, 0xf986, 0xf986, 0xf986, 0xf986, 0xf986, 0xf986, 0xf986, 0xf986, 0xf986, 
	0xf986, 0xf986, 0xf986, 0xf986, 0xf986, 0xf986, 0xf986, 0xf986, 0xf986, 0xf986, 0xf986, 0xf986, 0xf986, 0xf986, 0xf986, 0xf986, 
	0xf986, 0xf986, 0xf986, 0xf986, 0xf986, 0xf986, 0xf986, 0xf986, 0xf986, 0xf986, 0xf986, 0xf986, 0xf986, 0xf986, 0xf986, 0xf986, 
	0xf986, 0xf986, 0xf986, 0xf986, 0xf986, 0xf986, 0xf986, 0xf986, 0xf986, 0xf986, 0xf986, 0xf986, 0xf986, 0xf986, 0xf986, 0xf986, 
	0xf986, 0xf986, 0xf986, 0xf986, 0xf986, 0xf986, 0xf986, 0xf986, 0xf986, 0xf986, 0xf986, 0xf986, 0xf986, 0xf986, 0xf986, 0xf986, 
	0xf986, 0xf165, 0xe965, 0xe965, 0xe965, 0xe165, 0xe145, 0xd945, 0xd945, 0xd145, 0xd145, 0xc945, 0xc924, 0xc924, 0xc124, 0xc124, 
	0xc124, 0xb924, 0xc924, 0xd145, 0xd145, 0xd145, 0xd945, 0xd945, 0xd945, 0xd945, 0xe965, 0xe965, 0xf165, 0xf965, 0xf986, 0xf986, 
	0xf986, 0xf986, 0xf986, 0xf986, 0xf986, 0xf986, 0xf986, 0xf986, 0xf986, 0xf986, 0xf986, 0xf986, 0xf986, 0xf986, 0xf986, 0xf986, 
	0xf986, 0xf986, 0xf986, 0xf986, 0xf986, 0xf986, 0xf986, 0xf986, 0xf986, 0xf986, 0xf986, 0xf986, 0xf986, 0xf986, 0xf986, 0xf986, 
	0xf986, 0xf986, 0xf986, 0xf986, 0xf986, 0xf986, 0xf986, 0xf986, 0xf986, 0xf986, 0xf986, 0xf986, 0xf986, 0xf986, 0xf986, 0xf986, 
	0xf986, 0xf986, 0xf986, 0xf986, 0xf986, 0xf986, 0xf986, 0xf986, 0xf986, 0xf986, 0xf986, 0xf986, 0xf986, 0xf986, 0xf986, 0xf986, 
	0xf986, 0xf986, 0xf986, 0xf986, 0xf986, 0xf986, 0xf986, 0xf986, 0xf986, 0xf986, 0xf986, 0xf986, 0xf986, 0xf986, 0xf986, 0xf986, 
	0xf986, 0xf986, 0xf986, 0xf986, 0xf986, 0xf986, 0xf986, 0xf986, 0xf986, 0xf986, 0xf986, 0xf986, 0xf986, 0xf986, 0xf986, 0xf986, 
	0xf986, 0xf986, 0xf165, 0xe965, 0xe165, 0xe165, 0xe165, 0xe145, 0xd945, 0xd945, 0xd145, 0xc945, 0xc924, 0xc924, 0xc924, 0xc124, 
	0xc924, 0xc924, 0xc945, 0xd145, 0xd145, 0xd145, 0xd145, 0xd945, 0xd945, 0xe965, 0xe965, 0xf165, 0xf165, 0xf986, 0xf986, 0xf986, 
	0xf986, 0xf986, 0xf986, 0xf986, 0xf986, 0xf986, 0xf986, 0xf986, 0xf986, 0xf986, 0xf986, 0xf986, 0xf986, 0xf986, 0xf986, 0xf986, 
	0xf986, 0xf986, 0xf986, 0xf986, 0xf986, 0xf986, 0xf986, 0xf986, 0xf986, 0xf986, 0xf986, 0xf986, 0xf986, 0xf986, 0xf986, 0xf986, 
	0xf986, 0xf986, 0xf986, 0xf986, 0xf986, 0xf986, 0xf986, 0xf986, 0xf986, 0xf986, 0xf986, 0xf986, 0xf986, 0xf986, 0xf986, 0xf986, 
	0xf986, 0xf986, 0xf986, 0xf986, 0xf986, 0xf986, 0xf986, 0xf986, 0xf986, 0xf986, 0xf986, 0xf986, 0xf986, 0xf986, 0xf986, 0xf986, 
	0xf986, 0xf986, 0xf986, 0xf986, 0xf986, 0xf986, 0xf986, 0xf986, 0xf986, 0xf986, 0xf986, 0xf986, 0xf986, 0xf986, 0xf986, 0xf986, 
	0xf986, 0xf986, 0xf986, 0xf986, 0xf986, 0xf986, 0xf986, 0xf986, 0xf986, 0xf986, 0xf986, 0xf986, 0xf986, 0xf986, 0xf986, 0xf986, 
	0xf986, 0xf986, 0xf986, 0xf165, 0xe965, 0xe965, 0xe165, 0xe145, 0xe145, 0xd945, 0xd945, 0xd145, 0xc124, 0xb924, 0xc124, 0xc124, 
	0xc924, 0xc924, 0xd145, 0xd145, 0xd945, 0xc925, 0xc925, 0xe145, 0xe965, 0xe965, 0xf165, 0xf965, 0xf986, 0xf986, 0xf986, 0xf986, 
	0xf986, 0xf986, 0xf986, 0xf986, 0xf986, 0xf986, 0xf986, 0xf986, 0xf986, 0xf986, 0xf986, 0xf986, 0xf986, 0xf986, 0xf986, 0xf986, 
	0xf986, 0xf986, 0xf986, 0xf986, 0xf986, 0xf986, 0xf986, 0xf986, 0xf986, 0xf986, 0xf986, 0xf986, 0xf986, 0xf986, 0xf986, 0xf986, 
	0xf986, 0xf986, 0xf986, 0xf986, 0xf986, 0xf986, 0xf986, 0xf986, 0xf986, 0xf986, 0xf986, 0xf986, 0xf986, 0xf986, 0xf986, 0xf986, 
	0xf986, 0xf986, 0xf986, 0xf986, 0xf986, 0xf986, 0xf986, 0xf986, 0xf986, 0xf986, 0xf986, 0xf986, 0xf986, 0xf986, 0xf986, 0xf986, 
	0xf986, 0xf986, 0xf986, 0xf986, 0xf986, 0xf986, 0xf986, 0xf986, 0xf986, 0xf986, 0xf986, 0xf986, 0xf986, 0xf986, 0xf986, 0xf986, 
	0xf986, 0xf986, 0xf986, 0xf986, 0xf986, 0xf986, 0xf986, 0xf986, 0xf986, 0xf986, 0xf986, 0xf986, 0xf986, 0xf986, 0xf986, 0xf986, 
	0xf986, 0xf986, 0xf986, 0xf986, 0xf165, 0xe965, 0xe965, 0xe145, 0xe145, 0xe145, 0xd945, 0xd945, 0xd145, 0xc924, 0xb104, 0xa104, 
	0xc924, 0xd145, 0xd145, 0xd945, 0xd945, 0xd945, 0xe165, 0xe965, 0xe965, 0xf165, 0xf965, 0xf986, 0xf986, 0xf986, 0xf986, 0xf986, 
	0xf986, 0xf986, 0xf986, 0xf986, 0xf986, 0xf986, 0xf986, 0xf986, 0xf986, 0xf986, 0xf986, 0xf986, 0xf986, 0xf986, 0xf986, 0xf986, 
	0xf986, 0xf986, 0xf986, 0xf986, 0xf986, 0xf986, 0xf986, 0xf986, 0xf986, 0xf986, 0xf986, 0xf986, 0xf986, 0xf986, 0xf986, 0xf986, 
	0xf986, 0xf986, 0xf986, 0xf986, 0xf986, 0xf986, 0xf986, 0xf986, 0xf986, 0xf986, 0xf986, 0xf986, 0xf986, 0xf986, 0xf986, 0xf986, 
	0xf986, 0xf986, 0xf986, 0xf986, 0xf986, 0xf986, 0xf986, 0xf986, 0xf986, 0xf986, 0xf986, 0xf986, 0xf986, 0xf986, 0xf986, 0xf986, 
	0xf986, 0xf986, 0xf986, 0xf986, 0xf986, 0xf986, 0xf986, 0xf986, 0xf986, 0xf986, 0xf986, 0xf986, 0xf986, 0xf986, 0xf986, 0xf986, 
	0xf986, 0xf986, 0xf986, 0xf986, 0xf986, 0xf986, 0xf986, 0xf986, 0xf986, 0xf986, 0xf986, 0xf986, 0xf986, 0xf986, 0xf986, 0xf986, 
	0xf986, 0xf986, 0xf986, 0xf986, 0xf986, 0xf165, 0xe965, 0xe965, 0xe165, 0xe145, 0xd945, 0xd945, 0xd145, 0xd145, 0xc924, 0xb924, 
	0xd145, 0xd145, 0xd945, 0xd945, 0xe145, 0xe165, 0xe965, 0xe965, 0xf165, 0xf965, 0xf986, 0xf986, 0xf986, 0xf986, 0xf986, 0xf986, 
	0xf986, 0xf986, 0xf986, 0xf986, 0xf986, 0xf986, 0xf986, 0xf986, 0xf986, 0xf986, 0xf986, 0xf986, 0xf986, 0xf986, 0xf986, 0xf986, 
	0xf986, 0xf986, 0xf986, 0xf986, 0xf986, 0xf986, 0xf986, 0xf986, 0xf986, 0xf986, 0xf986, 0xf986, 0xf986, 0xf986, 0xf986, 0xf986, 
	0xf986, 0xf986, 0xf986, 0xf986, 0xf986, 0xf986, 0xf986, 0xf986, 0xf986, 0xf986, 0xf986, 0xf986, 0xf986, 0xf986, 0xf986, 0xf986, 
	0xf986, 0xf986, 0xf986, 0xf986, 0xf986, 0xf986, 0xf986, 0xf986, 0xf986, 0xf986, 0xf986, 0xf986, 0xf986, 0xf986, 0xf986, 0xf986, 
	0xf986, 0xf986, 0xf986, 0xf986, 0xf986, 0xf986, 0xf986, 0xf986, 0xf986, 0xf986, 0xf986, 0xf986, 0xf986, 0xf986, 0xf986, 0xf986, 
	0xf986, 0xf986, 0xf986, 0xf986, 0xf986, 0xf986, 0xf986, 0xf986, 0xf986, 0xf986, 0xf986, 0xf986, 0xf986, 0xf986, 0xf986, 0xf986, 
	0xf986, 0xf986, 0xf986, 0xf986, 0xf986, 0xf986, 0xf165, 0xe965, 0xe965, 0xe165, 0xe145, 0xd945, 0xd945, 0xd145, 0xd145, 0xc945, 
	0xd145, 0xd145, 0xd945, 0xd945, 0xe145, 0xe965, 0xe965, 0xe965, 0xf165, 0xf986, 0xf986, 0xf986, 0xf986, 0xf986, 0xf986, 0xf986, 
	0xf986, 0xf986, 0xf986, 0xf986, 0xf986, 0xf986, 0xf986, 0xf986, 0xf986, 0xf986, 0xf986, 0xf986, 0xf986, 0xf986, 0xf986, 0xf986, 
	0xf986, 0xf986, 0xf986, 0xf986, 0xf986, 0xf986, 0xf986, 0xf986, 0xf986, 0xf986, 0xf986, 0xf986, 0xf986, 0xf986, 0xf986, 0xf986, 
	0xf986, 0xf986, 0xf986, 0xf986, 0xf986, 0xf986, 0xf986, 0xf986, 0xf986, 0xf986, 0xf986, 0xf986, 0xf986, 0xf986, 0xf986, 0xf986, 
	0xf986, 0xf986, 0xf986, 0xf986, 0xf986, 0xf986, 0xf986, 0xf986, 0xf986, 0xf986, 0xf986, 0xf986, 0xf986, 0xf986, 0xf986, 0xf986, 
	0xf986, 0xf986, 0xf986, 0xf986, 0xf986, 0xf986, 0xf986, 0xf986, 0xf986, 0xf986, 0xf986, 0xf986, 0xf986, 0xf986, 0xf986, 0xf986, 
	0xf986, 0xf986, 0xf986, 0xf986, 0xf986, 0xf986, 0xf986, 0xf986, 0xf986, 0xf986, 0xf986, 0xf986, 0xf986, 0xf986, 0xf986, 0xf986, 
	0xf986, 0xf986, 0xf986, 0xf986, 0xf986, 0xf986, 0xf986, 0xf165, 0xe965, 0xe965, 0xe165, 0xe145, 0xd945, 0xd945, 0xd145, 0xd145, 
	0xd145, 0xd945, 0xd945, 0xe145, 0xe165, 0xe965, 0xe965, 0xf165, 0xf986, 0xf986, 0xf986, 0xf986, 0xf986, 0xf986, 0xf986, 0xf986, 
	0xf986, 0xf986, 0xf986, 0xf986, 0xf986, 0xf986, 0xf986, 0xf986, 0xf986, 0xf986, 0xf986, 0xf986, 0xf986, 0xf986, 0xf986, 0xf986, 
	0xf986, 0xf986, 0xf986, 0xf986, 0xf986, 0xf986, 0xf986, 0xf986, 0xf986, 0xf986, 0xf986, 0xf986, 0xf986, 0xf986, 0xf986, 0xf986, 
	0xf986, 0xf986, 0xf986, 0xf986, 0xf986, 0xf986, 0xf986, 0xf986, 0xf986, 0xf986, 0xf986, 0xf986, 0xf986, 0xf986, 0xf986, 0xf986, 
	0xf986, 0xf986, 0xf986, 0xf986, 0xf986, 0xf986, 0xf986, 0xf986, 0xf986, 0xf986, 0xf986, 0xf986, 0xf986, 0xf986, 0xf986, 0xf986, 
	0xf986, 0xf986, 0xf986, 0xf986, 0xf986, 0xf986, 0xf986, 0xf986, 0xf986, 0xf986, 0xf986, 0xf986, 0xf986, 0xf986, 0xf986, 0xf986, 
	0xf986, 0xf986, 0xf986, 0xf986, 0xf986, 0xf986, 0xf986, 0xf986, 0xf986, 0xf986, 0xf986, 0xf986, 0xf986, 0xf986, 0xf986, 0xf986, 
	0xf986, 0xf986, 0xf986, 0xf986, 0xf986, 0xf986, 0xf986, 0xf986, 0xf165, 0xe165, 0xe165, 0xe165, 0xe145, 0xd945, 0xd945, 0xd145, 
	0xd945, 0xd945, 0xe145, 0xe165, 0xe965, 0xe965, 0xe965, 0xf986, 0xf986, 0xf986, 0xf986, 0xf986, 0xf986, 0xf986, 0xf986, 0xf986, 
	0xf986, 0xf986, 0xf986, 0xf986, 0xf986, 0xf986, 0xf986, 0xf986, 0xf986, 0xf986, 0xf986, 0xf986, 0xf986, 0xf986, 0xf986, 0xf986, 
	0xf986, 0xf986, 0xf986, 0xf986, 0xf986, 0xf986, 0xf986, 0xf986, 0xf986, 0xf986, 0xf986, 0xf986, 0xf986, 0xf986, 0xf986, 0xf986, 
	0xf986, 0xf986, 0xf986, 0xf986, 0xf986, 0xf986, 0xf986, 0xf986, 0xf986, 0xf986, 0xf986, 0xf986, 0xf986, 0xf986, 0xf986, 0xf986, 
	0xf986, 0xf986, 0xf986, 0xf986, 0xf986, 0xf986, 0xf986, 0xf986, 0xf986, 0xf986, 0xf986, 0xf986, 0xf986, 0xf986, 0xf986, 0xf986, 
	0xf986, 0xf986, 0xf986, 0xf986, 0xf986, 0xf986, 0xf986, 0xf986, 0xf986, 0xf986, 0xf986, 0xf986, 0xf986, 0xf986, 0xf986, 0xf986, 
	0xf986, 0xf986, 0xf986, 0xf986, 0xf986, 0xf986, 0xf986, 0xf986, 0xf986, 0xf986, 0xf986, 0xf986, 0xf986, 0xf986, 0xf986, 0xf986, 
	0xf986, 0xf986, 0xf986, 0xf986, 0xf986, 0xf986, 0xf986, 0xf986, 0xf965, 0xf165, 0xe165, 0xe165, 0xe165, 0xd945, 0xd945, 0xd145, 
	0xd945, 0xe145, 0xe165, 0xe965, 0xe965, 0xf165, 0xf986, 0xf986, 0xf986, 0xf986, 0xf986, 0xf986, 0xf986, 0xf986, 0xf986, 0xf986, 
	0xf986, 0xf986, 0xf986, 0xf986, 0xf986, 0xf986, 0xf986, 0xf986, 0xf986, 0xf986, 0xf986, 0xf986, 0xf986, 0xf986, 0xf986, 0xf986, 
	0xf986, 0xf986, 0xf986, 0xf986, 0xf986, 0xf986, 0xf986, 0xf986, 0xf986, 0xf986, 0xf986, 0xf986, 0xf986, 0xf986, 0xf986, 0xf986, 
	0xf986, 0xf986, 0xf986, 0xf986, 0xf986, 0xf986, 0xf986, 0xf986, 0xf986, 0xf986, 0xf986, 0xf986, 0xf986, 0xf986, 0xf986, 0xf986, 
	0xf986, 0xf986, 0xf986, 0xf986, 0xf986, 0xf986, 0xf986, 0xf986, 0xf986, 0xf986, 0xf986, 0xf986, 0xf986, 0xf986, 0xf986, 0xf986, 
	0xf986, 0xf986, 0xf986, 0xf986, 0xf986, 0xf986, 0xf986, 0xf986, 0xf986, 0xf986, 0xf986, 0xf986, 0xf986, 0xf986, 0xf986, 0xf986, 
	0xf986, 0xf986, 0xf986, 0xf986, 0xf986, 0xf986, 0xf986, 0xf986, 0xf986, 0xf986, 0xf986, 0xf986, 0xf986, 0xf986, 0xf986, 0xf986, 
	0xf986, 0xf986, 0xf986, 0xf986, 0xf986, 0xf986, 0xf986, 0xf986, 0xf986, 0xf165, 0xe965, 0xe965, 0xe165, 0xe145, 0xd945, 0xd945, 
	0xd945, 0xe145, 0xe965, 0xe965, 0xf165, 0xf965, 0xf986, 0xf986, 0xf986, 0xf986, 0xf986, 0xf986, 0xf986, 0xf986, 0xf986, 0xf986, 
	0xf986, 0xf986, 0xf986, 0xf986, 0xf986, 0xf986, 0xf986, 0xf986, 0xf986, 0xf986, 0xf986, 0xf986, 0xf986, 0xf986, 0xf986, 0xf986, 
	0xf986, 0xf986, 0xf986, 0xf986, 0xf986, 0xf986, 0xf986, 0xf986, 0xf986, 0xf986, 0xf986, 0xf986, 0xf986, 0xf986, 0xf986, 0xf986, 
	0xf986, 0xf986, 0xf986, 0xf986, 0xf986, 0xf986, 0xf986, 0xf986, 0xf986, 0xf986, 0xf986, 0xf986, 0xf986, 0xf986, 0xf986, 0xf986, 
	0xf986, 0xf986, 0xf986, 0xf986, 0xf986, 0xf986, 0xf986, 0xf986, 0xf986, 0xf986, 0xf986, 0xf986, 0xf986, 0xf986, 0xf986, 0xf986, 
	0xf986, 0xf986, 0xf986, 0xf986, 0xf986, 0xf986, 0xf986, 0xf986, 0xf986, 0xf986, 0xf986, 0xf986, 0xf986, 0xf986, 0xf986, 0xf986, 
	0xf986, 0xf986, 0xf986, 0xf986, 0xf986, 0xf986, 0xf986, 0xf986, 0xf986, 0xf986, 0xf986, 0xf986, 0xf986, 0xf986, 0xf986, 0xf986, 
	0xf986, 0xf986, 0xf986, 0xf986, 0xf986, 0xf986, 0xf986, 0xf986, 0xf986, 0xf986, 0xf165, 0xf165, 0xe965, 0xe165, 0xe145, 0xd945, 
	0xe145, 0xe165, 0xe965, 0xf165, 0xf165, 0xf986, 0xf986, 0xf986, 0xf986, 0xf986, 0xf986, 0xf986, 0xf986, 0xf986, 0xf986, 0xf986, 
	0xf986, 0xf986, 0xf986, 0xf986, 0xf986, 0xf986, 0xf986, 0xf986, 0xf986, 0xf986, 0xf986, 0xf986, 0xf986, 0xf986, 0xf986, 0xf986, 
	0xf986, 0xf986, 0xf986, 0xf986, 0xf986, 0xf986, 0xf986, 0xf986, 0xf986, 0xf986, 0xf986, 0xf986, 0xf986, 0xf986, 0xf986, 0xf986, 
	0xf986, 0xf986, 0xf986, 0xf986, 0xf986, 0xf986, 0xf986, 0xf986, 0xf986, 0xf986, 0xf986, 0xf986, 0xf986, 0xf986, 0xf986, 0xf986, 
	0xf986, 0xf986, 0xf986, 0xf986, 0xf986, 0xf986, 0xf986, 0xf986, 0xf986, 0xf986, 0xf986, 0xf986, 0xf986, 0xf986, 0xf986, 0xf986, 
	0xf986, 0xf986, 0xf986, 0xf986, 0xf986, 0xf986, 0xf986, 0xf986, 0xf986, 0xf986, 0xf986, 0xf986, 0xf986, 0xf986, 0xf986, 0xf986, 
	0xf986, 0xf986, 0xf986, 0xf986, 0xf986, 0xf986, 0xf986, 0xf986, 0xf986, 0xf986, 0xf986, 0xf986, 0xf986, 0xf986, 0xf986, 0xf986, 
	0xf986, 0xf986, 0xf986, 0xf986, 0xf986, 0xf986, 0xf986, 0xf986, 0xf986, 0xf986, 0xf986, 0xf165, 0xe965, 0xe965, 0xe165, 0xe145, 
	0xe165, 0xe965, 0xe965, 0xf165, 0xf986, 0xf986, 0xf986, 0xf986, 0xf986, 0xf986, 0xf986, 0xf986, 0xf986, 0xf986, 0xf986, 0xf986, 
	0xf986, 0xf986, 0xf986, 0xf986, 0xf986, 0xf986, 0xf986, 0xf986, 0xf986, 0xf986, 0xf986, 0xf986, 0xf986, 0xf986, 0xf986, 0xf986, 
	0xf986, 0xf986, 0xf986, 0xf986, 0xf986, 0xf986, 0xf986, 0xf986, 0xf986, 0xf986, 0xf986, 0xf986, 0xf986, 0xf986, 0xf986, 0xf986, 
	0xf986, 0xf986, 0xf986, 0xf986, 0xf986, 0xf986, 0xf986, 0xf986, 0xf986, 0xf986, 0xf986, 0xf986, 0xf986, 0xf986, 0xf986, 0xf986, 
	0xf986, 0xf986, 0xf986, 0xf986, 0xf986, 0xf986, 0xf986, 0xf986, 0xf986, 0xf986, 0xf986, 0xf986, 0xf986, 0xf986, 0xf986, 0xf986, 
	0xf986, 0xf986, 0xf986, 0xf986, 0xf986, 0xf986, 0xf986, 0xf986, 0xf986, 0xf986, 0xf986, 0xf986, 0xf986, 0xf986, 0xf986, 0xf986, 
	0xf986, 0xf986, 0xf986, 0xf986, 0xf986, 0xf986, 0xf986, 0xf986, 0xf986, 0xf986, 0xf986, 0xf986, 0xf986, 0xf986, 0xf986, 0xf986, 
	0xf986, 0xf986, 0xf986, 0xf986, 0xf986, 0xf986, 0xf986, 0xf986, 0xf986, 0xf986, 0xf986, 0xf965, 0xf165, 0xe965, 0xe965, 0xe145, 
	0xe965, 0xe965, 0xf165, 0xf965, 0xf986, 0xf986, 0xf986, 0xf986, 0xf986, 0xf986, 0xf986, 0xf986, 0xf986, 0xf986, 0xf986, 0xf986, 
	0xf986, 0xf986, 0xf986, 0xf986, 0xf986, 0xf986, 0xf986, 0xf986, 0xf986, 0xf986, 0xf986, 0xf986, 0xf986, 0xf986, 0xf986, 0xf986, 
	0xf986, 0xf986, 0xf986, 0xf986, 0xf986, 0xf986, 0xf986, 0xf986, 0xf986, 0xf986, 0xf986, 0xf986, 0xf986, 0xf986, 0xf986, 0xf986, 
	0xf986, 0xf986, 0xf986, 0xf986, 0xf986, 0xf986, 0xf986, 0xf986, 0xf986, 0xf986, 0xf986, 0xf986, 0xf986, 0xf986, 0xf986, 0xf986, 
	0xf986, 0xf986, 0xf986, 0xf986, 0xf986, 0xf986, 0xf986, 0xf986, 0xf986, 0xf986, 0xf986, 0xf986, 0xf986, 0xf986, 0xf986, 0xf986, 
	0xf986, 0xf986, 0xf986, 0xf986, 0xf986, 0xf986, 0xf986, 0xf986, 0xf986, 0xf986, 0xf986, 0xf986, 0xf986, 0xf986, 0xf986, 0xf986, 
	0xf986, 0xf986, 0xf986, 0xf986, 0xf986, 0xf986, 0xf986, 0xf986, 0xf986, 0xf986, 0xf986, 0xf986, 0xf986, 0xf986, 0xf986, 0xf986, 
	0xf986, 0xf986, 0xf986, 0xf986, 0xf986, 0xf986, 0xf986, 0xf986, 0xf986, 0xf986, 0xf986, 0xf986, 0xf165, 0xf165, 0xe965, 0xe165, 
	0xe965, 0xf165, 0xf165, 0xf986, 0xf986, 0xf986, 0xf986, 0xf986, 0xf986, 0xf986, 0xf986, 0xf986, 0xf986, 0xf986, 0xf986, 0xf986, 
	0xf986, 0xf986, 0xf986, 0xf986, 0xf986, 0xf986, 0xf986, 0xf986, 0xf986, 0xf986, 0xf986, 0xf986, 0xf986, 0xf986, 0xf986, 0xf986, 
	0xf986, 0xf986, 0xf986, 0xf986, 0xf986, 0xf986, 0xf986, 0xf986, 0xf986, 0xf986, 0xf986, 0xf986, 0xf986, 0xf986, 0xf986, 0xf986, 
	0xf986, 0xf986, 0xf986, 0xf986, 0xf986, 0xf986, 0xf986, 0xf986, 0xf986, 0xf986, 0xf986, 0xf986, 0xf986, 0xf986, 0xf986, 0xf986, 
	0xf986, 0xf986, 0xf986, 0xf986, 0xf986, 0xf986, 0xf986, 0xf986, 0xf986, 0xf986, 0xf986, 0xf986, 0xf986, 0xf986, 0xf986, 0xf986, 
	0xf986, 0xf986, 0xf986, 0xf986, 0xf986, 0xf986, 0xf986, 0xf986, 0xf986, 0xf986, 0xf986, 0xf986, 0xf986, 0xf986, 0xf986, 0xf986, 
	0xf986, 0xf986, 0xf986, 0xf986, 0xf986, 0xf986, 0xf986, 0xf986, 0xf986, 0xf986, 0xf986, 0xf986, 0xf986, 0xf986, 0xf986, 0xf986, 
	0xf986, 0xf986, 0xf986, 0xf986, 0xf986, 0xf986, 0xf986, 0xf986, 0xf986, 0xf986, 0xf986, 0xf986, 0xf986, 0xf165, 0xe965, 0xe965, 
	0xe965, 0xf165, 0xf986, 0xf986, 0xf986, 0xf986, 0xf986, 0xf986, 0xf986, 0xf986, 0xf986, 0xf986, 0xf986, 0xf986, 0xf986, 0xf986, 
	0xf986, 0xf986, 0xf986, 0xf986, 0xf986, 0xf986, 0xf986, 0xf986, 0xf986, 0xf986, 0xf986, 0xf986, 0xf986, 0xf986, 0xf986, 0xf986, 
	0xf986, 0xf986, 0xf986, 0xf986, 0xf986, 0xf986, 0xf986, 0xf986, 0xf986, 0xf986, 0xf986, 0xf986, 0xf986, 0xf986, 0xf986, 0xf986, 
	0xf986, 0xf986, 0xf986, 0xf986, 0xf986, 0xf986, 0xf986, 0xf986, 0xf986, 0xf986, 0xf986, 0xf986, 0xf986, 0xf986, 0xf986, 0xf986, 
	0xf986, 0xf986, 0xf986, 0xf986, 0xf986, 0xf986, 0xf986, 0xf986, 0xf986, 0xf986, 0xf986, 0xf986, 0xf986, 0xf986, 0xf986, 0xf986, 
	0xf986, 0xf986, 0xf986, 0xf986, 0xf986, 0xf986, 0xf986, 0xf986, 0xf986, 0xf986, 0xf986, 0xf986, 0xf986, 0xf986, 0xf986, 0xf986, 
	0xf986, 0xf986, 0xf986, 0xf986, 0xf986, 0xf986, 0xf986, 0xf986, 0xf986, 0xf986, 0xf986, 0xf986, 0xf986, 0xf986, 0xf986, 0xf986, 
	0xf986, 0xf986, 0xf986, 0xf986, 0xf986, 0xf986, 0xf986, 0xf986, 0xf986, 0xf986, 0xf986, 0xf986, 0xf986, 0xf965, 0xf165, 0xe965, 
	0xf165, 0xf965, 0xf986, 0xf986, 0xf986, 0xf986, 0xf986, 0xf986, 0xf986, 0xf986, 0xf986, 0xf986, 0xf986, 0xf986, 0xf986, 0xf986, 
	0xf986, 0xf986, 0xf986, 0xf986, 0xf986, 0xf986, 0xf986, 0xf986, 0xf986, 0xf986, 0xf986, 0xf986, 0xf986, 0xf986, 0xf986, 0xf986, 
	0xf986, 0xf986, 0xf986, 0xf986, 0xf986, 0xf986, 0xf986, 0xf986, 0xf986, 0xf986, 0xf986, 0xf986, 0xf986, 0xf986, 0xf986, 0xf986, 
	0xf986, 0xf986, 0xf986, 0xf986, 0xf986, 0xf986, 0xf986, 0xf986, 0xf986, 0xf986, 0xf986, 0xf986, 0xf986, 0xf986, 0xf986, 0xf986, 
	0xf986, 0xf986, 0xf986, 0xf986, 0xf986, 0xf986, 0xf986, 0xf986, 0xf986, 0xf986, 0xf986, 0xf986, 0xf986, 0xf986, 0xf986, 0xf986, 
	0xf986, 0xf986, 0xf986, 0xf986, 0xf986, 0xf986, 0xf986, 0xf986, 0xf986, 0xf986, 0xf986, 0xf986, 0xf986, 0xf986, 0xf986, 0xf986, 
	0xf986, 0xf986, 0xf986, 0xf986, 0xf986, 0xf986, 0xf986, 0xf986, 0xf986, 0xf986, 0xf986, 0xf986, 0xf986, 0xf986, 0xf986, 0xf986, 
	0xf986, 0xf986, 0xf986, 0xf986, 0xf986, 0xf986, 0xf986, 0xf986, 0xf986, 0xf986, 0xf986, 0xf986, 0xf986, 0xf986, 0xf165, 0xf165, 
	0xf165, 0xf986, 0xf986, 0xf986, 0xf986, 0xf986, 0xf986, 0xf986, 0xf986, 0xf986, 0xf986, 0xf986, 0xf986, 0xf986, 0xf986, 0xf986, 
	0xf986, 0xf986, 0xf986, 0xf986, 0xf986, 0xf986, 0xf986, 0xf986, 0xf986, 0xf986, 0xf986, 0xf986, 0xf986, 0xf986, 0xf986, 0xf986, 
	0xf986, 0xf986, 0xf986, 0xf986, 0xf986, 0xf986, 0xf986, 0xf986, 0xf986, 0xf986, 0xf986, 0xf986, 0xf986, 0xf986, 0xf986, 0xf986, 
	0xf986, 0xf986, 0xf986, 0xf986, 0xf986, 0xf986, 0xf986, 0xf986, 0xf986, 0xf986, 0xf986, 0xf986, 0xf986, 0xf986, 0xf986, 0xf986, 
	0xf986, 0xf986, 0xf986, 0xf986, 0xf986, 0xf986, 0xf986, 0xf986, 0xf986, 0xf986, 0xf986, 0xf986, 0xf986, 0xf986, 0xf986, 0xf986, 
	0xf986, 0xf986, 0xf986, 0xf986, 0xf986, 0xf986, 0xf986, 0xf986, 0xf986, 0xf986, 0xf986, 0xf986, 0xf986, 0xf986, 0xf986, 0xf986, 
	0xf986, 0xf986, 0xf986, 0xf986, 0xf986, 0xf986, 0xf986, 0xf986, 0xf986, 0xf986, 0xf986, 0xf986, 0xf986, 0xf986, 0xf986, 0xf986, 
	0xf986, 0xf986, 0xf986, 0xf986, 0xf986, 0xf986, 0xf986, 0xf986, 0xf986, 0xf986, 0xf986, 0xf986, 0xf986, 0xf986, 0xf986, 0xf165, 
	0xf965, 0xf986, 0xf986, 0xf986, 0xf986, 0xf986, 0xf986, 0xf986, 0xf986, 0xf986, 0xf986, 0xf986, 0xf986, 0xf986, 0xf986, 0xf986, 
	0xf986, 0xf986, 0xf986, 0xf986, 0xf986, 0xf986, 0xf986, 0xf986, 0xf986, 0xf986, 0xf986, 0xf986, 0xf986, 0xf986, 0xf986, 0xf986, 
	0xf986, 0xf986, 0xf986, 0xf986, 0xf986, 0xf986, 0xf986, 0xf986, 0xf986, 0xf986, 0xf986, 0xf986, 0xf986, 0xf986, 0xf986, 0xf986, 
	0xf986, 0xf986, 0xf986, 0xf986, 0xf986, 0xf986, 0xf986, 0xf986, 0xf986, 0xf986, 0xf986, 0xf986, 0xf986, 0xf986, 0xf986, 0xf986, 
	0xf986, 0xf986, 0xf986, 0xf986, 0xf986, 0xf986, 0xf986, 0xf986, 0xf986, 0xf986, 0xf986, 0xf986, 0xf986, 0xf986, 0xf986, 0xf986, 
	0xf986, 0xf986, 0xf986, 0xf986, 0xf986, 0xf986, 0xf986, 0xf986, 0xf986, 0xf986, 0xf986, 0xf986, 0xf986, 0xf986, 0xf986, 0xf986, 
	0xf986, 0xf986, 0xf986, 0xf986, 0xf986, 0xf986, 0xf986, 0xf986, 0xf986, 0xf986, 0xf986, 0xf986, 0xf986, 0xf986, 0xf986, 0xf986, 
	0xf986, 0xf986, 0xf986, 0xf986, 0xf986, 0xf986, 0xf986, 0xf986, 0xf986, 0xf986, 0xf986, 0xf986, 0xf986, 0xf986, 0xf986, 0xf165, 
	0xf986, 0xf986, 0xf986, 0xf986, 0xf986, 0xf986, 0xf986, 0xf986, 0xf986, 0xf986, 0xf986, 0xf986, 0xf986, 0xf986, 0xf986, 0xf986, 
	0xf986, 0xf986, 0xf986, 0xf986, 0xf986, 0xf986, 0xf986, 0xf986, 0xf986, 0xf986, 0xf986, 0xf986, 0xf986, 0xf986, 0xf986, 0xf986, 
	0xf986, 0xf986, 0xf986, 0xf986, 0xf986, 0xf986, 0xf986, 0xf986, 0xf986, 0xf986, 0xf986, 0xf986, 0xf986, 0xf986, 0xf986, 0xf986, 
	0xf986, 0xf986, 0xf986, 0xf986, 0xf986, 0xf986, 0xf986, 0xf986, 0xf986, 0xf986, 0xf986, 0xf986, 0xf986, 0xf986, 0xf986, 0xf986, 
	0xf986, 0xf986, 0xf986, 0xf986, 0xf986, 0xf986, 0xf986, 0xf986, 0xf986, 0xf986, 0xf986, 0xf986, 0xf986, 0xf986, 0xf986, 0xf986, 
	0xf986, 0xf986, 0xf986, 0xf986, 0xf986, 0xf986, 0xf986, 0xf986, 0xf986, 0xf986, 0xf986, 0xf986, 0xf986, 0xf986, 0xf986, 0xf986, 
	0xf986, 0xf986, 0xf986, 0xf986, 0xf986, 0xf986, 0xf986, 0xf986, 0xf986, 0xf986, 0xf986, 0xf986, 0xf986, 0xf986, 0xf986, 0xf986, 
	0xf986, 0xf986, 0xf986, 0xf986, 0xf986, 0xf986, 0xf986, 0xf986, 0xf986, 0xf986, 0xf986, 0xf986, 0xf986, 0xf986, 0xf986, 0xf986, 
	0xf986, 0xf986, 0xf986, 0xf986, 0xf986, 0xf986, 0xf986, 0xf986, 0xf986, 0xf986, 0xf986, 0xf986, 0xf986, 0xf986, 0xf986, 0xf986, 
	0xf986, 0xf986, 0xf986, 0xf986, 0xf986, 0xf986, 0xf986, 0xf986, 0xf986, 0xf986, 0xf986, 0xf986, 0xf986, 0xf986, 0xf986, 0xf986, 
	0xf986, 0xf986, 0xf986, 0xf986, 0xf986, 0xf986, 0xf986, 0xf986, 0xf986, 0xf986, 0xf986, 0xf986, 0xf986, 0xf986, 0xf986, 0xf986, 
	0xf986, 0xf986, 0xf986, 0xf986, 0xf986, 0xf986, 0xf986, 0xf986, 0xf986, 0xf986, 0xf986, 0xf986, 0xf986, 0xf986, 0xf986, 0xf986, 
	0xf986, 0xf986, 0xf986, 0xf986, 0xf986, 0xf986, 0xf986, 0xf986, 0xf986, 0xf986, 0xf986, 0xf986, 0xf986, 0xf986, 0xf986, 0xf986, 
	0xf986, 0xf986, 0xf986, 0xf986, 0xf986, 0xf986, 0xf986, 0xf986, 0xf986, 0xf986, 0xf986, 0xf986, 0xf986, 0xf986, 0xf986, 0xf986, 
	0xf986, 0xf986, 0xf986, 0xf986, 0xf986, 0xf986, 0xf986, 0xf986, 0xf986, 0xf986, 0xf986, 0xf986, 0xf986, 0xf986, 0xf986, 0xf986, 
	0xf986, 0xf986, 0xf986, 0xf986, 0xf986, 0xf986, 0xf986, 0xf986, 0xf986, 0xf986, 0xf986, 0xf986, 0xf986, 0xf986, 0xf986, 0xf986, 
	0xf986, 0xf986, 0xf986, 0xf986, 0xf986, 0xf986, 0xf986, 0xf986, 0xf986, 0xf986, 0xf986, 0xf986, 0xf986, 0xf986, 0xf986, 0xf986, 
	0xf986, 0xf986, 0xf986, 0xf986, 0xf986, 0xf986, 0xf986, 0xf986, 0xf986, 0xf986, 0xf986, 0xf986, 0xf986, 0xf986, 0xf986, 0xf986, 
	0xf986, 0xf986, 0xf986, 0xf986, 0xf986, 0xf986, 0xf986, 0xf986, 0xf986, 0xf986, 0xf986, 0xf986, 0xf986, 0xf986, 0xf986, 0xf986, 
	0xf986, 0xf986, 0xf986, 0xf986, 0xf986, 0xf986, 0xf986, 0xf986, 0xf986, 0xf986, 0xf986, 0xf986, 0xf986, 0xf986, 0xf986, 0xf986, 
	0xf986, 0xf986, 0xf986, 0xf986, 0xf986, 0xf986, 0xf986, 0xf986, 0xf986, 0xf986, 0xf986, 0xf986, 0xf986, 0xf986, 0xf986, 0xf986, 
	0xf986, 0xf986, 0xf986, 0xf986, 0xf986, 0xf986, 0xf986, 0xf986, 0xf986, 0xf986, 0xf986, 0xf986, 0xf986, 0xf986, 0xf986, 0xf986, 
	0xf986, 0xf986, 0xf986, 0xf986, 0xf986, 0xf986, 0xf986, 0xf986, 0xf986, 0xf986, 0xf986, 0xf986, 0xf986, 0xf986, 0xf986, 0xf986, 
	0xf986, 0xf986, 0xf986, 0xf986, 0xf986, 0xf986, 0xf986, 0xf986, 0xf986, 0xf986, 0xf986, 0xf986, 0xf986, 0xf986, 0xf986, 0xf986, 
	0xf986, 0xf986, 0xf986, 0xf986, 0xf986, 0xf986, 0xf986, 0xf986, 0xf986, 0xf986, 0xf986, 0xf986, 0xf986, 0xf986, 0xf986, 0xf986, 
	0xf986, 0xf986, 0xf986, 0xf986, 0xf986, 0xf986, 0xf986, 0xf986, 0xf986, 0xf986, 0xf986, 0xf986, 0xf986, 0xf986, 0xf986, 0xf986, 
	0xf986, 0xf986, 0xf986, 0xf986, 0xf986, 0xf986, 0xf986, 0xf986, 0xf986, 0xf986, 0xf986, 0xf986, 0xf986, 0xf986, 0xf986, 0xf986, 
	0xf986, 0xf986, 0xf986, 0xf986, 0xf986, 0xf986, 0xf986, 0xf986, 0xf986, 0xf986, 0xf986, 0xf986, 0xf986, 0xf986, 0xf986, 0xf986, 
	0xf986, 0xf986, 0xf986, 0xf986, 0xf986, 0xf986, 0xf986, 0xf986, 0xf986, 0xf986, 0xf986, 0xf986, 0xf986, 0xf986, 0xf986, 0xf986, 
	0xf986, 0xf986, 0xf986, 0xf986, 0xf986, 0xf986, 0xf986, 0xf986, 0xf986, 0xf986, 0xf986, 0xf986, 0xf986, 0xf986, 0xf986, 0xf986, 
	0xf986, 0xf986, 0xf986, 0xf986, 0xf986, 0xf986, 0xf986, 0xf986, 0xf986, 0xf986, 0xf986, 0xf986, 0xf986, 0xf986, 0xf986, 0xf986, 
	0xf986, 0xf986, 0xf986, 0xf986, 0xf986, 0xf986, 0xf986, 0xf986, 0xf986, 0xf986, 0xf986, 0xf986, 0xf986, 0xf986, 0xf986, 0xf986, 
	0xf986, 0xf986, 0xf986, 0xf986, 0xf986, 0xf986, 0xf986, 0xf986, 0xf986, 0xf986, 0xf986, 0xf986, 0xf986, 0xf986, 0xf986, 0xf986, 
	0xf986, 0xf986, 0xf986, 0xf986, 0xf986, 0xf986, 0xf986, 0xf986, 0xf986, 0xf986, 0xf986, 0xf986, 0xf986, 0xf986, 0xf986, 0xf986, 
	0xf986, 0xf986, 0xf986, 0xf986, 0xf986, 0xf986, 0xf986, 0xf986, 0xf986, 0xf986, 0xf986, 0xf986, 0xf986, 0xf986, 0xf986, 0xf986, 
	0xf986, 0xf986, 0xf986, 0xf986, 0xf986, 0xf986, 0xf986, 0xf986, 0xf986, 0xf986, 0xf986, 0xf986, 0xf986, 0xf986, 0xf986, 0xf986, 
	0xf986, 0xf986, 0xf986, 0xf986, 0xf986, 0xf986, 0xf986, 0xf986, 0xf986, 0xf986, 0xf986, 0xf986, 0xf986, 0xf986, 0xf986, 0xf986, 
	0xf986, 0xf986, 0xf986, 0xf986, 0xf986, 0xf986, 0xf986, 0xf986, 0xf986, 0xf986, 0xf986, 0xf986, 0xf986, 0xf986, 0xf986, 0xf986, 
	0xf986, 0xf986, 0xf986, 0xf986, 0xf986, 0xf986, 0xf986, 0xf986, 0xf986, 0xf986, 0xf986, 0xf986, 0xf986, 0xf986, 0xf986, 0xf986, 
	0xf986, 0xf986, 0xf986, 0xf986, 0xf986, 0xf986, 0xf986, 0xf986, 0xf986, 0xf986, 0xf986, 0xf986, 0xf986, 0xf986, 0xf986, 0xf986, 
	0xf986, 0xf986, 0xf986, 0xf986, 0xf986, 0xf986, 0xf986, 0xf986, 0xf986, 0xf986, 0xf986, 0xf986, 0xf986, 0xf986, 0xf986, 0xf986, 
	0xf986, 0xf986, 0xf986, 0xf986, 0xf986, 0xf986, 0xf986, 0xf986, 0xf986, 0xf986, 0xf986, 0xf986, 0xf986, 0xf986, 0xf986, 0xf986, 
	0xf986, 0xf986, 0xf986, 0xf986, 0xf986, 0xf986, 0xf986, 0xf986, 0xf986, 0xf986, 0xf986, 0xf986, 0xf986, 0xf986, 0xf986, 0xf986, 
	0xf986, 0xf986, 0xf986, 0xf986, 0xf986, 0xf986, 0xf986, 0xf986, 0xf986, 0xf986, 0xf986, 0xf986, 0xf986, 0xf986, 0xf986, 0xf986, 
	0xf986, 0xf986, 0xf986, 0xf986, 0xf986, 0xf986, 0xf986, 0xf986, 0xf986, 0xf986, 0xf986, 0xf986, 0xf986, 0xf986, 0xf986, 0xf986, 
	0xf986, 0xf986, 0xf986, 0xf986, 0xf986, 0xf986, 0xf986, 0xf986, 0xf986, 0xf986, 0xf986, 0xf986, 0xf986, 0xf986, 0xf986, 0xf986, 
	0xf986, 0xf986, 0xf986, 0xf986, 0xf986, 0xf986, 0xf986, 0xf986, 0xf986, 0xf986, 0xf986, 0xf986, 0xf986, 0xf986, 0xf986, 0xf986, 
	0xf986, 0xf986, 0xf986, 0xf986, 0xf986, 0xf986, 0xf986, 0xf986, 0xf986, 0xf986, 0xf986, 0xf986, 0xf986, 0xf986, 0xf986, 0xf986, 
	0xf986, 0xf986, 0xf986, 0xf986, 0xf986, 0xf986, 0xf986, 0xf986, 0xf986, 0xf986, 0xf986, 0xf986, 0xf986, 0xf986, 0xf986, 0xf986, 
	0xf986, 0xf986, 0xf986, 0xf986, 0xf986, 0xf986, 0xf986, 0xf986, 0xf986, 0xf986, 0xf986, 0xf986, 0xf986, 0xf986, 0xf986, 0xf986, 
	0xf986, 0xf986, 0xf986, 0xf986, 0xf986, 0xf986, 0xf986, 0xf986, 0xf986, 0xf986, 0xf986, 0xf986, 0xf986, 0xf986, 0xf986, 0xf986, 
	0xf986, 0xf986, 0xf986, 0xf986, 0xf986, 0xf986, 0xf986, 0xf986, 0xf986, 0xf986, 0xf986, 0xf986, 0xf986, 0xf986, 0xf986, 0xf986, 
	0xf986, 0xf986, 0xf986, 0xf986, 0xf986, 0xf986, 0xf986, 0xf986, 0xf986, 0xf986, 0xf986, 0xf986, 0xf986, 0xf986, 0xf986, 0xf986, 
	0xf986, 0xf986, 0xf986, 0xf986, 0xf986, 0xf986, 0xf986, 0xf986, 0xf986, 0xf986, 0xf986, 0xf986, 0xf986, 0xf986, 0xf986, 0xf986, 
	0xf986, 0xf986, 0xf986, 0xf986, 0xf986, 0xf986, 0xf986, 0xf986, 0xf986, 0xf986, 0xf986, 0xf986, 0xf986, 0xf986, 0xf986, 0xf986, 
	0xf986, 0xf986, 0xf986, 0xf986, 0xf986, 0xf986, 0xf986, 0xf986, 0xf986, 0xf986, 0xf986, 0xf986, 0xf986, 0xf986, 0xf986, 0xf986, 
	0xf986, 0xf986, 0xf986, 0xf986, 0xf986, 0xf986, 0xf986, 0xf986, 0xf986, 0xf986, 0xf986, 0xf986, 0xf986, 0xf986, 0xf986, 0xf986, 
	0xf986, 0xf986, 0xf986, 0xf986, 0xf986, 0xf986, 0xf986, 0xf986, 0xf986, 0xf986, 0xf986, 0xf986, 0xf986, 0xf986, 0xf986, 0xf986, 
	0xf986, 0xf986, 0xf986, 0xf986, 0xf986, 0xf986, 0xf986, 0xf986, 0xf986, 0xf986, 0xf986, 0xf986, 0xf986, 0xf986, 0xf986, 0xf986, 
	0xf986, 0xf986, 0xf986, 0xf986, 0xf986, 0xf986, 0xf986, 0xf986, 0xf986, 0xf986, 0xf986, 0xf986, 0xf986, 0xf986, 0xf986, 0xf986, 
	0xf986, 0xf986, 0xf986, 0xf986, 0xf986, 0xf986, 0xf986, 0xf986, 0xf986, 0xf986, 0xf986, 0xf986, 0xf986, 0xf986, 0xf986, 0xf986, 
	0xf986, 0xf986, 0xf986, 0xf986, 0xf986, 0xf986, 0xf986, 0xf986, 0xf986, 0xf986, 0xf986, 0xf986, 0xf986, 0xf986, 0xf986, 0xf986, 
	0xf986, 0xf986, 0xf986, 0xf986, 0xf986, 0xf986, 0xf986, 0xf986, 0xf986, 0xf986, 0xf986, 0xf986, 0xf986, 0xf986, 0xf986, 0xf986, 
	0xf986, 0xf986, 0xf986, 0xf986, 0xf986, 0xf986, 0xf986, 0xf986, 0xf986, 0xf986, 0xf986, 0xf986, 0xf986, 0xf986, 0xf986, 0xf986, 
	0xf986, 0xf986, 0xf986, 0xf986, 0xf986, 0xf986, 0xf986, 0xf986, 0xf986, 0xf986, 0xf986, 0xf986, 0xf986, 0xf986, 0xf986, 0xf986, 
	0xf986, 0xf986, 0xf986, 0xf986, 0xf986, 0xf986, 0xf986, 0xf986, 0xf986, 0xf986, 0xf986, 0xf986, 0xf986, 0xf986, 0xf986, 0xf986, 
	0xf986, 0xf986, 0xf986, 0xf986, 0xf986, 0xf986, 0xf986, 0xf986, 0xf986, 0xf986, 0xf986, 0xf986, 0xf986, 0xf986, 0xf986, 0xf986, 
	0xf986, 0xf986, 0xf986, 0xf986, 0xf986, 0xf986, 0xf986, 0xf986, 0xf986, 0xf986, 0xf986, 0xf986, 0xf986, 0xf986, 0xf986, 0xf986, 
	0xf986, 0xf986, 0xf986, 0xf986, 0xf986, 0xf986, 0xf986, 0xf986, 0xf986, 0xf986, 0xf986, 0xf986, 0xf986, 0xf986, 0xf986, 0xf986, 
	0xf986, 0xf986, 0xf986, 0xf986, 0xf986, 0xf986, 0xf986, 0xf986, 0xf986, 0xf986, 0xf986, 0xf986, 0xf986, 0xf986, 0xf986, 0xf986, 
	0xf986, 0xf986, 0xf986, 0xf986, 0xf986, 0xf986, 0xf986, 0xf986, 0xf986, 0xf986, 0xf986, 0xf986, 0xf986, 0xf986, 0xf986, 0xf986, 
	0xf986, 0xf986, 0xf986, 0xf986, 0xf986, 0xf986, 0xf986, 0xf986, 0xf986, 0xf986, 0xf986, 0xf986, 0xf986, 0xf986, 0xf986, 0xf986, 
	0xf986, 0xf986, 0xf986, 0xf986, 0xf986, 0xf986, 0xf986, 0xf986, 0xf986, 0xf986, 0xf986, 0xf986, 0xf986, 0xf986, 0xf986, 0xf986, 
	0xf986, 0xf986, 0xf986, 0xf986, 0xf986, 0xf986, 0xf986, 0xf986, 0xf986, 0xf986, 0xf986, 0xf986, 0xf986, 0xf986, 0xf986, 0xf986, 
	0xf986, 0xf986, 0xf986, 0xf986, 0xf986, 0xf986, 0xf986, 0xf986, 0xf986, 0xf986, 0xf986, 0xf986, 0xf986, 0xf986, 0xf986, 0xf986, 
	0xf986, 0xf986, 0xf986, 0xf986, 0xf986, 0xf986, 0xf986, 0xf986, 0xf986, 0xf986, 0xf986, 0xf986, 0xf986, 0xf986, 0xf986, 0xf986, 
	0xf986, 0xf986, 0xf986, 0xf986, 0xf986, 0xf986, 0xf986, 0xf986, 0xf986, 0xf986, 0xf986, 0xf986, 0xf986, 0xf986, 0xf986, 0xf986, 
	0xf986, 0xf986, 0xf986, 0xf986, 0xf986, 0xf986, 0xf986, 0xf986, 0xf986, 0xf986, 0xf986, 0xf986, 0xf986, 0xf986, 0xf986, 0xf986, 
	0xf986, 0xf986, 0xf986, 0xf986, 0xf986, 0xf986, 0xf986, 0xf986, 0xf986, 0xf986, 0xf986, 0xf986, 0xf986, 0xf986, 0xf986, 0xf986, 
	0xf986, 0xf986, 0xf986, 0xf986, 0xf986, 0xf986, 0xf986, 0xf986, 0xf986, 0xf986, 0xf986, 0xf986, 0xf986, 0xf986, 0xf986, 0xf986, 
	0xf986, 0xf986, 0xf986, 0xf986, 0xf986, 0xf986, 0xf986, 0xf986, 0xf986, 0xf986, 0xf986, 0xf986, 0xf986, 0xf986, 0xf986, 0xf986, 
	0xf986, 0xf986, 0xf986, 0xf986, 0xf986, 0xf986, 0xf986, 0xf986, 0xf986, 0xf986, 0xf986, 0xf986, 0xf986, 0xf986, 0xf986, 0xf986, 
	0xf986, 0xf986, 0xf986, 0xf986, 0xf986, 0xf986, 0xf986, 0xf986, 0xf986, 0xf986, 0xf986, 0xf986, 0xf986, 0xf986, 0xf986, 0xf986, 
	0xf986, 0xf986, 0xf986, 0xf986, 0xf986, 0xf986, 0xf986, 0xf986, 0xf986, 0xf986, 0xf986, 0xf986, 0xf986, 0xf986, 0xf986, 0xf986, 
	0xf986, 0xf986, 0xf986, 0xf986, 0xf986, 0xf986, 0xf986, 0xf986, 0xf986, 0xf986, 0xf986, 0xf986, 0xf986, 0xf986, 0xf986, 0xf986, 
	0xf986, 0xf986, 0xf986, 0xf986, 0xf986, 0xf986, 0xf986, 0xf986, 0xf986, 0xf986, 0xf986, 0xf986, 0xf986, 0xf986, 0xf986, 0xf986, 
	0xf986, 0xf986, 0xf986, 0xf986, 0xf986, 0xf986, 0xf986, 0xf986, 0xf986, 0xf986, 0xf986, 0xf986, 0xf986, 0xf986, 0xf986, 0xf986, 
	0xf986, 0xf986, 0xf986, 0xf986, 0xf986, 0xf986, 0xf986, 0xf986, 0xf986, 0xf986, 0xf986, 0xf986, 0xf986, 0xf986, 0xf986, 0xf986, 
	0xf986, 0xf986, 0xf986, 0xf986, 0xf986, 0xf986, 0xf986, 0xf986, 0xf986, 0xf986, 0xf986, 0xf986, 0xf986, 0xf986, 0xf986, 0xf986, 
	0xf986, 0xf986, 0xf986, 0xf986, 0xf986, 0xf986, 0xf986, 0xf986, 0xf986, 0xf986, 0xf986, 0xf986, 0xf986, 0xf986, 0xf986, 0xf986, 
	0xf986, 0xf986, 0xf986, 0xf986, 0xf986, 0xf986, 0xf986, 0xf986, 0xf986, 0xf986, 0xf986, 0xf986, 0xf986, 0xf986, 0xf986, 0xf986, 
	0xf986, 0xf986, 0xf986, 0xf986, 0xf986, 0xf986, 0xf986, 0xf986, 0xf986, 0xf986, 0xf986, 0xf986, 0xf986, 0xf986, 0xf986, 0xf986, 
	0xf986, 0xf986, 0xf986, 0xf986, 0xf986, 0xf986, 0xf986, 0xf986, 0xf986, 0xf986, 0xf986, 0xf986, 0xf986, 0xf986, 0xf986, 0xf986, 
	0xf986, 0xf986, 0xf986, 0xf986, 0xf986, 0xf986, 0xf986, 0xf986, 0xf986, 0xf986, 0xf986, 0xf986, 0xf986, 0xf986, 0xf986, 0xf986, 
	0xf986, 0xf986, 0xf986, 0xf986, 0xf986, 0xf986, 0xf986, 0xf986, 0xf986, 0xf986, 0xf986, 0xf986, 0xf986, 0xf986, 0xf986, 0xf986, 
	0xf986, 0xf986, 0xf986, 0xf986, 0xf986, 0xf986, 0xf986, 0xf986, 0xf986, 0xf986, 0xf986, 0xf986, 0xf986, 0xf986, 0xf986, 0xf986, 
	0xf986, 0xf986, 0xf986, 0xf986, 0xf986, 0xf986, 0xf986, 0xf986, 0xf986, 0xf986, 0xf986, 0xf986, 0xf986, 0xf986, 0xf986, 0xf986, 
	0xf986, 0xf986, 0xf986, 0xf986, 0xf986, 0xf986, 0xf986, 0xf986, 0xf986, 0xf986, 0xf986, 0xf986, 0xf986, 0xf986, 0xf986, 0xf986, 
	0xf986, 0xf986, 0xf986, 0xf986, 0xf986, 0xf986, 0xf986, 0xf986, 0xf986, 0xf986, 0xf986, 0xf986, 0xf986, 0xf986, 0xf986, 0xf986, 
	0xf986, 0xf986, 0xf986, 0xf986, 0xf986, 0xf986, 0xf986, 0xf986, 0xf986, 0xf986, 0xf986, 0xf986, 0xf986, 0xf986, 0xf986, 0xf986, 
	0xf986, 0xf986, 0xf986, 0xf986, 0xf986, 0xf986, 0xf986, 0xf986, 0xf986, 0xf986, 0xf986, 0xf986, 0xf986, 0xf986, 0xf986, 0xf986, 
	0xf986, 0xf986, 0xf986, 0xf986, 0xf986, 0xf986, 0xf986, 0xf986, 0xf986, 0xf986, 0xf986, 0xf986, 0xf986, 0xf986, 0xf986, 0xf986, 
	0xf986, 0xf986, 0xf986, 0xf986, 0xf986, 0xf986, 0xf986, 0xf986, 0xf986, 0xf986, 0xf986, 0xf986, 0xf986, 0xf986, 0xf986, 0xf986, 
	0xf986, 0xf986, 0xf986, 0xf986, 0xf986, 0xf986, 0xf986, 0xf986, 0xf986, 0xf986, 0xf986, 0xf986, 0xf986, 0xf986, 0xf986, 0xf986, 
	0xf986, 0xf986, 0xf986, 0xf986, 0xf986, 0xf986, 0xf986, 0xf986, 0xf986, 0xf986, 0xf986, 0xf986, 0xf986, 0xf986, 0xf986, 0xf986, 
	0xf986, 0xf986, 0xf986, 0xf986, 0xf986, 0xf986, 0xf986, 0xf986, 0xf986, 0xf986, 0xf986, 0xf986, 0xf986, 0xf986, 0xf986, 0xf986, 
	0xf986, 0xf986, 0xf986, 0xf986, 0xf986, 0xf986, 0xf986, 0xf986, 0xf986, 0xf986, 0xf986, 0xf986, 0xf986, 0xf986, 0xf986, 0xf986, 
	0xf986, 0xf986, 0xf986, 0xf986, 0xf986, 0xf986, 0xf986, 0xf986, 0xf986, 0xf986, 0xf986, 0xf986, 0xf986, 0xf986, 0xf986, 0xf986, 
	0xf986, 0xf986, 0xf986, 0xf986, 0xf986, 0xf986, 0xf986, 0xf986, 0xf986, 0xf986, 0xf986, 0xf986, 0xf986, 0xf986, 0xf986, 0xf986, 
	0xf986, 0xf986, 0xf986, 0xf986, 0xf986, 0xf986, 0xf986, 0xf986, 0xf986, 0xf986, 0xf986, 0xf986, 0xf986, 0xf986, 0xf986, 0xf986, 
	0xf986, 0xf986, 0xf986, 0xf986, 0xf986, 0xf986, 0xf986, 0xf986, 0xf986, 0xf986, 0xf986, 0xf986, 0xf986, 0xf986, 0xf986, 0xf986, 
	0xf986, 0xf986, 0xf986, 0xf986, 0xf986, 0xf986, 0xf986, 0xf986, 0xf986, 0xf986, 0xf986, 0xf986, 0xf986, 0xf986, 0xf986, 0xf986, 
	0xf986, 0xf986, 0xf986, 0xf986, 0xf986, 0xf986, 0xf986, 0xf986, 0xf986, 0xf986, 0xf986, 0xf986, 0xf986, 0xf986, 0xf986, 0xf986, 
	0xf986, 0xf986, 0xf986, 0xf986, 0xf986, 0xf986, 0xf986, 0xf986, 0xf986, 0xf986, 0xf986, 0xf986, 0xf986, 0xf986, 0xf986, 0xf986, 
	0xf986, 0xf986, 0xf986, 0xf986, 0xf986, 0xf986, 0xf986, 0xf986, 0xf986, 0xf986, 0xf986, 0xf986, 0xf986, 0xf986, 0xf986, 0xf986, 
	0xf986, 0xf986, 0xf986, 0xf986, 0xf986, 0xf986, 0xf986, 0xf986, 0xf986, 0xf986, 0xf986, 0xf986, 0xf986, 0xf986, 0xf986, 0xf986, 
	0xf986, 0xf986, 0xf986, 0xf986, 0xf986, 0xf986, 0xf986, 0xf986, 0xf986, 0xf986, 0xf986, 0xf986, 0xf986, 0xf986, 0xf986, 0xf986, 
	0xf986, 0xf986, 0xf986, 0xf986, 0xf986, 0xf986, 0xf986, 0xf986, 0xf986, 0xf986, 0xf986, 0xf986, 0xf986, 0xf986, 0xf986, 0xf986, 
	0xf986, 0xf986, 0xf986, 0xf986, 0xf986, 0xf986, 0xf986, 0xf986, 0xf986, 0xf986, 0xf986, 0xf986, 0xf986, 0xf986, 0xf986, 0xf986, 
	0xf986, 0xf986, 0xf986, 0xf986, 0xf986, 0xf986, 0xf986, 0xf986, 0xf986, 0xf986, 0xf986, 0xf986, 0xf986, 0xf986, 0xf986, 0xf986, 
	0xf986, 0xf986, 0xf986, 0xf986, 0xf986, 0xf986, 0xf986, 0xf986, 0xf986, 0xf986, 0xf986, 0xf986, 0xf986, 0xf986, 0xf986, 0xf986, 
	0xf986, 0xf986, 0xf986, 0xf986, 0xf986, 0xf986, 0xf986, 0xf986, 0xf986, 0xf986, 0xf986, 0xf986, 0xf986, 0xf986, 0xf986, 0xf986, 
	0xf986, 0xf986, 0xf986, 0xf986, 0xf986, 0xf986, 0xf986, 0xf986, 0xf986, 0xf986, 0xf986, 0xf986, 0xf986, 0xf986, 0xf986, 0xf986, 
	0xf986, 0xf986, 0xf986, 0xf986, 0xf986, 0xf986, 0xf986, 0xf986, 0xf986, 0xf986, 0xf986, 0xf986, 0xf986, 0xf986, 0xf986, 0xf986, 
	0xf986, 0xf986, 0xf986, 0xf986, 0xf986, 0xf986, 0xf986, 0xf986, 0xf986, 0xf986, 0xf986, 0xf986, 0xf986, 0xf986, 0xf986, 0xf986, 
	0xf986, 0xf986, 0xf986, 0xf986, 0xf986, 0xf986, 0xf986, 0xf986, 0xf986, 0xf986, 0xf986, 0xf986, 0xf986, 0xf986, 0xf986, 0xf986, 
	0xf986, 0xf986, 0xf986, 0xf986, 0xf986, 0xf986, 0xf986, 0xf986, 0xf986, 0xf986, 0xf986, 0xf986, 0xf986, 0xf986, 0xf986, 0xf986, 
	0xf986, 0xf986, 0xf986, 0xf986, 0xf986, 0xf986, 0xf986, 0xf986, 0xf986, 0xf986, 0xf986, 0xf986, 0xf986, 0xf986, 0xf986, 0xf986, 
	0xf986, 0xf986, 0xf986, 0xf986, 0xf986, 0xf986, 0xf986, 0xf986, 0xf986, 0xf986, 0xf986, 0xf986, 0xf986, 0xf986, 0xf986, 0xf986, 
	0xf986, 0xf986, 0xf986, 0xf986, 0xf986, 0xf986, 0xf986, 0xf986, 0xf986, 0xf986, 0xf986, 0xf986, 0xf986, 0xf986, 0xf986, 0xf986, 
	0xf986, 0xf986, 0xf986, 0xf986, 0xf986, 0xf986, 0xf986, 0xf986, 0xf986, 0xf986, 0xf986, 0xf986, 0xf986, 0xf986, 0xf986, 0xf986, 
	0xf986, 0xf986, 0xf986, 0xf986, 0xf986, 0xf986, 0xf986, 0xf986, 0xf986, 0xf986, 0xf986, 0xf986, 0xf986, 0xf986, 0xf986, 0xf986, 
	0xf986, 0xf986, 0xf986, 0xf986, 0xf986, 0xf986, 0xf986, 0xf986, 0xf986, 0xf986, 0xf986, 0xf986, 0xf986, 0xf986, 0xf986, 0xf986, 
	0xf986, 0xf986, 0xf986, 0xf986, 0xf986, 0xf986, 0xf986, 0xf986, 0xf986, 0xf986, 0xf986, 0xf986, 0xf986, 0xf986, 0xf986, 0xf986, 
	0xf986, 0xf986, 0xf986, 0xf986, 0xf986, 0xf986, 0xf986, 0xf986, 0xf986, 0xf986, 0xf986, 0xf986, 0xf986, 0xf986, 0xf986, 0xf986, 
	0xf986, 0xf986, 0xf986, 0xf986, 0xf986, 0xf986, 0xf986, 0xf986, 0xf986, 0xf986, 0xf986, 0xf986, 0xf986, 0xf986, 0xf986, 0xf986, 
	0xf986, 0xf986, 0xf986, 0xf986, 0xf986, 0xf986, 0xf986, 0xf986, 0xf986, 0xf986, 0xf986, 0xf986, 0xf986, 0xf986, 0xf986, 0xf986, 
	0xf986, 0xf986, 0xf986, 0xf986, 0xf986, 0xf986, 0xf986, 0xf986, 0xf986, 0xf986, 0xf986, 0xf986, 0xf986, 0xf986, 0xf986, 0xf986, 
	0xf986, 0xf986, 0xf986, 0xf986, 0xf986, 0xf986, 0xf986, 0xf986, 0xf986, 0xf986, 0xf986, 0xf986, 0xf986, 0xf986, 0xf986, 0xf986, 
	0xf986, 0xf986, 0xf986, 0xf986, 0xf986, 0xf986, 0xf986, 0xf986, 0xf986, 0xf986, 0xf986, 0xf986, 0xf986, 0xf986, 0xf986, 0xf986, 
	0xf986, 0xf986, 0xf986, 0xf986, 0xf986, 0xf986, 0xf986, 0xf986, 0xf986, 0xf986, 0xf986, 0xf986, 0xf986, 0xf986, 0xf986, 0xf986, 
	0xf986, 0xf986, 0xf986, 0xf986, 0xf986, 0xf986, 0xf986, 0xf986, 0xf986, 0xf986, 0xf986, 0xf986, 0xf986, 0xf986, 0xf986, 0xf986, 
	0xf986, 0xf986, 0xf986, 0xf986, 0xf986, 0xf986, 0xf986, 0xf986, 0xf986, 0xf986, 0xf986, 0xf986, 0xf986, 0xf986, 0xf986, 0xf986, 
	0xf986, 0xf986, 0xf986, 0xf986, 0xf986, 0xf986, 0xf986, 0xf986, 0xf986, 0xf986, 0xf986, 0xf986, 0xf986, 0xf986, 0xf986, 0xf986, 
	0xf986, 0xf986, 0xf986, 0xf986, 0xf986, 0xf986, 0xf986, 0xf986, 0xf986, 0xf986, 0xf986, 0xf986, 0xf986, 0xf986, 0xf986, 0xf986, 
	0xf986, 0xf986, 0xf986, 0xf986, 0xf986, 0xf986, 0xf986, 0xf986, 0xf986, 0xf986, 0xf986, 0xf986, 0xf986, 0xf986, 0xf986, 0xf986, 
	0xf986, 0xf986, 0xf986, 0xf986, 0xf986, 0xf986, 0xf986, 0xf986, 0xf986, 0xf986, 0xf986, 0xf986, 0xf986, 0xf986, 0xf986, 0xf986, 
	0xf986, 0xf986, 0xf986, 0xf986, 0xf986, 0xf986, 0xf986, 0xf986, 0xf986, 0xf986, 0xf986, 0xf986, 0xf986, 0xf986, 0xf986, 0xf986, 
	0xf986, 0xf986, 0xf986, 0xf986, 0xf986, 0xf986, 0xf986, 0xf986, 0xf986, 0xf986, 0xf986, 0xf986, 0xf986, 0xf986, 0xf986, 0xf986, 
	0xf986, 0xf986, 0xf986, 0xf986, 0xf986, 0xf986, 0xf986, 0xf986, 0xf986, 0xf986, 0xf986, 0xf986, 0xf986, 0xf986, 0xf986, 0xf986, 
	0xf986, 0xf986, 0xf986, 0xf986, 0xf986, 0xf986, 0xf986, 0xf986, 0xf986, 0xf986, 0xf986, 0xf986, 0xf986, 0xf986, 0xf986, 0xf986, 
	0xf986, 0xf986, 0xf986, 0xf986, 0xf986, 0xf986, 0xf986, 0xf986, 0xf986, 0xf986, 0xf986, 0xf986, 0xf986, 0xf986, 0xf986, 0xf986, 
	0xf986, 0xf986, 0xf986, 0xf986, 0xf986, 0xf986, 0xf986, 0xf986, 0xf986, 0xf986, 0xf986, 0xf986, 0xf986, 0xf986, 0xf986, 0xf986, 
	0xf986, 0xf986, 0xf986, 0xf986, 0xf986, 0xf986, 0xf986, 0xf986, 0xf986, 0xf986, 0xf986, 0xf986, 0xf986, 0xf986, 0xf986, 0xf986, 
	0xf986, 0xf986, 0xf986, 0xf986, 0xf986, 0xf986, 0xf986, 0xf986, 0xf986, 0xf986, 0xf986, 0xf986, 0xf986, 0xf986, 0xf986, 0xf986, 
	0xf986, 0xf986, 0xf986, 0xf986, 0xf986, 0xf986, 0xf986, 0xf986, 0xf986, 0xf986, 0xf986, 0xf986, 0xf986, 0xf986, 0xf986, 0xf986, 
	0xf986, 0xf986, 0xf986, 0xf986, 0xf986, 0xf986, 0xf986, 0xf986, 0xf986, 0xf986, 0xf986, 0xf986, 0xf986, 0xf986, 0xf986, 0xf986, 
	0xf986, 0xf986, 0xf986, 0xf986, 0xf986, 0xf986, 0xf986, 0xf986, 0xf986, 0xf986, 0xf986, 0xf986, 0xf986, 0xf986, 0xf986, 0xf986, 
	0xf986, 0xf986, 0xf986, 0xf986, 0xf986, 0xf986, 0xf986, 0xf986, 0xf986, 0xf986, 0xf986, 0xf986, 0xf986, 0xf986, 0xf986, 0xf986, 
	0xf986, 0xf986, 0xf986, 0xf986, 0xf986, 0xf986, 0xf986, 0xf986, 0xf986, 0xf986, 0xf986, 0xf986, 0xf986, 0xf986, 0xf986, 0xf986, 
	0xf986, 0xf986, 0xf986, 0xf986, 0xf986, 0xf986, 0xf986, 0xf986, 0xf986, 0xf986, 0xf986, 0xf986, 0xf986, 0xf986, 0xf986, 0xf986, 
	0xf986, 0xf986, 0xf986, 0xf986, 0xf986, 0xf986, 0xf986, 0xf986, 0xf986, 0xf986, 0xf986, 0xf986, 0xf986, 0xf986, 0xf986, 0xf986, 
	0xf986, 0xf986, 0xf986, 0xf986, 0xf986, 0xf986, 0xf986, 0xf986, 0xf986, 0xf986, 0xf986, 0xf986, 0xf986, 0xf986, 0xf986, 0xf986, 
	0xf986, 0xf986, 0xf986, 0xf986, 0xf986, 0xf986, 0xf986, 0xf986, 0xf986, 0xf986, 0xf986, 0xf986, 0xf986, 0xf986, 0xf986, 0xf986, 
	0xf986, 0xf986, 0xf986, 0xf986, 0xf986, 0xf986, 0xf986, 0xf986, 0xf986, 0xf986, 0xf986, 0xf986, 0xf986, 0xf986, 0xf986, 0xf986, 
	0xf986, 0xf986, 0xf986, 0xf986, 0xf986, 0xf986, 0xf986, 0xf986, 0xf986, 0xf986, 0xf986, 0xf986, 0xf986, 0xf986, 0xf986, 0xf986, 
	0xf986, 0xf986, 0xf986, 0xf986, 0xf986, 0xf986, 0xf986, 0xf986, 0xf986, 0xf986, 0xf986, 0xf986, 0xf986, 0xf986, 0xf986, 0xf986, 
	0xf986, 0xf986, 0xf986, 0xf986, 0xf986, 0xf986, 0xf986, 0xf986, 0xf986, 0xf986, 0xf986, 0xf986, 0xf986, 0xf986, 0xf986, 0xf986, 
	0xf986, 0xf986, 0xf986, 0xf986, 0xf986, 0xf986, 0xf986, 0xf986, 0xf986, 0xf986, 0xf986, 0xf986, 0xf986, 0xf986, 0xf986, 0xf986, 
	0xf986, 0xf986, 0xf986, 0xf986, 0xf986, 0xf986, 0xf986, 0xf986, 0xf986, 0xf986, 0xf986, 0xf986, 0xf986, 0xf986, 0xf986, 0xf986, 
	0xf986, 0xf986, 0xf986, 0xf986, 0xf986, 0xf986, 0xf986, 0xf986, 0xf986, 0xf986, 0xf986, 0xf986, 0xf986, 0xf986, 0xf986, 0xf986, 
	0xf986, 0xf986, 0xf986, 0xf986, 0xf986, 0xf986, 0xf986, 0xf986, 0xf986, 0xf986, 0xf986, 0xf986, 0xf986, 0xf986, 0xf986, 0xf986, 
	0xf986, 0xf986, 0xf986, 0xf986, 0xf986, 0xf986, 0xf986, 0xf986, 0xf986, 0xf986, 0xf986, 0xf986, 0xf986, 0xf986, 0xf986, 0xf986, 
	0xf986, 0xf986, 0xf986, 0xf986, 0xf986, 0xf986, 0xf986, 0xf986, 0xf986, 0xf986, 0xf986, 0xf986, 0xf986, 0xf986, 0xf986, 0xf986, 
	0xf986, 0xf986, 0xf986, 0xf986, 0xf986, 0xf986, 0xf986, 0xf986, 0xf986, 0xf986, 0xf986, 0xf986, 0xf986, 0xf986, 0xf986, 0xf986, 
	0xf986, 0xf986, 0xf986, 0xf986, 0xf986, 0xf986, 0xf986, 0xf986, 0xf986, 0xf986, 0xf986, 0xf986, 0xf986, 0xf986, 0xf986, 0xf986, 
	0xf986, 0xf986, 0xf986, 0xf986, 0xf986, 0xf986, 0xf986, 0xf986, 0xf986, 0xf986, 0xf986, 0xf986, 0xf986, 0xf986, 0xf986, 0xf986, 
	0xf986, 0xf986, 0xf986, 0xf986, 0xf986, 0xf986, 0xf986, 0xf986, 0xf986, 0xf986, 0xf986, 0xf986, 0xf986, 0xf986, 0xf986, 0xf986, 
	0xf986, 0xf986, 0xf986, 0xf986, 0xf986, 0xf986, 0xf986, 0xf986, 0xf986, 0xf986, 0xf986, 0xf986, 0xf986, 0xf986, 0xf986, 0xf986, 
	0xf986, 0xf986, 0xf986, 0xf986, 0xf986, 0xf986, 0xf986, 0xf986, 0xf986, 0xf986, 0xf986, 0xf986, 0xf986, 0xf986, 0xf986, 0xf986, 
	0xf986, 0xf986, 0xf986, 0xf986, 0xf986, 0xf986, 0xf986, 0xf986, 0xf986, 0xf986, 0xf986, 0xf986, 0xf986, 0xf986, 0xf986, 0xf986, 
	0xf986, 0xf986, 0xf986, 0xf986, 0xf986, 0xf986, 0xf986, 0xf986, 0xf986, 0xf986, 0xf986, 0xf986, 0xf986, 0xf986, 0xf986, 0xf986, 
	0xf986, 0xf986, 0xf986, 0xf986, 0xf986, 0xf986, 0xf986, 0xf986, 0xf986, 0xf986, 0xf986, 0xf986, 0xf986, 0xf986, 0xf986, 0xf986, 
	0xf986, 0xf986, 0xf986, 0xf986, 0xf986, 0xf986, 0xf986, 0xf986, 0xf986, 0xf986, 0xf986, 0xf986, 0xf986, 0xf986, 0xf986, 0xf986, 
	0xf986, 0xf986, 0xf986, 0xf986, 0xf986, 0xf986, 0xf986, 0xf986, 0xf986, 0xf986, 0xf986, 0xf986, 0xf986, 0xf986, 0xf986, 0xf986, 
	0xf986, 0xf986, 0xf986, 0xf986, 0xf986, 0xf986, 0xf986, 0xf986, 0xf986, 0xf986, 0xf986, 0xf986, 0xf986, 0xf986, 0xf986, 0xf986, 
	0xf986, 0xf986, 0xf986, 0xf986, 0xf986, 0xf986, 0xf986, 0xf986, 0xf986, 0xf986, 0xf986, 0xf986, 0xf986, 0xf986, 0xf986, 0xf986, 
	0xf986, 0xf986, 0xf986, 0xf986, 0xf986, 0xf986, 0xf986, 0xf986, 0xf986, 0xf986, 0xf986, 0xf986, 0xf986, 0xf986, 0xf986, 0xf986, 
	0xf986, 0xf986, 0xf986, 0xf986, 0xf986, 0xf986, 0xf986, 0xf986, 0xf986, 0xf986, 0xf986, 0xf986, 0xf986, 0xf986, 0xf986, 0xf986, 
	0xf986, 0xf986, 0xf986, 0xf986, 0xf986, 0xf986, 0xf986, 0xf986, 0xf986, 0xf986, 0xf986, 0xf986, 0xf986, 0xf986, 0xf986, 0xf986, 
	0xf986, 0xf986, 0xf986, 0xf986, 0xf986, 0xf986, 0xf986, 0xf986, 0xf986, 0xf986, 0xf986, 0xf986, 0xf986, 0xf986, 0xf986, 0xf986, 
	0xf986, 0xf986, 0xf986, 0xf986, 0xf986, 0xf986, 0xf986, 0xf986, 0xf986, 0xf986, 0xf986, 0xf986, 0xf986, 0xf986, 0xf986, 0xf986, 
	0xf986, 0xf986, 0xf986, 0xf986, 0xf986, 0xf986, 0xf986, 0xf986, 0xf986, 0xf986, 0xf986, 0xf986, 0xf986, 0xf986, 0xf986, 0xf986, 
	0xf986, 0xf986, 0xf986, 0xf986, 0xf986, 0xf986, 0xf986, 0xf986, 0xf986, 0xf986, 0xf986, 0xf986, 0xf986, 0xf986, 0xf986, 0xf986, 
	0xf986, 0xf986, 0xf986, 0xf986, 0xf986, 0xf986, 0xf986, 0xf986, 0xf986, 0xf986, 0xf986, 0xf986, 0xf986, 0xf986, 0xf986, 0xf986, 
	0xf986, 0xf986, 0xf986, 0xf986, 0xf986, 0xf986, 0xf986, 0xf986, 0xf986, 0xf986, 0xf986, 0xf986, 0xf986, 0xf986, 0xf986, 0xf986, 
	0xf986, 0xf986, 0xf986, 0xf986, 0xf986, 0xf986, 0xf986, 0xf986, 0xf986, 0xf986, 0xf986, 0xf986, 0xf986, 0xf986, 0xf986, 0xf986, 
	0xf986, 0xf986, 0xf986, 0xf986, 0xf986, 0xf986, 0xf986, 0xf986, 0xf986, 0xf986, 0xf986, 0xf986, 0xf986, 0xf986, 0xf986, 0xf986, 
	0xf986, 0xf986, 0xf986, 0xf986, 0xf986, 0xf986, 0xf986, 0xf986, 0xf986, 0xf986, 0xf986, 0xf986, 0xf986, 0xf986, 0xf986, 0xf986, 
	0xf986, 0xf986, 0xf986, 0xf986, 0xf986, 0xf986, 0xf986, 0xf986, 0xf986, 0xf986, 0xf986, 0xf986, 0xf986, 0xf986, 0xf986, 0xf986, 
	0xf986, 0xf986, 0xf986, 0xf986, 0xf986, 0xf986, 0xf986, 0xf986, 0xf986, 0xf986, 0xf986, 0xf986, 0xf986, 0xf986, 0xf986, 0xf986, 
	0xf986, 0xf986, 0xf986, 0xf986, 0xf986, 0xf986, 0xf986, 0xf986, 0xf986, 0xf986, 0xf986, 0xf986, 0xf986, 0xf986, 0xf986, 0xf986, 
	0xf986, 0xf986, 0xf986, 0xf986, 0xf986, 0xf986, 0xf986, 0xf986, 0xf986, 0xf986, 0xf986, 0xf986, 0xf986, 0xf986, 0xf986, 0xf986, 
	0xf986, 0xf986, 0xf986, 0xf986, 0xf986, 0xf986, 0xf986, 0xf986, 0xf986, 0xf986, 0xf986, 0xf986, 0xf986, 0xf986, 0xf986, 0xf986, 
	0xf986, 0xf986, 0xf986, 0xf986, 0xf986, 0xf986, 0xf986, 0xf986, 0xf986, 0xf986, 0xf986, 0xf986, 0xf986, 0xf986, 0xf986, 0xf986, 
	0xf986, 0xf986, 0xf986, 0xf986, 0xf986, 0xf986, 0xf986, 0xf986, 0xf986, 0xf986, 0xf986, 0xf986, 0xf986, 0xf986, 0xf986, 0xf986, 
	0xf986, 0xf986, 0xf986, 0xf986, 0xf986, 0xf986, 0xf986, 0xf986, 0xf986, 0xf986, 0xf986, 0xf986, 0xf986, 0xf986, 0xf986, 0xf986, 
	0xf986, 0xf986, 0xf986, 0xf986, 0xf986, 0xf986, 0xf986, 0xf986, 0xf986, 0xf986, 0xf986, 0xf986, 0xf986, 0xf986, 0xf986, 0xf986, 
	0xf986, 0xf986, 0xf986, 0xf986, 0xf986, 0xf986, 0xf986, 0xf986, 0xf986, 0xf986, 0xf986, 0xf986, 0xf986, 0xf986, 0xf986, 0xf986, 
	0xf986, 0xf986, 0xf986, 0xf986, 0xf986, 0xf986, 0xf986, 0xf986, 0xf986, 0xf986, 0xf986, 0xf986, 0xf986, 0xf986, 0xf986, 0xf986, 
	0xf986, 0xf986, 0xf986, 0xf986, 0xf986, 0xf986, 0xf986, 0xf986, 0xf986, 0xf986, 0xf986, 0xf986, 0xf986, 0xf986, 0xf986, 0xf986, 
	0xf986, 0xf986, 0xf986, 0xf986, 0xf986, 0xf986, 0xf986, 0xf986, 0xf986, 0xf986, 0xf986, 0xf986, 0xf986, 0xf986, 0xf986, 0xf986, 
	0xf986, 0xf986, 0xf986, 0xf986, 0xf986, 0xf986, 0xf986, 0xf986, 0xf986, 0xf986, 0xf986, 0xf986, 0xf986, 0xf986, 0xf986, 0xf986, 
	0xf986, 0xf986, 0xf986, 0xf986, 0xf986, 0xf986, 0xf986, 0xf986, 0xf986, 0xf986, 0xf986, 0xf986, 0xf986, 0xf986, 0xf986, 0xf986, 
	0xf986, 0xf986, 0xf986, 0xf986, 0xf986, 0xf986, 0xf986, 0xf986, 0xf986, 0xf986, 0xf986, 0xf986, 0xf986, 0xf986, 0xf986, 0xf986, 
	0xf986, 0xf986, 0xf986, 0xf986, 0xf986, 0xf986, 0xf986, 0xf986, 0xf986, 0xf986, 0xf986, 0xf986, 0xf986, 0xf986, 0xf986, 0xf986, 
	0xf986, 0xf986, 0xf986, 0xf986, 0xf986, 0xf986, 0xf986, 0xf986, 0xf986, 0xf986, 0xf986, 0xf986, 0xf986, 0xf986, 0xf986, 0xf986, 
	0xf986, 0xf986, 0xf986, 0xf986, 0xf986, 0xf986, 0xf986, 0xf986, 0xf986, 0xf986, 0xf986, 0xf986, 0xf986, 0xf986, 0xf986, 0xf986, 
	0xf986, 0xf986, 0xf986, 0xf986, 0xf986, 0xf986, 0xf986, 0xf986, 0xf986, 0xf986, 0xf986, 0xf986, 0xf986, 0xf986, 0xf986, 0xf986, 
	0xf986, 0xf986, 0xf986, 0xf986, 0xf986, 0xf986, 0xf986, 0xf986, 0xf986, 0xf986, 0xf986, 0xf986, 0xf986, 0xf986, 0xf986, 0xf986, 
	0xf986, 0xf986, 0xf986, 0xf986, 0xf986, 0xf986, 0xf986, 0xf986, 0xf986, 0xf986, 0xf986, 0xf986, 0xf986, 0xf986, 0xf986, 0xf986, 
	0xf986, 0xf986, 0xf986, 0xf986, 0xf986, 0xf986, 0xf986, 0xf986, 0xf986, 0xf986, 0xf986, 0xf986, 0xf986, 0xf986, 0xf986, 0xf986, 
	0xf986, 0xf986, 0xf986, 0xf986, 0xf986, 0xf986, 0xf986, 0xf986, 0xf986, 0xf986, 0xf986, 0xf986, 0xf986, 0xf986, 0xf986, 0xf986, 
	0xf986, 0xf986, 0xf986, 0xf986, 0xf986, 0xf986, 0xf986, 0xf986, 0xf986, 0xf986, 0xf986, 0xf986, 0xf986, 0xf986, 0xf986, 0xf986, 
	0xf986, 0xf986, 0xf986, 0xf986, 0xf986, 0xf986, 0xf986, 0xf986, 0xf986, 0xf986, 0xf986, 0xf986, 0xf986, 0xf986, 0xf986, 0xf986, 
	0xf986, 0xf986, 0xf986, 0xf986, 0xf986, 0xf986, 0xf986, 0xf986, 0xf986, 0xf986, 0xf986, 0xf986, 0xf986, 0xf986, 0xf986, 0xf986, 
	0xf986, 0xf986, 0xf986, 0xf986, 0xf986, 0xf986, 0xf986, 0xf986, 0xf986, 0xf986, 0xf986, 0xf986, 0xf986, 0xf986, 0xf986, 0xf986, 
	0xf986, 0xf986, 0xf986, 0xf986, 0xf986, 0xf986, 0xf986, 0xf986, 0xf986, 0xf986, 0xf986, 0xf986, 0xf986, 0xf986, 0xf986, 0xf986, 
	0xf986, 0xf986, 0xf986, 0xf986, 0xf986, 0xf986, 0xf986, 0xf986, 0xf986, 0xf986, 0xf986, 0xf986, 0xf986, 0xf986, 0xf986, 0xf986, 
	0xf986, 0xf986, 0xf986, 0xf986, 0xf986, 0xf986, 0xf986, 0xf986, 0xf986, 0xf986, 0xf986, 0xf986, 0xf986, 0xf986, 0xf986, 0xf986, 
	0xf986, 0xf986, 0xf986, 0xf986, 0xf986, 0xf986, 0xf986, 0xf986, 0xf986, 0xf986, 0xf986, 0xf986, 0xf986, 0xf986, 0xf986, 0xf986, 
	0xf986, 0xf986, 0xf986, 0xf986, 0xf986, 0xf986, 0xf986, 0xf986, 0xf986, 0xf986, 0xf986, 0xf986, 0xf986, 0xf986, 0xf986, 0xf986, 
	0xf986, 0xf986, 0xf986, 0xf986, 0xf986, 0xf986, 0xf986, 0xf986, 0xf986, 0xf986, 0xf986, 0xf986, 0xf986, 0xf986, 0xf986, 0xf986, 
	0xf986, 0xf986, 0xf986, 0xf986, 0xf986, 0xf986, 0xf986, 0xf986, 0xf986, 0xf986, 0xf986, 0xf986, 0xf986, 0xf986, 0xf986, 0xf986, 
	0xf986, 0xf986, 0xf986, 0xf986, 0xf986, 0xf986, 0xf986, 0xf986, 0xf986, 0xf986, 0xf986, 0xf986, 0xf986, 0xf986, 0xf986, 0xf986, 
	0xf986, 0xf986, 0xf986, 0xf986, 0xf986, 0xf986, 0xf986, 0xf986, 0xf986, 0xf986, 0xf986, 0xf986, 0xf986, 0xf986, 0xf986, 0xf986, 
	0xf986, 0xf986, 0xf986, 0xf986, 0xf986, 0xf986, 0xf986, 0xf986, 0xf986, 0xf986, 0xf986, 0xf986, 0xf986, 0xf986, 0xf986, 0xf986, 
	0xf986, 0xf986, 0xf986, 0xf986, 0xf986, 0xf986, 0xf986, 0xf986, 0xf986, 0xf986, 0xf986, 0xf986, 0xf986, 0xf986, 0xf986, 0xf986, 
	0xf986, 0xf986, 0xf986, 0xf986, 0xf986, 0xf986, 0xf986, 0xf986, 0xf986, 0xf986, 0xf986, 0xf986, 0xf986, 0xf986, 0xf986, 0xf986, 
	0xf986, 0xf986, 0xf986, 0xf986, 0xf986, 0xf986, 0xf986, 0xf986, 0xf986, 0xf986, 0xf986, 0xf986, 0xf986, 0xf986, 0xf986, 0xf986, 
	0xf986, 0xf986, 0xf986, 0xf986, 0xf986, 0xf986, 0xf986, 0xf986, 0xf986, 0xf986, 0xf986, 0xf986, 0xf986, 0xf986, 0xf986, 0xf986, 
	0xf986, 0xf986, 0xf986, 0xf986, 0xf986, 0xf986, 0xf986, 0xf986, 0xf986, 0xf986, 0xf986, 0xf986, 0xf986, 0xf986, 0xf986, 0xf986, 
	0xf986, 0xf986, 0xf986, 0xf986, 0xf986, 0xf986, 0xf986, 0xf986, 0xf986, 0xf986, 0xf986, 0xf986, 0xf986, 0xf986, 0xf986, 0xf986, 
	0xf986, 0xf986, 0xf986, 0xf986, 0xf986, 0xf986, 0xf986, 0xf986, 0xf986, 0xf986, 0xf986, 0xf986, 0xf986, 0xf986, 0xf986, 0xf986, 
	0xf986, 0xf986, 0xf986, 0xf986, 0xf986, 0xf986, 0xf986, 0xf986, 0xf986, 0xf986, 0xf986, 0xf986, 0xf986, 0xf986, 0xf986, 0xf986, 
	0xf986, 0xf986, 0xf986, 0xf986, 0xf986, 0xf986, 0xf986, 0xf986, 0xf986, 0xf986, 0xf986, 0xf986, 0xf986, 0xf986, 0xf986, 0xf986, 
	0xf986, 0xf986, 0xf986, 0xf986, 0xf986, 0xf986, 0xf986, 0xf986, 0xf986, 0xf986, 0xf986, 0xf986, 0xf986, 0xf986, 0xf986, 0xf986, 
	0xf986, 0xf986, 0xf986, 0xf986, 0xf986, 0xf986, 0xf986, 0xf986, 0xf986, 0xf986, 0xf986, 0xf986, 0xf986, 0xf986, 0xf986, 0xf986, 
	0xf986, 0xf986, 0xf986, 0xf986, 0xf986, 0xf986, 0xf986, 0xf986, 0xf986, 0xf986, 0xf986, 0xf986, 0xf986, 0xf986, 0xf986, 0xf986, 
	0xf986, 0xf986, 0xf986, 0xf986, 0xf986, 0xf986, 0xf986, 0xf986, 0xf986, 0xf986, 0xf986, 0xf986, 0xf986, 0xf986, 0xf986, 0xf986, 
	0xf986, 0xf986, 0xf986, 0xf986, 0xf986, 0xf986, 0xf986, 0xf986, 0xf986, 0xf986, 0xf986, 0xf986, 0xf986, 0xf986, 0xf986, 0xf986, 
	0xf986, 0xf986, 0xf986, 0xf986, 0xf986, 0xf986, 0xf986, 0xf986, 0xf986, 0xf986, 0xf986, 0xf986, 0xf986, 0xf986, 0xf986, 0xf986, 
	0xf986, 0xf986, 0xf986, 0xf986, 0xf986, 0xf986, 0xf986, 0xf986, 0xf986, 0xf986, 0xf986, 0xf986, 0xf986, 0xf986, 0xf986, 0xf986, 
	0xf986, 0xf986, 0xf986, 0xf986, 0xf986, 0xf986, 0xf986, 0xf986, 0xf986, 0xf986, 0xf986, 0xf986, 0xf986, 0xf986, 0xf986, 0xf986, 
	0xf986, 0xf986, 0xf986, 0xf986, 0xf986, 0xf986, 0xf986, 0xf986, 0xf986, 0xf986, 0xf986, 0xf986, 0xf986, 0xf986, 0xf986, 0xf986, 
	0xf986, 0xf986, 0xf986, 0xf986, 0xf986, 0xf986, 0xf986, 0xf986, 0xf986, 0xf986, 0xf986, 0xf986, 0xf986, 0xf986, 0xf986, 0xf986, 
	0xf986, 0xf986, 0xf986, 0xf986, 0xf986, 0xf986, 0xf986, 0xf986, 0xf986, 0xf986, 0xf986, 0xf986, 0xf986, 0xf986, 0xf986, 0xf986, 
	0xf986, 0xf986, 0xf986, 0xf986, 0xf986, 0xf986, 0xf986, 0xf986, 0xf986, 0xf986, 0xf986, 0xf986, 0xf986, 0xf986, 0xf986, 0xf986, 
	0xf986, 0xf986, 0xf986, 0xf986, 0xf986, 0xf986, 0xf986, 0xf986, 0xf986, 0xf986, 0xf986, 0xf986, 0xf986, 0xf986, 0xf986, 0xf986, 
	0xf986, 0xf986, 0xf986, 0xf986, 0xf986, 0xf986, 0xf986, 0xf986, 0xf986, 0xf986, 0xf986, 0xf986, 0xf986, 0xf986, 0xf986, 0xf986, 
	0xf986, 0xf986, 0xf986, 0xf986, 0xf986, 0xf986, 0xf986, 0xf986, 0xf986, 0xf986, 0xf986, 0xf986, 0xf986, 0xf986, 0xf986, 0xf986, 
	0xf986, 0xf986, 0xf986, 0xf986, 0xf986, 0xf986, 0xf986, 0xf986, 0xf986, 0xf986, 0xf986, 0xf986, 0xf986, 0xf986, 0xf986, 0xf986, 
	0xf986, 0xf986, 0xf986, 0xf986, 0xf986, 0xf986, 0xf986, 0xf986, 0xf986, 0xf986, 0xf986, 0xf986, 0xf986, 0xf986, 0xf986, 0xf986, 
	0xf986, 0xf986, 0xf986, 0xf986, 0xf986, 0xf986, 0xf986, 0xf986, 0xf986, 0xf986, 0xf986, 0xf986, 0xf986, 0xf986, 0xf986, 0xf986, 
	0xf986, 0xf986, 0xf986, 0xf986, 0xf986, 0xf986, 0xf986, 0xf986, 0xf986, 0xf986, 0xf986, 0xf986, 0xf986, 0xf986, 0xf986, 0xf986, 
	0xf986, 0xf986, 0xf986, 0xf986, 0xf986, 0xf986, 0xf986, 0xf986, 0xf986, 0xf986, 0xf986, 0xf986, 0xf986, 0xf986, 0xf986, 0xf986, 
	0xf986, 0xf986, 0xf986, 0xf986, 0xf986, 0xf986, 0xf986, 0xf986, 0xf986, 0xf986, 0xf986, 0xf986, 0xf986, 0xf986, 0xf986, 0xf986, 
	0xf986, 0xf986, 0xf986, 0xf986, 0xf986, 0xf986, 0xf986, 0xf986, 0xf986, 0xf986, 0xf986, 0xf986, 0xf986, 0xf986, 0xf986, 0xf986, 
	0xf986, 0xf986, 0xf986, 0xf986, 0xf986, 0xf986, 0xf986, 0xf986, 0xf986, 0xf986, 0xf986, 0xf986, 0xf986, 0xf986, 0xf986, 0xf986, 
	0xf986, 0xf986, 0xf986, 0xf986, 0xf986, 0xf986, 0xf986, 0xf986, 0xf986, 0xf986, 0xf986, 0xf986, 0xf986, 0xf986, 0xf986, 0xf986, 
	0xf986, 0xf986, 0xf986, 0xf986, 0xf986, 0xf986, 0xf986, 0xf986, 0xf986, 0xf986, 0xf986, 0xf986, 0xf986, 0xf986, 0xf986, 0xf986, 
	0xf986, 0xf986, 0xf986, 0xf986, 0xf986, 0xf986, 0xf986, 0xf986, 0xf986, 0xf986, 0xf986, 0xf986, 0xf986, 0xf986, 0xf986, 0xf986, 
	0xf986, 0xf986, 0xf986, 0xf986, 0xf986, 0xf986, 0xf986, 0xf986, 0xf986, 0xf986, 0xf986, 0xf986, 0xf986, 0xf986, 0xf986, 0xf986, 
	0xf986, 0xf986, 0xf986, 0xf986, 0xf986, 0xf986, 0xf986, 0xf986, 0xf986, 0xf986, 0xf986, 0xf986, 0xf986, 0xf986, 0xf986, 0xf986, 
	0xf986, 0xf986, 0xf986, 0xf986, 0xf986, 0xf986, 0xf986, 0xf986, 0xf986, 0xf986, 0xf986, 0xf986, 0xf986, 0xf986, 0xf986, 0xf986, 
	0xf986, 0xf986, 0xf986, 0xf986, 0xf986, 0xf986, 0xf986, 0xf986, 0xf986, 0xf986, 0xf986, 0xf986, 0xf986, 0xf986, 0xf986, 0xf986, 
	0xf986, 0xf986, 0xf986, 0xf986, 0xf986, 0xf986, 0xf986, 0xf986, 0xf986, 0xf986, 0xf986, 0xf986, 0xf986, 0xf986, 0xf986, 0xf986, 
	0xf986, 0xf986, 0xf986, 0xf986, 0xf986, 0xf986, 0xf986, 0xf986, 0xf986, 0xf986, 0xf986, 0xf986, 0xf986, 0xf986, 0xf986, 0xf986, 
	0xf986, 0xf986, 0xf986, 0xf986, 0xf986, 0xf986, 0xf986, 0xf986, 0xf986, 0xf986, 0xf986, 0xf986, 0xf986, 0xf986, 0xf986, 0xf986, 
	0xf986, 0xf986, 0xf986, 0xf986, 0xf986, 0xf986, 0xf986, 0xf986, 0xf986, 0xf986, 0xf986, 0xf986, 0xf986, 0xf986, 0xf986, 0xf986, 
	0xf986, 0xf986, 0xf986, 0xf986, 0xf986, 0xf986, 0xf986, 0xf986, 0xf986, 0xf986, 0xf986, 0xf986, 0xf986, 0xf986, 0xf986, 0xf986, 
	0xf986, 0xf986, 0xf986, 0xf986, 0xf986, 0xf986, 0xf986, 0xf986, 0xf986, 0xf986, 0xf986, 0xf986, 0xf986, 0xf986, 0xf986, 0xf986, 
	0xf986, 0xf986, 0xf986, 0xf986, 0xf986, 0xf986, 0xf986, 0xf986, 0xf986, 0xf986, 0xf986, 0xf986, 0xf986, 0xf986, 0xf986, 0xf986, 
	0xf986, 0xf986, 0xf986, 0xf986, 0xf986, 0xf986, 0xf986, 0xf986, 0xf986, 0xf986, 0xf986, 0xf986, 0xf986, 0xf986, 0xf986, 0xf986, 
	0xf986, 0xf986, 0xf986, 0xf986, 0xf986, 0xf986, 0xf986, 0xf986, 0xf986, 0xf986, 0xf986, 0xf986, 0xf986, 0xf986, 0xf986, 0xf986, 
	0xf986, 0xf986, 0xf986, 0xf986, 0xf986, 0xf986, 0xf986, 0xf986, 0xf986, 0xf986, 0xf986, 0xf986, 0xf986, 0xf986, 0xf986, 0xf986, 
	0xf986, 0xf986, 0xf986, 0xf986, 0xf986, 0xf986, 0xf986, 0xf986, 0xf986, 0xf986, 0xf986, 0xf986, 0xf986, 0xf986, 0xf986, 0xf986, 
	0xf986, 0xf986, 0xf986, 0xf986, 0xf986, 0xf986, 0xf986, 0xf986, 0xf986, 0xf986, 0xf986, 0xf986, 0xf986, 0xf986, 0xf986, 0xf986, 
	0xf986, 0xf986, 0xf986, 0xf986, 0xf986, 0xf986, 0xf986, 0xf986, 0xf986, 0xf986, 0xf986, 0xf986, 0xf986, 0xf986, 0xf986, 0xf986, 
	0xf986, 0xf986, 0xf986, 0xf986, 0xf986, 0xf986, 0xf986, 0xf986, 0xf986, 0xf986, 0xf986, 0xf986, 0xf986, 0xf986, 0xf986, 0xf986, 
	0xf986, 0xf986, 0xf986, 0xf986, 0xf986, 0xf986, 0xf986, 0xf986, 0xf986, 0xf986, 0xf986, 0xf986, 0xf986, 0xf986, 0xf986, 0xf986, 
	0xf986, 0xf986, 0xf986, 0xf986, 0xf986, 0xf986, 0xf986, 0xf986, 0xf986, 0xf986, 0xf986, 0xf986, 0xf986, 0xf986, 0xf986, 0xf986, 
	0xf986, 0xf986, 0xf986, 0xf986, 0xf986, 0xf986, 0xf986, 0xf986, 0xf986, 0xf986, 0xf986, 0xf986, 0xf986, 0xf986, 0xf986, 0xf986, 
	0xf986, 0xf986, 0xf986, 0xf986, 0xf986, 0xf986, 0xf986, 0xf986, 0xf986, 0xf986, 0xf986, 0xf986, 0xf986, 0xf986, 0xf986, 0xf986, 
	0xf986, 0xf986, 0xf986, 0xf986, 0xf986, 0xf986, 0xf986, 0xf986, 0xf986, 0xf986, 0xf986, 0xf986, 0xf986, 0xf986, 0xf986, 0xf986, 
	0xf986, 0xf986, 0xf986, 0xf986, 0xf986, 0xf986, 0xf986, 0xf986, 0xf986, 0xf986, 0xf986, 0xf986, 0xf986, 0xf986, 0xf986, 0xf986, 
	0xf986, 0xf986, 0xf986, 0xf986, 0xf986, 0xf986, 0xf986, 0xf986, 0xf986, 0xf986, 0xf986, 0xf986, 0xf986, 0xf986, 0xf986, 0xf986, 
	0xf986, 0xf986, 0xf986, 0xf986, 0xf986, 0xf986, 0xf986, 0xf986, 0xf986, 0xf986, 0xf986, 0xf986, 0xf986, 0xf986, 0xf986, 0xf986, 
	0xf986, 0xf986, 0xf986, 0xf986, 0xf986, 0xf986, 0xf986, 0xf986, 0xf986, 0xf986, 0xf986, 0xf986, 0xf986, 0xf986, 0xf986, 0xf986, 
	0xf986, 0xf986, 0xf986, 0xf986, 0xf986, 0xf986, 0xf986, 0xf986, 0xf986, 0xf986, 0xf986, 0xf986, 0xf986, 0xf986, 0xf986, 0xf986, 
	0xf986, 0xf986, 0xf986, 0xf986, 0xf986, 0xf986, 0xf986, 0xf986, 0xf986, 0xf986, 0xf986, 0xf986, 0xf986, 0xf986, 0xf986, 0xf986, 
	0xf986, 0xf986, 0xf986, 0xf986, 0xf986, 0xf986, 0xf986, 0xf986, 0xf986, 0xf986, 0xf986, 0xf986, 0xf986, 0xf986, 0xf986, 0xf986, 
	0xf986, 0xf986, 0xf986, 0xf986, 0xf986, 0xf986, 0xf986, 0xf986, 0xf986, 0xf986, 0xf986, 0xf986, 0xf986, 0xf986, 0xf986, 0xf986, 
	0xf986, 0xf986, 0xf986, 0xf986, 0xf986, 0xf986, 0xf986, 0xf986, 0xf986, 0xf986, 0xf986, 0xf986, 0xf986, 0xf986, 0xf986, 0xf986, 
	0xf986, 0xf986, 0xf986, 0xf986, 0xf986, 0xf986, 0xf986, 0xf986, 0xf986, 0xf986, 0xf986, 0xf986, 0xf986, 0xf986, 0xf986, 0xf986, 
	0xf986, 0xf986, 0xf986, 0xf986, 0xf986, 0xf986, 0xf986, 0xf986, 0xf986, 0xf986, 0xf986, 0xf986, 0xf986, 0xf986, 0xf986, 0xf986, 
	0xf986, 0xf986, 0xf986, 0xf986, 0xf986, 0xf986, 0xf986, 0xf986, 0xf986, 0xf986, 0xf986, 0xf986, 0xf986, 0xf986, 0xf986, 0xf986, 
	0xf986, 0xf986, 0xf986, 0xf986, 0xf986, 0xf986, 0xf986, 0xf986, 0xf986, 0xf986, 0xf986, 0xf986, 0xf986, 0xf986, 0xf986, 0xf986, 
	0xf986, 0xf986, 0xf986, 0xf986, 0xf986, 0xf986, 0xf986, 0xf986, 0xf986, 0xf986, 0xf986, 0xf986, 0xf986, 0xf986, 0xf986, 0xf986, 
	0xf986, 0xf986, 0xf986, 0xf986, 0xf986, 0xf986, 0xf986, 0xf986, 0xf986, 0xf986, 0xf986, 0xf986, 0xf986, 0xf986, 0xf986, 0xf986, 
	0xf986, 0xf986, 0xf986, 0xf986, 0xf986, 0xf986, 0xf986, 0xf986, 0xf986, 0xf986, 0xf986, 0xf986, 0xf986, 0xf986, 0xf986, 0xf986, 
	0xf986, 0xf986, 0xf986, 0xf986, 0xf986, 0xf986, 0xf986, 0xf986, 0xf986, 0xf986, 0xf986, 0xf986, 0xf986, 0xf986, 0xf986, 0xf986, 
	0xf986, 0xf986, 0xf986, 0xf986, 0xf986, 0xf986, 0xf986, 0xf986, 0xf986, 0xf986, 0xf986, 0xf986, 0xf986, 0xf986, 0xf986, 0xf986, 
	0xf986, 0xf986, 0xf986, 0xf986, 0xf986, 0xf986, 0xf986, 0xf986, 0xf986, 0xf986, 0xf986, 0xf986, 0xf986, 0xf986, 0xf986, 0xf986, 
	0xf986, 0xf986, 0xf986, 0xf986, 0xf986, 0xf986, 0xf986, 0xf986, 0xf986, 0xf986, 0xf986, 0xf986, 0xf986, 0xf986, 0xf986, 0xf986, 
	0xf986, 0xf986, 0xf986, 0xf986, 0xf986, 0xf986, 0xf986, 0xf986, 0xf986, 0xf986, 0xf986, 0xf986, 0xf986, 0xf986, 0xf986, 0xf986, 
	0xf986, 0xf986, 0xf986, 0xf986, 0xf986, 0xf986, 0xf986, 0xf986, 0xf986, 0xf986, 0xf986, 0xf986, 0xf986, 0xf986, 0xf986, 0xf986, 
	0xf986, 0xf986, 0xf986, 0xf986, 0xf986, 0xf986, 0xf986, 0xf986, 0xf986, 0xf986, 0xf986, 0xf986, 0xf986, 0xf986, 0xf986, 0xf986, 
	0xf986, 0xf986, 0xf986, 0xf986, 0xf986, 0xf986, 0xf986, 0xf986, 0xf986, 0xf986, 0xf986, 0xf986, 0xf986, 0xf986, 0xf986, 0xf986, 
	0xf986, 0xf986, 0xf986, 0xf986, 0xf986, 0xf986, 0xf986, 0xf986, 0xf986, 0xf986, 0xf986, 0xf986, 0xf986, 0xf986, 0xf986, 0xf986, 
	0xf986, 0xf986, 0xf986, 0xf986, 0xf986, 0xf986, 0xf986, 0xf986, 0xf986, 0xf986, 0xf986, 0xf986, 0xf986, 0xf986, 0xf986, 0xf986, 
	0xf986, 0xf986, 0xf986, 0xf986, 0xf986, 0xf986, 0xf986, 0xf986, 0xf986, 0xf986, 0xf986, 0xf986, 0xf986, 0xf986, 0xf986, 0xf986, 
	0xf986, 0xf986, 0xf986, 0xf986, 0xf986, 0xf986, 0xf986, 0xf986, 0xf986, 0xf986, 0xf986, 0xf986, 0xf986, 0xf986, 0xf986, 0xf986, 
	0xf986, 0xf986, 0xf986, 0xf986, 0xf986, 0xf986, 0xf986, 0xf986, 0xf986, 0xf986, 0xf986, 0xf986, 0xf986, 0xf986, 0xf986, 0xf986, 
	0xf986, 0xf986, 0xf986, 0xf986, 0xf986, 0xf986, 0xf986, 0xf986, 0xf986, 0xf986, 0xf986, 0xf986, 0xf986, 0xf986, 0xf986, 0xf986, 
	0xf986, 0xf986, 0xf986, 0xf986, 0xf986, 0xf986, 0xf986, 0xf986, 0xf986, 0xf986, 0xf986, 0xf986, 0xf986, 0xf986, 0xf986, 0xf986, 
	0xf986, 0xf986, 0xf986, 0xf986, 0xf986, 0xf986, 0xf986, 0xf986, 0xf986, 0xf986, 0xf986, 0xf986, 0xf986, 0xf986, 0xf986, 0xf986, 
	0xf986, 0xf986, 0xf986, 0xf986, 0xf986, 0xf986, 0xf986, 0xf986, 0xf986, 0xf986, 0xf986, 0xf986, 0xf986, 0xf986, 0xf986, 0xf986, 
	0xf986, 0xf986, 0xf986, 0xf986, 0xf986, 0xf986, 0xf986, 0xf986, 0xf986, 0xf986, 0xf986, 0xf986, 0xf986, 0xf986, 0xf986, 0xf986, 
	0xf986, 0xf986, 0xf986, 0xf986, 0xf986, 0xf986, 0xf986, 0xf986, 0xf986, 0xf986, 0xf986, 0xf986, 0xf986, 0xf986, 0xf986, 0xf986, 
	0xf986, 0xf986, 0xf986, 0xf986, 0xf986, 0xf986, 0xf986, 0xf986, 0xf986, 0xf986, 0xf986, 0xf986, 0xf986, 0xf986, 0xf986, 0xf986, 
	0xf986, 0xf986, 0xf986, 0xf986, 0xf986, 0xf986, 0xf986, 0xf986, 0xf986, 0xf986, 0xf986, 0xf986, 0xf986, 0xf986, 0xf986, 0xf986, 
	0xf986, 0xf986, 0xf986, 0xf986, 0xf986, 0xf986, 0xf986, 0xf986, 0xf986, 0xf986, 0xf986, 0xf986, 0xf986, 0xf986, 0xf986, 0xf986, 
	0xf986, 0xf986, 0xf986, 0xf986, 0xf986, 0xf986, 0xf986, 0xf986, 0xf986, 0xf986, 0xf986, 0xf986, 0xf986, 0xf986, 0xf986, 0xf986, 
	0xf986, 0xf986, 0xf986, 0xf986, 0xf986, 0xf986, 0xf986, 0xf986, 0xf986, 0xf986, 0xf986, 0xf986, 0xf986, 0xf986, 0xf986, 0xf986, 
	0xf986, 0xf986, 0xf986, 0xf986, 0xf986, 0xf986, 0xf986, 0xf986, 0xf986, 0xf986, 0xf986, 0xf986, 0xf986, 0xf986, 0xf986, 0xf986, 
	0xf986, 0xf986, 0xf986, 0xf986, 0xf986, 0xf986, 0xf986, 0xf986, 0xf986, 0xf986, 0xf986, 0xf986, 0xf986, 0xf986, 0xf986, 0xf986, 
	0xf986, 0xf986, 0xf986, 0xf986, 0xf986, 0xf986, 0xf986, 0xf986, 0xf986, 0xf986, 0xf986, 0xf986, 0xf986, 0xf986, 0xf986, 0xf986, 
	0xf986, 0xf986, 0xf986, 0xf986, 0xf986, 0xf986, 0xf986, 0xf986, 0xf986, 0xf986, 0xf986, 0xf986, 0xf986, 0xf986, 0xf986, 0xf986, 
	0xf986, 0xf986, 0xf986, 0xf986, 0xf986, 0xf986, 0xf986, 0xf986, 0xf986, 0xf986, 0xf986, 0xf986, 0xf986, 0xf986, 0xf986, 0xf986, 
	0xf986, 0xf986, 0xf986, 0xf986, 0xf986, 0xf986, 0xf986, 0xf986, 0xf986, 0xf986, 0xf986, 0xf986, 0xf986, 0xf986, 0xf986, 0xf986, 
	0xf986, 0xf986, 0xf986, 0xf986, 0xf986, 0xf986, 0xf986, 0xf986, 0xf986, 0xf986, 0xf986, 0xf986, 0xf986, 0xf986, 0xf986, 0xf986, 
	0xf986, 0xf986, 0xf986, 0xf986, 0xf986, 0xf986, 0xf986, 0xf986, 0xf986, 0xf986, 0xf986, 0xf986, 0xf986, 0xf986, 0xf986, 0xf986, 
	0xf986, 0xf986, 0xf986, 0xf986, 0xf986, 0xf986, 0xf986, 0xf986, 0xf986, 0xf986, 0xf986, 0xf986, 0xf986, 0xf986, 0xf986, 0xf986, 
	0xf986, 0xf986, 0xf986, 0xf986, 0xf986, 0xf986, 0xf986, 0xf986, 0xf986, 0xf986, 0xf986, 0xf986, 0xf986, 0xf986, 0xf986, 0xf986, 
	0xf986, 0xf986, 0xf986, 0xf986, 0xf986, 0xf986, 0xf986, 0xf986, 0xf986, 0xf986, 0xf986, 0xf986, 0xf986, 0xf986, 0xf986, 0xf986, 
	0xf986, 0xf986, 0xf986, 0xf986, 0xf986, 0xf986, 0xf986, 0xf986, 0xf986, 0xf986, 0xf986, 0xf986, 0xf986, 0xf986, 0xf986, 0xf986, 
	0xf986, 0xf986, 0xf986, 0xf986, 0xf986, 0xf986, 0xf986, 0xf986, 0xf986, 0xf986, 0xf986, 0xf986, 0xf986, 0xf986, 0xf986, 0xf986, 
	0xf986, 0xf986, 0xf986, 0xf986, 0xf986, 0xf986, 0xf986, 0xf986, 0xf986, 0xf986, 0xf986, 0xf986, 0xf986, 0xf986, 0xf986, 0xf986, 
	0xf986, 0xf986, 0xf986, 0xf986, 0xf986, 0xf986, 0xf986, 0xf986, 0xf986, 0xf986, 0xf986, 0xf986, 0xf986, 0xf986, 0xf986, 0xf986, 
	0xf986, 0xf986, 0xf986, 0xf986, 0xf986, 0xf986, 0xf986, 0xf986, 0xf986, 0xf986, 0xf986, 0xf986, 0xf986, 0xf986, 0xf986, 0xf986, 
	0xf986, 0xf986, 0xf986, 0xf986, 0xf986, 0xf986, 0xf986, 0xf986, 0xf986, 0xf986, 0xf986, 0xf986, 0xf986, 0xf986, 0xf986, 0xf986, 
	0xf986, 0xf986, 0xf986, 0xf986, 0xf986, 0xf986, 0xf986, 0xf986, 0xf986, 0xf986, 0xf986, 0xf986, 0xf986, 0xf986, 0xf986, 0xf986, 
	0xf986, 0xf986, 0xf986, 0xf986, 0xf986, 0xf986, 0xf986, 0xf986, 0xf986, 0xf986, 0xf986, 0xf986, 0xf986, 0xf986, 0xf986, 0xf986, 
	0xf986, 0xf986, 0xf986, 0xf986, 0xf986, 0xf986, 0xf986, 0xf986, 0xf986, 0xf986, 0xf986, 0xf986, 0xf986, 0xf986, 0xf986, 0xf986, 
	0xf986, 0xf986, 0xf986, 0xf986, 0xf986, 0xf986, 0xf986, 0xf986, 0xf986, 0xf986, 0xf986, 0xf986, 0xf986, 0xf986, 0xf986, 0xf986, 
	0xf986, 0xf986, 0xf986, 0xf986, 0xf986, 0xf986, 0xf986, 0xf986, 0xf986, 0xf986, 0xf986, 0xf986, 0xf986, 0xf986, 0xf986, 0xf986, 
	0xf986, 0xf986, 0xf986, 0xf986, 0xf986, 0xf986, 0xf986, 0xf986, 0xf986, 0xf986, 0xf986, 0xf986, 0xf986, 0xf986, 0xf986, 0xf986, 
	0xf986, 0xf986, 0xf986, 0xf986, 0xf986, 0xf986, 0xf986, 0xf986, 0xf986, 0xf986, 0xf986, 0xf986, 0xf986, 0xf986, 0xf986, 0xf986, 
	0xf986, 0xf986, 0xf986, 0xf986, 0xf986, 0xf986, 0xf986, 0xf986, 0xf986, 0xf986, 0xf986, 0xf986, 0xf986, 0xf986, 0xf986, 0xf986, 
	0xf986, 0xf986, 0xf986, 0xf986, 0xf986, 0xf986, 0xf986, 0xf986, 0xf986, 0xf986, 0xf986, 0xf986, 0xf986, 0xf986, 0xf986, 0xf986, 
	0xf986, 0xf986, 0xf986, 0xf986, 0xf986, 0xf986, 0xf986, 0xf986, 0xf986, 0xf986, 0xf986, 0xf986, 0xf986, 0xf986, 0xf986, 0xf986, 
	0xf986, 0xf986, 0xf986, 0xf986, 0xf986, 0xf986, 0xf986, 0xf986, 0xf986, 0xf986, 0xf986, 0xf986, 0xf986, 0xf986, 0xf986, 0xf986, 
	0xf986, 0xf986, 0xf986, 0xf986, 0xf986, 0xf986, 0xf986, 0xf986, 0xf986, 0xf986, 0xf986, 0xf986, 0xf986, 0xf986, 0xf986, 0xf986, 
	0xf986, 0xf986, 0xf986, 0xf986, 0xf986, 0xf986, 0xf986, 0xf986, 0xf986, 0xf986, 0xf986, 0xf986, 0xf986, 0xf986, 0xf986, 0xf986, 
	0xf986, 0xf986, 0xf986, 0xf986, 0xf986, 0xf986, 0xf986, 0xf986, 0xf986, 0xf986, 0xf986, 0xf986, 0xf986, 0xf986, 0xf986, 0xf986, 
	0xf986, 0xf986, 0xf986, 0xf986, 0xf986, 0xf986, 0xf986, 0xf986, 0xf986, 0xf986, 0xf986, 0xf986, 0xf986, 0xf986, 0xf986, 0xf986, 
	0xf986, 0xf986, 0xf986, 0xf986, 0xf986, 0xf986, 0xf986, 0xf986, 0xf986, 0xf986, 0xf986, 0xf986, 0xf986, 0xf986, 0xf986, 0xf986, 
	0xf986, 0xf986, 0xf986, 0xf986, 0xf986, 0xf986, 0xf986, 0xf986, 0xf986, 0xf986, 0xf986, 0xf986, 0xf986, 0xf986, 0xf986, 0xf986, 
	0xf986, 0xf986, 0xf986, 0xf986, 0xf986, 0xf986, 0xf986, 0xf986, 0xf986, 0xf986, 0xf986, 0xf986, 0xf986, 0xf986, 0xf986, 0xf986, 
	0xf986, 0xf986, 0xf986, 0xf986, 0xf986, 0xf986, 0xf986, 0xf986, 0xf986, 0xf986, 0xf986, 0xf986, 0xf986, 0xf986, 0xf986, 0xf986, 
	0xf986, 0xf986, 0xf986, 0xf986, 0xf986, 0xf986, 0xf986, 0xf986, 0xf986, 0xf986, 0xf986, 0xf986, 0xf986, 0xf986, 0xf986, 0xf986, 
	0xf986, 0xf986, 0xf986, 0xf986, 0xf986, 0xf986, 0xf986, 0xf986, 0xf986, 0xf986, 0xf986, 0xf986, 0xf986, 0xf986, 0xf986, 0xf986, 
	0xf986, 0xf986, 0xf986, 0xf986, 0xf986, 0xf986, 0xf986, 0xf986, 0xf986, 0xf986, 0xf986, 0xf986, 0xf986, 0xf986, 0xf986, 0xf986, 
	0xf986, 0xf986, 0xf986, 0xf986, 0xf986, 0xf986, 0xf986, 0xf986, 0xf986, 0xf986, 0xf986, 0xf986, 0xf986, 0xf986, 0xf986, 0xf986, 
	0xf986, 0xf986, 0xf986, 0xf986, 0xf986, 0xf986, 0xf986, 0xf986, 0xf986, 0xf986, 0xf986, 0xf986, 0xf986, 0xf986, 0xf986, 0xf986, 
	0xf986, 0xf986, 0xf986, 0xf986, 0xf986, 0xf986, 0xf986, 0xf986, 0xf986, 0xf986, 0xf986, 0xf986, 0xf986, 0xf986, 0xf986, 0xf986, 
	0xf986, 0xf986, 0xf986, 0xf986, 0xf986, 0xf986, 0xf986, 0xf986, 0xf986, 0xf986, 0xf986, 0xf986, 0xf986, 0xf986, 0xf986, 0xf986, 
	0xf986, 0xf986, 0xf986, 0xf986, 0xf986, 0xf986, 0xf986, 0xf986, 0xf986, 0xf986, 0xf986, 0xf986, 0xf986, 0xf986, 0xf986, 0xf986, 
	0xf986, 0xf986, 0xf986, 0xf986, 0xf986, 0xf986, 0xf986, 0xf986, 0xf986, 0xf986, 0xf986, 0xf986, 0xf986, 0xf986, 0xf986, 0xf986, 
	0xf986, 0xf986, 0xf986, 0xf986, 0xf986, 0xf986, 0xf986, 0xf986, 0xf986, 0xf986, 0xf986, 0xf986, 0xf986, 0xf986, 0xf986, 0xf986, 
	0xf986, 0xf986, 0xf986, 0xf986, 0xf986, 0xf986, 0xf986, 0xf986, 0xf986, 0xf986, 0xf986, 0xf986, 0xf986, 0xf986, 0xf986, 0xf986, 
	0xf986, 0xf986, 0xf986, 0xf986, 0xf986, 0xf986, 0xf986, 0xf986, 0xf986, 0xf986, 0xf986, 0xf986, 0xf986, 0xf986, 0xf986, 0xf986, 
	0xf986, 0xf986, 0xf986, 0xf986, 0xf986, 0xf986, 0xf986, 0xf986, 0xf986, 0xf986, 0xf986, 0xf986, 0xf986, 0xf986, 0xf986, 0xf986, 
	0xf986, 0xf986, 0xf986, 0xf986, 0xf986, 0xf986, 0xf986, 0xf986, 0xf986, 0xf986, 0xf986, 0xf986, 0xf986, 0xf986, 0xf986, 0xf986, 
	0xf986, 0xf986, 0xf986, 0xf986, 0xf986, 0xf986, 0xf986, 0xf986, 0xf986, 0xf986, 0xf986, 0xf986, 0xf986, 0xf986, 0xf986, 0xf986, 
	0xf986, 0xf986, 0xf986, 0xf986, 0xf986, 0xf986, 0xf986, 0xf986, 0xf986, 0xf986, 0xf986, 0xf986, 0xf986, 0xf986, 0xf986, 0xf986, 
	0xf986, 0xf986, 0xf986, 0xf986, 0xf986, 0xf986, 0xf986, 0xf986, 0xf986, 0xf986, 0xf986, 0xf986, 0xf986, 0xf986, 0xf986, 0xf986, 
	0xf986, 0xf986, 0xf986, 0xf986, 0xf986, 0xf986, 0xf986, 0xf986, 0xf986, 0xf986, 0xf986, 0xf986, 0xf986, 0xf986, 0xf986, 0xf986, 
	0xf986, 0xf986, 0xf986, 0xf986, 0xf986, 0xf986, 0xf986, 0xf986, 0xf986, 0xf986, 0xf986, 0xf986, 0xf986, 0xf986, 0xf986, 0xf986, 
	0xf986, 0xf986, 0xf986, 0xf986, 0xf986, 0xf986, 0xf986, 0xf986, 0xf986, 0xf986, 0xf986, 0xf986, 0xf986, 0xf986, 0xf986, 0xf986, 
	0xf986, 0xf986, 0xf986, 0xf986, 0xf986, 0xf986, 0xf986, 0xf986, 0xf986, 0xf986, 0xf986, 0xf986, 0xf986, 0xf986, 0xf986, 0xf986, 
	0xf986, 0xf986, 0xf986, 0xf986, 0xf986, 0xf986, 0xf986, 0xf986, 0xf986, 0xf986, 0xf986, 0xf986, 0xf986, 0xf986, 0xf986, 0xf986, 
	0xf986, 0xf986, 0xf986, 0xf986, 0xf986, 0xf986, 0xf986, 0xf986, 0xf986, 0xf986, 0xf986, 0xf986, 0xf986, 0xf986, 0xf986, 0xf986, 
	0xf986, 0xf986, 0xf986, 0xf986, 0xf986, 0xf986, 0xf986, 0xf986, 0xf986, 0xf986, 0xf986, 0xf986, 0xf986, 0xf986, 0xf986, 0xf986, 
	0xf986, 0xf986, 0xf986, 0xf986, 0xf986, 0xf986, 0xf986, 0xf986, 0xf986, 0xf986, 0xf986, 0xf986, 0xf986, 0xf986, 0xf986, 0xf986, 
	0xf986, 0xf986, 0xf986, 0xf986, 0xf986, 0xf986, 0xf986, 0xf986, 0xf986, 0xf986, 0xf986, 0xf986, 0xf986, 0xf986, 0xf986, 0xf986, 
	0xf986, 0xf986, 0xf986, 0xf986, 0xf986, 0xf986, 0xf986, 0xf986, 0xf986, 0xf986, 0xf986, 0xf986, 0xf986, 0xf986, 0xf986, 0xf986, 
	0xf986, 0xf986, 0xf986, 0xf986, 0xf986, 0xf986, 0xf986, 0xf986, 0xf986, 0xf986, 0xf986, 0xf986, 0xf986, 0xf986, 0xf986, 0xf986, 
	0xf986, 0xf986, 0xf986, 0xf986, 0xf986, 0xf986, 0xf986, 0xf986, 0xf986, 0xf986, 0xf986, 0xf986, 0xf986, 0xf986, 0xf986, 0xf986, 
	0xf986, 0xf986, 0xf986, 0xf986, 0xf986, 0xf986, 0xf986, 0xf986, 0xf986, 0xf986, 0xf986, 0xf986, 0xf986, 0xf986, 0xf986, 0xf986, 
	0xf986, 0xf986, 0xf986, 0xf986, 0xf986, 0xf986, 0xf986, 0xf986, 0xf986, 0xf986, 0xf986, 0xf986, 0xf986, 0xf986, 0xf986, 0xf986, 
	0xf986, 0xf986, 0xf986, 0xf986, 0xf986, 0xf986, 0xf986, 0xf986, 0xf986, 0xf986, 0xf986, 0xf986, 0xf986, 0xf986, 0xf986, 0xf986, 
	0xf986, 0xf986, 0xf986, 0xf986, 0xf986, 0xf986, 0xf986, 0xf986, 0xf986, 0xf986, 0xf986, 0xf986, 0xf986, 0xf986, 0xf986, 0xf986, 
	0xf986, 0xf986, 0xf986, 0xf986, 0xf986, 0xf986, 0xf986, 0xf986, 0xf986, 0xf986, 0xf986, 0xf986, 0xf986, 0xf986, 0xf986, 0xf986, 
	0xf986, 0xf986, 0xf986, 0xf986, 0xf986, 0xf986, 0xf986, 0xf986, 0xf986, 0xf986, 0xf986, 0xf986, 0xf986, 0xf986, 0xf986, 0xf986, 
	0xf986, 0xf986, 0xf986, 0xf986, 0xf986, 0xf986, 0xf986, 0xf986, 0xf986, 0xf986, 0xf986, 0xf986, 0xf986, 0xf986, 0xf986, 0xf986, 
	0xf986, 0xf986, 0xf986, 0xf986, 0xf986, 0xf986, 0xf986, 0xf986, 0xf986, 0xf986, 0xf986, 0xf986, 0xf986, 0xf986, 0xf986, 0xf986, 
	0xf986, 0xf986, 0xf986, 0xf986, 0xf986, 0xf986, 0xf986, 0xf986, 0xf986, 0xf986, 0xf986, 0xf986, 0xf986, 0xf986, 0xf986, 0xf986, 
	0xf986, 0xf986, 0xf986, 0xf986, 0xf986, 0xf986, 0xf986, 0xf986, 0xf986, 0xf986, 0xf986, 0xf986, 0xf986, 0xf986, 0xf986, 0xf986, 
	0xf986, 0xf986, 0xf986, 0xf986, 0xf986, 0xf986, 0xf986, 0xf986, 0xf986, 0xf986, 0xf986, 0xf986, 0xf986, 0xf986, 0xf986, 0xf986, 
	0xf986, 0xf986, 0xf986, 0xf986, 0xf986, 0xf986, 0xf986, 0xf986, 0xf986, 0xf986, 0xf986, 0xf986, 0xf986, 0xf986, 0xf986, 0xf986, 
	0xf986, 0xf986, 0xf986, 0xf986, 0xf986, 0xf986, 0xf986, 0xf986, 0xf986, 0xf986, 0xf986, 0xf986, 0xf986, 0xf986, 0xf986, 0xf986, 
	0xf986, 0xf986, 0xf986, 0xf986, 0xf986, 0xf986, 0xf986, 0xf986, 0xf986, 0xf986, 0xf986, 0xf986, 0xf986, 0xf986, 0xf986, 0xf986, 
	0xf986, 0xf986, 0xf986, 0xf986, 0xf986, 0xf986, 0xf986, 0xf986, 0xf986, 0xf986, 0xf986, 0xf986, 0xf986, 0xf986, 0xf986, 0xf986, 
	0xf986, 0xf986, 0xf986, 0xf986, 0xf986, 0xf986, 0xf986, 0xf986, 0xf986, 0xf986, 0xf986, 0xf986, 0xf986, 0xf986, 0xf986, 0xf986, 
	0xf986, 0xf986, 0xf986, 0xf986, 0xf986, 0xf986, 0xf986, 0xf986, 0xf986, 0xf986, 0xf986, 0xf986, 0xf986, 0xf986, 0xf986, 0xf986, 
	0xf986, 0xf986, 0xf986, 0xf986, 0xf986, 0xf986, 0xf986, 0xf986, 0xf986, 0xf986, 0xf986, 0xf986, 0xf986, 0xf986, 0xf986, 0xf986, 
	0xf986, 0xf986, 0xf986, 0xf986, 0xf986, 0xf986, 0xf986, 0xf986, 0xf986, 0xf986, 0xf986, 0xf986, 0xf986, 0xf986, 0xf986, 0xf986, 
	0xf986, 0xf986, 0xf986, 0xf986, 0xf986, 0xf986, 0xf986, 0xf986, 0xf986, 0xf986, 0xf986, 0xf986, 0xf986, 0xf986, 0xf986, 0xf986, 
	0xf986, 0xf986, 0xf986, 0xf986, 0xf986, 0xf986, 0xf986, 0xf986, 0xf986, 0xf986, 0xf986, 0xf986, 0xf986, 0xf986, 0xf986, 0xf986, 
	0xf986, 0xf986, 0xf986, 0xf986, 0xf986, 0xf986, 0xf986, 0xf986, 0xf986, 0xf986, 0xf986, 0xf986, 0xf986, 0xf986, 0xf986, 0xf986, 
	0xf986, 0xf986, 0xf986, 0xf986, 0xf986, 0xf986, 0xf986, 0xf986, 0xf986, 0xf986, 0xf986, 0xf986, 0xf986, 0xf986, 0xf986, 0xf986, 
	0xf986, 0xf986, 0xf986, 0xf986, 0xf986, 0xf986, 0xf986, 0xf986, 0xf986, 0xf986, 0xf986, 0xf986, 0xf986, 0xf986, 0xf986, 0xf986, 
	0xf986, 0xf986, 0xf986, 0xf986, 0xf986, 0xf986, 0xf986, 0xf986, 0xf986, 0xf986, 0xf986, 0xf986, 0xf986, 0xf986, 0xf986, 0xf986, 
	0xf986, 0xf986, 0xf986, 0xf986, 0xf986, 0xf986, 0xf986, 0xf986, 0xf986, 0xf986, 0xf986, 0xf986, 0xf986, 0xf986, 0xf986, 0xf986, 
	0xf986, 0xf986, 0xf986, 0xf986, 0xf986, 0xf986, 0xf986, 0xf986, 0xf986, 0xf986, 0xf986, 0xf986, 0xf986, 0xf986, 0xf986, 0xf986, 
	0xf986, 0xf986, 0xf986, 0xf986, 0xf986, 0xf986, 0xf986, 0xf986, 0xf986, 0xf986, 0xf986, 0xf986, 0xf986, 0xf986, 0xf986, 0xf986, 
	0xf986, 0xf986, 0xf986, 0xf986, 0xf986, 0xf986, 0xf986, 0xf986, 0xf986, 0xf986, 0xf986, 0xf986, 0xf986, 0xf986, 0xf986, 0xf986, 
	0xf986, 0xf986, 0xf986, 0xf986, 0xf986, 0xf986, 0xf986, 0xf986, 0xf986, 0xf986, 0xf986, 0xf986, 0xf986, 0xf986, 0xf986, 0xf986, 
	0xf986, 0xf986, 0xf986, 0xf986, 0xf986, 0xf986, 0xf986, 0xf986, 0xf986, 0xf986, 0xf986, 0xf986, 0xf986, 0xf986, 0xf986, 0xf986, 
	0xf986, 0xf986, 0xf986, 0xf986, 0xf986, 0xf986, 0xf986, 0xf986, 0xf986, 0xf986, 0xf986, 0xf986, 0xf986, 0xf986, 0xf986, 0xf986, 
	0xf986, 0xf986, 0xf986, 0xf986, 0xf986, 0xf986, 0xf986, 0xf986, 0xf986, 0xf986, 0xf986, 0xf986, 0xf986, 0xf986, 0xf986, 0xf986, 
	0xf986, 0xf986, 0xf986, 0xf986, 0xf986, 0xf986, 0xf986, 0xf986, 0xf986, 0xf986, 0xf986, 0xf986, 0xf986, 0xf986, 0xf986, 0xf986, 
	0xf986, 0xf986, 0xf986, 0xf986, 0xf986, 0xf986, 0xf986, 0xf986, 0xf986, 0xf986, 0xf986, 0xf986, 0xf986, 0xf986, 0xf986, 0xf986, 
	0xf986, 0xf986, 0xf986, 0xf986, 0xf986, 0xf986, 0xf986, 0xf986, 0xf986, 0xf986, 0xf986, 0xf986, 0xf986, 0xf986, 0xf986, 0xf986, 
	0xf986, 0xf986, 0xf986, 0xf986, 0xf986, 0xf986, 0xf986, 0xf986, 0xf986, 0xf986, 0xf986, 0xf986, 0xf986, 0xf986, 0xf986, 0xf986, 
	0xf986, 0xf986, 0xf986, 0xf986, 0xf986, 0xf986, 0xf986, 0xf986, 0xf986, 0xf986, 0xf986, 0xf986, 0xf986, 0xf986, 0xf986, 0xf986, 
	0xf986, 0xf986, 0xf986, 0xf986, 0xf986, 0xf986, 0xf986, 0xf986, 0xf986, 0xf986, 0xf986, 0xf986, 0xf986, 0xf986, 0xf986, 0xf986, 
	0xf986, 0xf986, 0xf986, 0xf986, 0xf986, 0xf986, 0xf986, 0xf986, 0xf986, 0xf986, 0xf986, 0xf986, 0xf986, 0xf986, 0xf986, 0xf986, 
	0xf986, 0xf986, 0xf986, 0xf986, 0xf986, 0xf986, 0xf986, 0xf986, 0xf986, 0xf986, 0xf986, 0xf986, 0xf986, 0xf986, 0xf986, 0xf986, 
	0xf986, 0xf986, 0xf986, 0xf986, 0xf986, 0xf986, 0xf986, 0xf986, 0xf986, 0xf986, 0xf986, 0xf986, 0xf986, 0xf986, 0xf986, 0xf986, 
	0xf986, 0xf986, 0xf986, 0xf986, 0xf986, 0xf986, 0xf986, 0xf986, 0xf986, 0xf986, 0xf986, 0xf986, 0xf986, 0xf986, 0xf986, 0xf986, 
	0xf986, 0xf986, 0xf986, 0xf986, 0xf986, 0xf986, 0xf986, 0xf986, 0xf986, 0xf986, 0xf986, 0xf986, 0xf986, 0xf986, 0xf986, 0xf986, 
	0xf986, 0xf986, 0xf986, 0xf986, 0xf986, 0xf986, 0xf986, 0xf986, 0xf986, 0xf986, 0xf986, 0xf986, 0xf986, 0xf986, 0xf986, 0xf986, 
	0xf986, 0xf986, 0xf986, 0xf986, 0xf986, 0xf986, 0xf986, 0xf986, 0xf986, 0xf986, 0xf986, 0xf986, 0xf986, 0xf986, 0xf986, 0xf986, 
	0xf986, 0xf986, 0xf986, 0xf986, 0xf986, 0xf986, 0xf986, 0xf986, 0xf986, 0xf986, 0xf986, 0xf986, 0xf986, 0xf986, 0xf986, 0xf986, 
	0xf986, 0xf986, 0xf986, 0xf986, 0xf986, 0xf986, 0xf986, 0xf986, 0xf986, 0xf986, 0xf986, 0xf986, 0xf986, 0xf986, 0xf986, 0xf986, 
	0xf986, 0xf986, 0xf986, 0xf986, 0xf986, 0xf986, 0xf986, 0xf986, 0xf986, 0xf986, 0xf986, 0xf986, 0xf986, 0xf986, 0xf986, 0xf986, 
	0xf986, 0xf986, 0xf986, 0xf986, 0xf986, 0xf986, 0xf986, 0xf986, 0xf986, 0xf986, 0xf986, 0xf986, 0xf986, 0xf986, 0xf986, 0xf986, 
	0xf986, 0xf986, 0xf986, 0xf986, 0xf986, 0xf986, 0xf986, 0xf986, 0xf986, 0xf986, 0xf986, 0xf986, 0xf986, 0xf986, 0xf986, 0xf986, 
	0xf986, 0xf986, 0xf986, 0xf986, 0xf986, 0xf986, 0xf986, 0xf986, 0xf986, 0xf986, 0xf986, 0xf986, 0xf986, 0xf986, 0xf986, 0xf986, 
	0xf986, 0xf986, 0xf986, 0xf986, 0xf986, 0xf986, 0xf986, 0xf986, 0xf986, 0xf986, 0xf986, 0xf986, 0xf986, 0xf986, 0xf986, 0xf986, 
	0xf986, 0xf986, 0xf986, 0xf986, 0xf986, 0xf986, 0xf986, 0xf986, 0xf986, 0xf986, 0xf986, 0xf986, 0xf986, 0xf986, 0xf986, 0xf986, 
	0xf986, 0xf986, 0xf986, 0xf986, 0xf986, 0xf986, 0xf986, 0xf986, 0xf986, 0xf986, 0xf986, 0xf986, 0xf986, 0xf986, 0xf986, 0xf986, 
	0xf986, 0xf986, 0xf986, 0xf986, 0xf986, 0xf986, 0xf986, 0xf986, 0xf986, 0xf986, 0xf986, 0xf986, 0xf986, 0xf986, 0xf986, 0xf986, 
	0xf986, 0xf986, 0xf986, 0xf986, 0xf986, 0xf986, 0xf986, 0xf986, 0xf986, 0xf986, 0xf986, 0xf986, 0xf986, 0xf986, 0xf986, 0xf986, 
	0xf986, 0xf986, 0xf986, 0xf986, 0xf986, 0xf986, 0xf986, 0xf986, 0xf986, 0xf986, 0xf986, 0xf986, 0xf986, 0xf986, 0xf986, 0xf986, 
	0xf986, 0xf986, 0xf986, 0xf986, 0xf986, 0xf986, 0xf986, 0xf986, 0xf986, 0xf986, 0xf986, 0xf986, 0xf986, 0xf986, 0xf986, 0xf986, 
	0xf986, 0xf986, 0xf986, 0xf986, 0xf986, 0xf986, 0xf986, 0xf986, 0xf986, 0xf986, 0xf986, 0xf986, 0xf986, 0xf986, 0xf986, 0xf986, 
	0xf986, 0xf986, 0xf986, 0xf986, 0xf986, 0xf986, 0xf986, 0xf986, 0xf986, 0xf986, 0xf986, 0xf986, 0xf986, 0xf986, 0xf986, 0xf986, 
	0xf986, 0xf986, 0xf986, 0xf986, 0xf986, 0xf986, 0xf986, 0xf986, 0xf986, 0xf986, 0xf986, 0xf986, 0xf986, 0xf986, 0xf986, 0xf986, 
	0xf986, 0xf986, 0xf986, 0xf986, 0xf986, 0xf986, 0xf986, 0xf986, 0xf986, 0xf986, 0xf986, 0xf986, 0xf986, 0xf986, 0xf986, 0xf986, 
	0xf986, 0xf986, 0xf986, 0xf986, 0xf986, 0xf986, 0xf986, 0xf986, 0xf986, 0xf986, 0xf986, 0xf986, 0xf986, 0xf986, 0xf986, 0xf986, 
	0xf986, 0xf986, 0xf986, 0xf986, 0xf986, 0xf986, 0xf986, 0xf986, 0xf986, 0xf986, 0xf986, 0xf986, 0xf986, 0xf986, 0xf986, 0xf986, 
	0xf986, 0xf986, 0xf986, 0xf986, 0xf986, 0xf986, 0xf986, 0xf986, 0xf986, 0xf986, 0xf986, 0xf986, 0xf986, 0xf986, 0xf986, 0xf986, 
	0xf986, 0xf986, 0xf986, 0xf986, 0xf986, 0xf986, 0xf986, 0xf986, 0xf986, 0xf986, 0xf986, 0xf986, 0xf986, 0xf986, 0xf986, 0xf986, 
	0xf986, 0xf986, 0xf986, 0xf986, 0xf986, 0xf986, 0xf986, 0xf986, 0xf986, 0xf986, 0xf986, 0xf986, 0xf986, 0xf986, 0xf986, 0xf986, 
	0xf986, 0xf986, 0xf986, 0xf986, 0xf986, 0xf986, 0xf986, 0xf986, 0xf986, 0xf986, 0xf986, 0xf986, 0xf986, 0xf986, 0xf986, 0xf986, 
	0xf986, 0xf986, 0xf986, 0xf986, 0xf986, 0xf986, 0xf986, 0xf986, 0xf986, 0xf986, 0xf986, 0xf986, 0xf986, 0xf986, 0xf986, 0xf986, 
	0xf986, 0xf986, 0xf986, 0xf986, 0xf986, 0xf986, 0xf986, 0xf986, 0xf986, 0xf986, 0xf986, 0xf986, 0xf986, 0xf986, 0xf986, 0xf986, 
	0xf986, 0xf986, 0xf986, 0xf986, 0xf986, 0xf986, 0xf986, 0xf986, 0xf986, 0xf986, 0xf986, 0xf986, 0xf986, 0xf986, 0xf986, 0xf986, 
	0xf986, 0xf986, 0xf986, 0xf986, 0xf986, 0xf986, 0xf986, 0xf986, 0xf986, 0xf986, 0xf986, 0xf986, 0xf986, 0xf986, 0xf986, 0xf986, 
	0xf986, 0xf986, 0xf986, 0xf986, 0xf986, 0xf986, 0xf986, 0xf986, 0xf986, 0xf986, 0xf986, 0xf986, 0xf986, 0xf986, 0xf986, 0xf986, 
	0xf986, 0xf986, 0xf986, 0xf986, 0xf986, 0xf986, 0xf986, 0xf986, 0xf986, 0xf986, 0xf986, 0xf986, 0xf986, 0xf986, 0xf986, 0xf986, 
	0xf986, 0xf986, 0xf986, 0xf986, 0xf986, 0xf986, 0xf986, 0xf986, 0xf986, 0xf986, 0xf986, 0xf986, 0xf986, 0xf986, 0xf986, 0xf986, 
	0xf986, 0xf986, 0xf986, 0xf986, 0xf986, 0xf986, 0xf986, 0xf986, 0xf986, 0xf986, 0xf986, 0xf986, 0xf986, 0xf986, 0xf986, 0xf986, 
	0xf986, 0xf986, 0xf986, 0xf986, 0xf986, 0xf986, 0xf986, 0xf986, 0xf986, 0xf986, 0xf986, 0xf986, 0xf986, 0xf986, 0xf986, 0xf986, 
	0xf986, 0xf986, 0xf986, 0xf986, 0xf986, 0xf986, 0xf986, 0xf986, 0xf986, 0xf986, 0xf986, 0xf986, 0xf986, 0xf986, 0xf986, 0xf986, 
	0xf986, 0xf986, 0xf986, 0xf986, 0xf986, 0xf986, 0xf986, 0xf986, 0xf986, 0xf986, 0xf986, 0xf986, 0xf986, 0xf986, 0xf986, 0xf986, 
	0xf986, 0xf986, 0xf986, 0xf986, 0xf986, 0xf986, 0xf986, 0xf986, 0xf986, 0xf986, 0xf986, 0xf986, 0xf986, 0xf986, 0xf986, 0xf986, 
	0xf986, 0xf986, 0xf986, 0xf986, 0xf986, 0xf986, 0xf986, 0xf986, 0xf986, 0xf986, 0xf986, 0xf986, 0xf986, 0xf986, 0xf986, 0xf986, 
	0xf986, 0xf986, 0xf986, 0xf986, 0xf986, 0xf986, 0xf986, 0xf986, 0xf986, 0xf986, 0xf986, 0xf986, 0xf986, 0xf986, 0xf986, 0xf986, 
	0xf986, 0xf986, 0xf986, 0xf986, 0xf986, 0xf986, 0xf986, 0xf986, 0xf986, 0xf986, 0xf986, 0xf986, 0xf986, 0xf986, 0xf986, 0xf986, 
	0xf986, 0xf986, 0xf986, 0xf986, 0xf986, 0xf986, 0xf986, 0xf986, 0xf986, 0xf986, 0xf986, 0xf986, 0xf986, 0xf986, 0xf986, 0xf986, 
	0xf986, 0xf986, 0xf986, 0xf986, 0xf986, 0xf986, 0xf986, 0xf986, 0xf986, 0xf986, 0xf986, 0xf986, 0xf986, 0xf986, 0xf986, 0xf986, 
	0xf986, 0xf986, 0xf986, 0xf986, 0xf986, 0xf986, 0xf986, 0xf986, 0xf986, 0xf986, 0xf986, 0xf986, 0xf986, 0xf986, 0xf986, 0xf986, 
	0xf986, 0xf986, 0xf986, 0xf986, 0xf986, 0xf986, 0xf986, 0xf986, 0xf986, 0xf986, 0xf986, 0xf986, 0xf986, 0xf986, 0xf986, 0xf986, 
	0xf986, 0xf986, 0xf986, 0xf986, 0xf986, 0xf986, 0xf986, 0xf986, 0xf986, 0xf986, 0xf986, 0xf986, 0xf986, 0xf986, 0xf986, 0xf986, 
	0xf986, 0xf986, 0xf986, 0xf986, 0xf986, 0xf986, 0xf986, 0xf986, 0xf986, 0xf986, 0xf986, 0xf986, 0xf986, 0xf986, 0xf986, 0xf986, 
	0xf986, 0xf986, 0xf986, 0xf986, 0xf986, 0xf986, 0xf986, 0xf986, 0xf986, 0xf986, 0xf986, 0xf986, 0xf986, 0xf986, 0xf986, 0xf986, 
	0xf986, 0xf986, 0xf986, 0xf986, 0xf986, 0xf986, 0xf986, 0xf986, 0xf986, 0xf986, 0xf986, 0xf986, 0xf986, 0xf986, 0xf986, 0xf986, 
	0xf986, 0xf986, 0xf986, 0xf986, 0xf986, 0xf986, 0xf986, 0xf986, 0xf986, 0xf986, 0xf986, 0xf986, 0xf986, 0xf986, 0xf986, 0xf986, 
	0xf986, 0xf986, 0xf986, 0xf986, 0xf986, 0xf986, 0xf986, 0xf986, 0xf986, 0xf986, 0xf986, 0xf986, 0xf986, 0xf986, 0xf986, 0xf986, 
	0xf986, 0xf986, 0xf986, 0xf986, 0xf986, 0xf986, 0xf986, 0xf986, 0xf986, 0xf986, 0xf986, 0xf986, 0xf986, 0xf986, 0xf986, 0xf986, 
	0xf986, 0xf986, 0xf986, 0xf986, 0xf986, 0xf986, 0xf986, 0xf986, 0xf986, 0xf986, 0xf986, 0xf986, 0xf986, 0xf986, 0xf986, 0xf986, 
	0xf986, 0xf986, 0xf986, 0xf986, 0xf986, 0xf986, 0xf986, 0xf986, 0xf986, 0xf986, 0xf986, 0xf986, 0xf986, 0xf986, 0xf986, 0xf986, 
	0xf986, 0xf986, 0xf986, 0xf986, 0xf986, 0xf986, 0xf986, 0xf986, 0xf986, 0xf986, 0xf986, 0xf986, 0xf986, 0xf986, 0xf986, 0xf986, 
	0xf986, 0xf986, 0xf986, 0xf986, 0xf986, 0xf986, 0xf986, 0xf986, 0xf986, 0xf986, 0xf986, 0xf986, 0xf986, 0xf986, 0xf986, 0xf986, 
	0xf986, 0xf986, 0xf986, 0xf986, 0xf986, 0xf986, 0xf986, 0xf986, 0xf986, 0xf986, 0xf986, 0xf986, 0xf986, 0xf986, 0xf986, 0xf986, 
	0xf986, 0xf986, 0xf986, 0xf986, 0xf986, 0xf986, 0xf986, 0xf986, 0xf986, 0xf986, 0xf986, 0xf986, 0xf986, 0xf986, 0xf986, 0xf986, 
	0xf986, 0xf986, 0xf986, 0xf986, 0xf986, 0xf986, 0xf986, 0xf986, 0xf986, 0xf986, 0xf986, 0xf986, 0xf986, 0xf986, 0xf986, 0xf986, 
	0xf986, 0xf986, 0xf986, 0xf986, 0xf986, 0xf986, 0xf986, 0xf986, 0xf986, 0xf986, 0xf986, 0xf986, 0xf986, 0xf986, 0xf986, 0xf986, 
	0xf986, 0xf986, 0xf986, 0xf986, 0xf986, 0xf986, 0xf986, 0xf986, 0xf986, 0xf986, 0xf986, 0xf986, 0xf986, 0xf986, 0xf986, 0xf986, 
	0xf986, 0xf986, 0xf986, 0xf986, 0xf986, 0xf986, 0xf986, 0xf986, 0xf986, 0xf986, 0xf986, 0xf986, 0xf986, 0xf986, 0xf986, 0xf986, 
	0xf986, 0xf986, 0xf986, 0xf986, 0xf986, 0xf986, 0xf986, 0xf986, 0xf986, 0xf986, 0xf986, 0xf986, 0xf986, 0xf986, 0xf986, 0xf986, 
	0xf986, 0xf986, 0xf986, 0xf986, 0xf986, 0xf986, 0xf986, 0xf986, 0xf986, 0xf986, 0xf986, 0xf986, 0xf986, 0xf986, 0xf986, 0xf986, 
	0xf986, 0xf986, 0xf986, 0xf986, 0xf986, 0xf986, 0xf986, 0xf986, 0xf986, 0xf986, 0xf986, 0xf986, 0xf986, 0xf986, 0xf986, 0xf986, 
	0xf986, 0xf986, 0xf986, 0xf986, 0xf986, 0xf986, 0xf986, 0xf986, 0xf986, 0xf986, 0xf986, 0xf986, 0xf986, 0xf986, 0xf986, 0xf986, 
	0xf986, 0xf986, 0xf986, 0xf986, 0xf986, 0xf986, 0xf986, 0xf986, 0xf986, 0xf986, 0xf986, 0xf986, 0xf986, 0xf986, 0xf986, 0xf986, 
	0xf986, 0xf986, 0xf986, 0xf986, 0xf986, 0xf986, 0xf986, 0xf986, 0xf986, 0xf986, 0xf986, 0xf986, 0xf986, 0xf986, 0xf986, 0xf986, 
	0xf986, 0xf986, 0xf986, 0xf986, 0xf986, 0xf986, 0xf986, 0xf986, 0xf986, 0xf986, 0xf986, 0xf986, 0xf986, 0xf986, 0xf986, 0xf986, 
	0xf986, 0xf986, 0xf986, 0xf986, 0xf986, 0xf986, 0xf986, 0xf986, 0xf986, 0xf986, 0xf986, 0xf986, 0xf986, 0xf986, 0xf986, 0xf986, 
	0xf986, 0xf986, 0xf986, 0xf986, 0xf986, 0xf986, 0xf986, 0xf986, 0xf986, 0xf986, 0xf986, 0xf986, 0xf986, 0xf986, 0xf986, 0xf986, 
	0xf986, 0xf986, 0xf986, 0xf986, 0xf986, 0xf986, 0xf986, 0xf986, 0xf986, 0xf986, 0xf986, 0xf986, 0xf986, 0xf986, 0xf986, 0xf986, 
	0xf986, 0xf986, 0xf986, 0xf986, 0xf986, 0xf986, 0xf986, 0xf986, 0xf986, 0xf986, 0xf986, 0xf986, 0xf986, 0xf986, 0xf986, 0xf986, 
	0xf986, 0xf986, 0xf986, 0xf986, 0xf986, 0xf986, 0xf986, 0xf986, 0xf986, 0xf986, 0xf986, 0xf986, 0xf986, 0xf986, 0xf986, 0xf986, 
	0xf986, 0xf986, 0xf986, 0xf986, 0xf986, 0xf986, 0xf986, 0xf986, 0xf986, 0xf986, 0xf986, 0xf986, 0xf986, 0xf986, 0xf986, 0xf986, 
	0xf986, 0xf986, 0xf986, 0xf986, 0xf986, 0xf986, 0xf986, 0xf986, 0xf986, 0xf986, 0xf986, 0xf986, 0xf986, 0xf986, 0xf986, 0xf986, 
	0xf986, 0xf986, 0xf986, 0xf986, 0xf986, 0xf986, 0xf986, 0xf986, 0xf986, 0xf986, 0xf986, 0xf986, 0xf986, 0xf986, 0xf986, 0xf986, 
	0xf986, 0xf986, 0xf986, 0xf986, 0xf986, 0xf986, 0xf986, 0xf986, 0xf986, 0xf986, 0xf986, 0xf986, 0xf986, 0xf986, 0xf986, 0xf986, 
	0xf986, 0xf986, 0xf986, 0xf986, 0xf986, 0xf986, 0xf986, 0xf986, 0xf986, 0xf986, 0xf986, 0xf986, 0xf986, 0xf986, 0xf986, 0xf986, 
	0xf986, 0xf986, 0xf986, 0xf986, 0xf986, 0xf986, 0xf986, 0xf986, 0xf986, 0xf986, 0xf986, 0xf986, 0xf986, 0xf986, 0xf986, 0xf986, 
	0xf986, 0xf986, 0xf986, 0xf986, 0xf986, 0xf986, 0xf986, 0xf986, 0xf986, 0xf986, 0xf986, 0xf986, 0xf986, 0xf986, 0xf986, 0xf986, 
	0xf986, 0xf986, 0xf986, 0xf986, 0xf986, 0xf986, 0xf986, 0xf986, 0xf986, 0xf986, 0xf986, 0xf986, 0xf986, 0xf986, 0xf986, 0xf986, 
	0xf986, 0xf986, 0xf986, 0xf986, 0xf986, 0xf986, 0xf986, 0xf986, 0xf986, 0xf986, 0xf986, 0xf986, 0xf986, 0xf986, 0xf986, 0xf986, 
	0xf986, 0xf986, 0xf986, 0xf986, 0xf986, 0xf986, 0xf986, 0xf986, 0xf986, 0xf986, 0xf986, 0xf986, 0xf986, 0xf986, 0xf986, 0xf986, 
	0xf986, 0xf986, 0xf986, 0xf986, 0xf986, 0xf986, 0xf986, 0xf986, 0xf986, 0xf986, 0xf986, 0xf986, 0xf986, 0xf986, 0xf986, 0xf986, 
	0xf986, 0xf986, 0xf986, 0xf986, 0xf986, 0xf986, 0xf986, 0xf986, 0xf986, 0xf986, 0xf986, 0xf986, 0xf986, 0xf986, 0xf986, 0xf986, 
	0xf986, 0xf986, 0xf986, 0xf986, 0xf986, 0xf986, 0xf986, 0xf986, 0xf986, 0xf986, 0xf986, 0xf986, 0xf986, 0xf986, 0xf986, 0xf986, 
	0xf986, 0xf986, 0xf986, 0xf986, 0xf986, 0xf986, 0xf986, 0xf986, 0xf986, 0xf986, 0xf986, 0xf986, 0xf986, 0xf986, 0xf986, 0xf986, 
	0xf986, 0xf986, 0xf986, 0xf986, 0xf986, 0xf986, 0xf986, 0xf986, 0xf986, 0xf986, 0xf986, 0xf986, 0xf986, 0xf986, 0xf986, 0xf986, 
	0xf986, 0xf986, 0xf986, 0xf986, 0xf986, 0xf986, 0xf986, 0xf986, 0xf986, 0xf986, 0xf986, 0xf986, 0xf986, 0xf986, 0xf986, 0xf986, 
	0xf986, 0xf986, 0xf986, 0xf986, 0xf986, 0xf986, 0xf986, 0xf986, 0xf986, 0xf986, 0xf986, 0xf986, 0xf986, 0xf986, 0xf986, 0xf986, 
	0xf986, 0xf986, 0xf986, 0xf986, 0xf986, 0xf986, 0xf986, 0xf986, 0xf986, 0xf986, 0xf986, 0xf986, 0xf986, 0xf986, 0xf986, 0xf986, 
	0xf986, 0xf986, 0xf986, 0xf986, 0xf986, 0xf986, 0xf986, 0xf986, 0xf986, 0xf986, 0xf986, 0xf986, 0xf986, 0xf986, 0xf986, 0xf986, 
	0xf986, 0xf986, 0xf986, 0xf986, 0xf986, 0xf986, 0xf986, 0xf986, 0xf986, 0xf986, 0xf986, 0xf986, 0xf986, 0xf986, 0xf986, 0xf986, 
	0xf986, 0xf986, 0xf986, 0xf986, 0xf986, 0xf986, 0xf986, 0xf986, 0xf986, 0xf986, 0xf986, 0xf986, 0xf986, 0xf986, 0xf986, 0xf986, 
	0xf986, 0xf986, 0xf986, 0xf986, 0xf986, 0xf986, 0xf986, 0xf986, 0xf986, 0xf986, 0xf986, 0xf986, 0xf986, 0xf986, 0xf986, 0xf986, 
	0xf986, 0xf986, 0xf986, 0xf986, 0xf986, 0xf986, 0xf986, 0xf986, 0xf986, 0xf986, 0xf986, 0xf986, 0xf986, 0xf986, 0xf986, 0xf986, 
	0xf986, 0xf986, 0xf986, 0xf986, 0xf986, 0xf986, 0xf986, 0xf986, 0xf986, 0xf986, 0xf986, 0xf986, 0xf986, 0xf986, 0xf986, 0xf986, 
	0xf986, 0xf986, 0xf986, 0xf986, 0xf986, 0xf986, 0xf986, 0xf986, 0xf986, 0xf986, 0xf986, 0xf986, 0xf986, 0xf986, 0xf986, 0xf986, 
	0xf986, 0xf986, 0xf986, 0xf986, 0xf986, 0xf986, 0xf986, 0xf986, 0xf986, 0xf986, 0xf986, 0xf986, 0xf986, 0xf986, 0xf986, 0xf986, 
	0xf986, 0xf986, 0xf986, 0xf986, 0xf986, 0xf986, 0xf986, 0xf986, 0xf986, 0xf986, 0xf986, 0xf986, 0xf986, 0xf986, 0xf986, 0xf986, 
	0xf986, 0xf986, 0xf986, 0xf986, 0xf986, 0xf986, 0xf986, 0xf986, 0xf986, 0xf986, 0xf986, 0xf986, 0xf986, 0xf986, 0xf986, 0xf986, 
	0xf986, 0xf986, 0xf986, 0xf986, 0xf986, 0xf986, 0xf986, 0xf986, 0xf986, 0xf986, 0xf986, 0xf986, 0xf986, 0xf986, 0xf986, 0xf986, 
	0xf986, 0xf986, 0xf986, 0xf986, 0xf986, 0xf986, 0xf986, 0xf986, 0xf986, 0xf986, 0xf986, 0xf986, 0xf986, 0xf986, 0xf986, 0xf986, 
	0xf986, 0xf986, 0xf986, 0xf986, 0xf986, 0xf986, 0xf986, 0xf986, 0xf986, 0xf986, 0xf986, 0xf986, 0xf986, 0xf986, 0xf986, 0xf986, 
	0xf986, 0xf986, 0xf986, 0xf986, 0xf986, 0xf986, 0xf986, 0xf986, 0xf986, 0xf986, 0xf986, 0xf986, 0xf986, 0xf986, 0xf986, 0xf986, 
	0xf986, 0xf986, 0xf986, 0xf986, 0xf986, 0xf986, 0xf986, 0xf986, 0xf986, 0xf986, 0xf986, 0xf986, 0xf986, 0xf986, 0xf986, 0xf986, 
	0xf986, 0xf986, 0xf986, 0xf986, 0xf986, 0xf986, 0xf986, 0xf986, 0xf986, 0xf986, 0xf986, 0xf986, 0xf986, 0xf986, 0xf986, 0xf986, 
	0xf986, 0xf986, 0xf986, 0xf986, 0xf986, 0xf986, 0xf986, 0xf986, 0xf986, 0xf986, 0xf986, 0xf986, 0xf986, 0xf986, 0xf986, 0xf986, 
	0xf986, 0xf986, 0xf986, 0xf986, 0xf986, 0xf986, 0xf986, 0xf986, 0xf986, 0xf986, 0xf986, 0xf986, 0xf986, 0xf986, 0xf986, 0xf986, 
	0xf986, 0xf986, 0xf986, 0xf986, 0xf986, 0xf986, 0xf986, 0xf986, 0xf986, 0xf986, 0xf986, 0xf986, 0xf986, 0xf986, 0xf986, 0xf986, 
	0xf986, 0xf986, 0xf986, 0xf986, 0xf986, 0xf986, 0xf986, 0xf986, 0xf986, 0xf986, 0xf986, 0xf986, 0xf986, 0xf986, 0xf986, 0xf986, 
	0xf986, 0xf986, 0xf986, 0xf986, 0xf986, 0xf986, 0xf986, 0xf986, 0xf986, 0xf986, 0xf986, 0xf986, 0xf986, 0xf986, 0xf986, 0xf986, 
	0xf986, 0xf986, 0xf986, 0xf986, 0xf986, 0xf986, 0xf986, 0xf986, 0xf986, 0xf986, 0xf986, 0xf986, 0xf986, 0xf986, 0xf986, 0xf986, 
	0xf986, 0xf986, 0xf986, 0xf986, 0xf986, 0xf986, 0xf986, 0xf986, 0xf986, 0xf986, 0xf986, 0xf986, 0xf986, 0xf986, 0xf986, 0xf986, 
	0xf986, 0xf986, 0xf986, 0xf986, 0xf986, 0xf986, 0xf986, 0xf986, 0xf986, 0xf986, 0xf986, 0xf986, 0xf986, 0xf986, 0xf986, 0xf986, 
	0xf986, 0xf986, 0xf986, 0xf986, 0xf986, 0xf986, 0xf986, 0xf986, 0xf986, 0xf986, 0xf986, 0xf986, 0xf986, 0xf986, 0xf986, 0xf986, 
	0xf965, 0xf986, 0xf986, 0xf986, 0xf986, 0xf986, 0xf986, 0xf986, 0xf986, 0xf986, 0xf986, 0xf986, 0xf986, 0xf986, 0xf986, 0xf986, 
	0xf986, 0xf986, 0xf986, 0xf986, 0xf986, 0xf986, 0xf986, 0xf986, 0xf986, 0xf986, 0xf986, 0xf986, 0xf986, 0xf986, 0xf986, 0xf986, 
	0xf986, 0xf986, 0xf986, 0xf986, 0xf986, 0xf986, 0xf986, 0xf986, 0xf986, 0xf986, 0xf986, 0xf986, 0xf986, 0xf986, 0xf986, 0xf986, 
	0xf986, 0xf986, 0xf986, 0xf986, 0xf986, 0xf986, 0xf986, 0xf986, 0xf986, 0xf986, 0xf986, 0xf986, 0xf986, 0xf986, 0xf986, 0xf986, 
	0xf986, 0xf986, 0xf986, 0xf986, 0xf986, 0xf986, 0xf986, 0xf986, 0xf986, 0xf986, 0xf986, 0xf986, 0xf986, 0xf986, 0xf986, 0xf986, 
	0xf986, 0xf986, 0xf986, 0xf986, 0xf986, 0xf986, 0xf986, 0xf986, 0xf986, 0xf986, 0xf986, 0xf986, 0xf986, 0xf986, 0xf986, 0xf986, 
	0xf986, 0xf986, 0xf986, 0xf986, 0xf986, 0xf986, 0xf986, 0xf986, 0xf986, 0xf986, 0xf986, 0xf986, 0xf986, 0xf986, 0xf986, 0xf986, 
	0xf986, 0xf986, 0xf986, 0xf986, 0xf986, 0xf986, 0xf986, 0xf986, 0xf986, 0xf986, 0xf986, 0xf986, 0xf986, 0xf986, 0xf986, 0xf165, 
	0xf165, 0xf986, 0xf986, 0xf986, 0xf986, 0xf986, 0xf986, 0xf986, 0xf986, 0xf986, 0xf986, 0xf986, 0xf986, 0xf986, 0xf986, 0xf986, 
	0xf986, 0xf986, 0xf986, 0xf986, 0xf986, 0xf986, 0xf986, 0xf986, 0xf986, 0xf986, 0xf986, 0xf986, 0xf986, 0xf986, 0xf986, 0xf986, 
	0xf986, 0xf986, 0xf986, 0xf986, 0xf986, 0xf986, 0xf986, 0xf986, 0xf986, 0xf986, 0xf986, 0xf986, 0xf986, 0xf986, 0xf986, 0xf986, 
	0xf986, 0xf986, 0xf986, 0xf986, 0xf986, 0xf986, 0xf986, 0xf986, 0xf986, 0xf986, 0xf986, 0xf986, 0xf986, 0xf986, 0xf986, 0xf986, 
	0xf986, 0xf986, 0xf986, 0xf986, 0xf986, 0xf986, 0xf986, 0xf986, 0xf986, 0xf986, 0xf986, 0xf986, 0xf986, 0xf986, 0xf986, 0xf986, 
	0xf986, 0xf986, 0xf986, 0xf986, 0xf986, 0xf986, 0xf986, 0xf986, 0xf986, 0xf986, 0xf986, 0xf986, 0xf986, 0xf986, 0xf986, 0xf986, 
	0xf986, 0xf986, 0xf986, 0xf986, 0xf986, 0xf986, 0xf986, 0xf986, 0xf986, 0xf986, 0xf986, 0xf986, 0xf986, 0xf986, 0xf986, 0xf986, 
	0xf986, 0xf986, 0xf986, 0xf986, 0xf986, 0xf986, 0xf986, 0xf986, 0xf986, 0xf986, 0xf986, 0xf986, 0xf986, 0xf986, 0xf986, 0xe965, 
	0xe965, 0xf165, 0xf986, 0xf986, 0xf986, 0xf986, 0xf986, 0xf986, 0xf986, 0xf986, 0xf986, 0xf986, 0xf986, 0xf986, 0xf986, 0xf986, 
	0xf986, 0xf986, 0xf986, 0xf986, 0xf986, 0xf986, 0xf986, 0xf986, 0xf986, 0xf986, 0xf986, 0xf986, 0xf986, 0xf986, 0xf986, 0xf986, 
	0xf986, 0xf986, 0xf986, 0xf986, 0xf986, 0xf986, 0xf986, 0xf986, 0xf986, 0xf986, 0xf986, 0xf986, 0xf986, 0xf986, 0xf986, 0xf986, 
	0xf986, 0xf986, 0xf986, 0xf986, 0xf986, 0xf986, 0xf986, 0xf986, 0xf986, 0xf986, 0xf986, 0xf986, 0xf986, 0xf986, 0xf986, 0xf986, 
	0xf986, 0xf986, 0xf986, 0xf986, 0xf986, 0xf986, 0xf986, 0xf986, 0xf986, 0xf986, 0xf986, 0xf986, 0xf986, 0xf986, 0xf986, 0xf986, 
	0xf986, 0xf986, 0xf986, 0xf986, 0xf986, 0xf986, 0xf986, 0xf986, 0xf986, 0xf986, 0xf986, 0xf986, 0xf986, 0xf986, 0xf986, 0xf986, 
	0xf986, 0xf986, 0xf986, 0xf986, 0xf986, 0xf986, 0xf986, 0xf986, 0xf986, 0xf986, 0xf986, 0xf986, 0xf986, 0xf986, 0xf986, 0xf986, 
	0xf986, 0xf986, 0xf986, 0xf986, 0xf986, 0xf986, 0xf986, 0xf986, 0xf986, 0xf986, 0xf986, 0xf986, 0xf986, 0xf986, 0xf165, 0xe965, 
	0xe165, 0xf165, 0xf986, 0xf986, 0xf986, 0xf986, 0xf986, 0xf986, 0xf986, 0xf986, 0xf986, 0xf986, 0xf986, 0xf986, 0xf986, 0xf986, 
	0xf986, 0xf986, 0xf986, 0xf986, 0xf986, 0xf986, 0xf986, 0xf986, 0xf986, 0xf986, 0xf986, 0xf986, 0xf986, 0xf986, 0xf986, 0xf986, 
	0xf986, 0xf986, 0xf986, 0xf986, 0xf986, 0xf986, 0xf986, 0xf986, 0xf986, 0xf986, 0xf986, 0xf986, 0xf986, 0xf986, 0xf986, 0xf986, 
	0xf986, 0xf986, 0xf986, 0xf986, 0xf986, 0xf986, 0xf986, 0xf986, 0xf986, 0xf986, 0xf986, 0xf986, 0xf986, 0xf986, 0xf986, 0xf986, 
	0xf986, 0xf986, 0xf986, 0xf986, 0xf986, 0xf986, 0xf986, 0xf986, 0xf986, 0xf986, 0xf986, 0xf986, 0xf986, 0xf986, 0xf986, 0xf986, 
	0xf986, 0xf986, 0xf986, 0xf986, 0xf986, 0xf986, 0xf986, 0xf986, 0xf986, 0xf986, 0xf986, 0xf986, 0xf986, 0xf986, 0xf986, 0xf986, 
	0xf986, 0xf986, 0xf986, 0xf986, 0xf986, 0xf986, 0xf986, 0xf986, 0xf986, 0xf986, 0xf986, 0xf986, 0xf986, 0xf986, 0xf986, 0xf986, 
	0xf986, 0xf986, 0xf986, 0xf986, 0xf986, 0xf986, 0xf986, 0xf986, 0xf986, 0xf986, 0xf986, 0xf986, 0xf986, 0xf165, 0xe965, 0xe145, 
	0xe145, 0xe965, 0xf165, 0xf986, 0xf986, 0xf986, 0xf986, 0xf986, 0xf986, 0xf986, 0xf986, 0xf986, 0xf986, 0xf986, 0xf986, 0xf986, 
	0xf986, 0xf986, 0xf986, 0xf986, 0xf986, 0xf986, 0xf986, 0xf986, 0xf986, 0xf986, 0xf986, 0xf986, 0xf986, 0xf986, 0xf986, 0xf986, 
	0xf986, 0xf986, 0xf986, 0xf986, 0xf986, 0xf986, 0xf986, 0xf986, 0xf986, 0xf986, 0xf986, 0xf986, 0xf986, 0xf986, 0xf986, 0xf986, 
	0xf986, 0xf986, 0xf986, 0xf986, 0xf986, 0xf986, 0xf986, 0xf986, 0xf986, 0xf986, 0xf986, 0xf986, 0xf986, 0xf986, 0xf986, 0xf986, 
	0xf986, 0xf986, 0xf986, 0xf986, 0xf986, 0xf986, 0xf986, 0xf986, 0xf986, 0xf986, 0xf986, 0xf986, 0xf986, 0xf986, 0xf986, 0xf986, 
	0xf986, 0xf986, 0xf986, 0xf986, 0xf986, 0xf986, 0xf986, 0xf986, 0xf986, 0xf986, 0xf986, 0xf986, 0xf986, 0xf986, 0xf986, 0xf986, 
	0xf986, 0xf986, 0xf986, 0xf986, 0xf986, 0xf986, 0xf986, 0xf986, 0xf986, 0xf986, 0xf986, 0xf986, 0xf986, 0xf986, 0xf986, 0xf986, 
	0xf986, 0xf986, 0xf986, 0xf986, 0xf986, 0xf986, 0xf986, 0xf986, 0xf986, 0xf986, 0xf986, 0xf986, 0xf986, 0xf165, 0xe165, 0xd945, 
	0xd945, 0xe165, 0xe965, 0xf165, 0xf986, 0xf986, 0xf986, 0xf986, 0xf986, 0xf986, 0xf986, 0xf986, 0xf986, 0xf986, 0xf986, 0xf986, 
	0xf986, 0xf986, 0xf986, 0xf986, 0xf986, 0xf986, 0xf986, 0xf986, 0xf986, 0xf986, 0xf986, 0xf986, 0xf986, 0xf986, 0xf986, 0xf986, 
	0xf986, 0xf986, 0xf986, 0xf986, 0xf986, 0xf986, 0xf986, 0xf986, 0xf986, 0xf986, 0xf986, 0xf986, 0xf986, 0xf986, 0xf986, 0xf986, 
	0xf986, 0xf986, 0xf986, 0xf986, 0xf986, 0xf986, 0xf986, 0xf986, 0xf986, 0xf986, 0xf986, 0xf986, 0xf986, 0xf986, 0xf986, 0xf986, 
	0xf986, 0xf986, 0xf986, 0xf986, 0xf986, 0xf986, 0xf986, 0xf986, 0xf986, 0xf986, 0xf986, 0xf986, 0xf986, 0xf986, 0xf986, 0xf986, 
	0xf986, 0xf986, 0xf986, 0xf986, 0xf986, 0xf986, 0xf986, 0xf986, 0xf986, 0xf986, 0xf986, 0xf986, 0xf986, 0xf986, 0xf986, 0xf986, 
	0xf986, 0xf986, 0xf986, 0xf986, 0xf986, 0xf986, 0xf986, 0xf986, 0xf986, 0xf986, 0xf986, 0xf986, 0xf986, 0xf986, 0xf986, 0xf986, 
	0xf986, 0xf986, 0xf986, 0xf986, 0xf986, 0xf986, 0xf986, 0xf986, 0xf986, 0xf986, 0xf986, 0xf986, 0xf165, 0xe965, 0xe145, 0xd145, 
	0xd145, 0xd945, 0xe165, 0xf165, 0xf986, 0xf986, 0xf986, 0xf986, 0xf986, 0xf986, 0xf986, 0xf986, 0xf986, 0xf986, 0xf986, 0xf986, 
	0xf986, 0xf986, 0xf986, 0xf986, 0xf986, 0xf986, 0xf986, 0xf986, 0xf986, 0xf986, 0xf986, 0xf986, 0xf986, 0xf986, 0xf986, 0xf986, 
	0xf986, 0xf986, 0xf986, 0xf986, 0xf986, 0xf986, 0xf986, 0xf986, 0xf986, 0xf986, 0xf986, 0xf986, 0xf986, 0xf986, 0xf986, 0xf986, 
	0xf986, 0xf986, 0xf986, 0xf986, 0xf986, 0xf986, 0xf986, 0xf986, 0xf986, 0xf986, 0xf986, 0xf986, 0xf986, 0xf986, 0xf986, 0xf986, 
	0xf986, 0xf986, 0xf986, 0xf986, 0xf986, 0xf986, 0xf986, 0xf986, 0xf986, 0xf986, 0xf986, 0xf986, 0xf986, 0xf986, 0xf986, 0xf986, 
	0xf986, 0xf986, 0xf986, 0xf986, 0xf986, 0xf986, 0xf986, 0xf986, 0xf986, 0xf986, 0xf986, 0xf986, 0xf986, 0xf986, 0xf986, 0xf986, 
	0xf986, 0xf986, 0xf986, 0xf986, 0xf986, 0xf986, 0xf986, 0xf986, 0xf986, 0xf986, 0xf986, 0xf986, 0xf986, 0xf986, 0xf986, 0xf986, 
	0xf986, 0xf986, 0xf986, 0xf986, 0xf986, 0xf986, 0xf986, 0xf986, 0xf986, 0xf986, 0xf986, 0xf165, 0xe965, 0xe145, 0xd945, 0xd145, 
	0xc924, 0xd145, 0xe145, 0xe965, 0xf165, 0xf986, 0xf986, 0xf986, 0xf986, 0xf986, 0xf986, 0xf986, 0xf986, 0xf986, 0xf986, 0xf986, 
	0xf986, 0xf986, 0xf986, 0xf986, 0xf986, 0xf986, 0xf986, 0xf986, 0xf986, 0xf986, 0xf986, 0xf986, 0xf986, 0xf986, 0xf986, 0xf986, 
	0xf986, 0xf986, 0xf986, 0xf986, 0xf986, 0xf986, 0xf986, 0xf986, 0xf986, 0xf986, 0xf986, 0xf986, 0xf986, 0xf986, 0xf986, 0xf986, 
	0xf986, 0xf986, 0xf986, 0xf986, 0xf986, 0xf986, 0xf986, 0xf986, 0xf986, 0xf986, 0xf986, 0xf986, 0xf986, 0xf986, 0xf986, 0xf986, 
	0xf986, 0xf986, 0xf986, 0xf986, 0xf986, 0xf986, 0xf986, 0xf986, 0xf986, 0xf986, 0xf986, 0xf986, 0xf986, 0xf986, 0xf986, 0xf986, 
	0xf986, 0xf986, 0xf986, 0xf986, 0xf986, 0xf986, 0xf986, 0xf986, 0xf986, 0xf986, 0xf986, 0xf986, 0xf986, 0xf986, 0xf986, 0xf986, 
	0xf986, 0xf986, 0xf986, 0xf986, 0xf986, 0xf986, 0xf986, 0xf986, 0xf986, 0xf986, 0xf986, 0xf986, 0xf986, 0xf986, 0xf986, 0xf986, 
	0xf986, 0xf986, 0xf986, 0xf986, 0xf986, 0xf986, 0xf986, 0xf986, 0xf986, 0xf986, 0xf986, 0xf165, 0xe165, 0xd945, 0xd145, 0xc924, 
	0xc124, 0xd145, 0xd945, 0xe145, 0xe965, 0xf165, 0xf986, 0xf986, 0xf986, 0xf986, 0xf986, 0xf986, 0xf986, 0xf986, 0xf986, 0xf986, 
	0xf986, 0xf986, 0xf986, 0xf986, 0xf986, 0xf986, 0xf986, 0xf986, 0xf986, 0xf986, 0xf986, 0xf986, 0xf986, 0xf986, 0xf986, 0xf986, 
	0xf986, 0xf986, 0xf986, 0xf986, 0xf986, 0xf986, 0xf986, 0xf986, 0xf986, 0xf986, 0xf986, 0xf986, 0xf986, 0xf986, 0xf986, 0xf986, 
	0xf986, 0xf986, 0xf986, 0xf986, 0xf986, 0xf986, 0xf986, 0xf986, 0xf986, 0xf986, 0xf986, 0xf986, 0xf986, 0xf986, 0xf986, 0xf986, 
	0xf986, 0xf986, 0xf986, 0xf986, 0xf986, 0xf986, 0xf986, 0xf986, 0xf986, 0xf986, 0xf986, 0xf986, 0xf986, 0xf986, 0xf986, 0xf986, 
	0xf986, 0xf986, 0xf986, 0xf986, 0xf986, 0xf986, 0xf986, 0xf986, 0xf986, 0xf986, 0xf986, 0xf986, 0xf986, 0xf986, 0xf986, 0xf986, 
	0xf986, 0xf986, 0xf986, 0xf986, 0xf986, 0xf986, 0xf986, 0xf986, 0xf986, 0xf986, 0xf986, 0xf986, 0xf986, 0xf986, 0xf986, 0xf986, 
	0xf986, 0xf986, 0xf986, 0xf986, 0xf986, 0xf986, 0xf986, 0xf986, 0xf986, 0xf986, 0xf165, 0xe965, 0xd945, 0xd145, 0xc924, 0xc124, 
	0xc124, 0xc924, 0xd145, 0xd945, 0xe165, 0xe965, 0xf165, 0xf986, 0xf986, 0xf986, 0xf986, 0xf986, 0xf986, 0xf986, 0xf986, 0xf986, 
	0xf986, 0xf986, 0xf986, 0xf986, 0xf986, 0xf986, 0xf986, 0xf986, 0xf986, 0xf986, 0xf986, 0xf986, 0xf986, 0xf986, 0xf986, 0xf986, 
	0xf986, 0xf986, 0xf986, 0xf986, 0xf986, 0xf986, 0xf986, 0xf986, 0xf986, 0xf986, 0xf986, 0xf986, 0xf986, 0xf986, 0xf986, 0xf986, 
	0xf986, 0xf986, 0xf986, 0xf986, 0xf986, 0xf986, 0xf986, 0xf986, 0xf986, 0xf986, 0xf986, 0xf986, 0xf986, 0xf986, 0xf986, 0xf986, 
	0xf986, 0xf986, 0xf986, 0xf986, 0xf986, 0xf986, 0xf986, 0xf986, 0xf986, 0xf986, 0xf986, 0xf986, 0xf986, 0xf986, 0xf986, 0xf986, 
	0xf986, 0xf986, 0xf986, 0xf986, 0xf986, 0xf986, 0xf986, 0xf986, 0xf986, 0xf986, 0xf986, 0xf986, 0xf986, 0xf986, 0xf986, 0xf986, 
	0xf986, 0xf986, 0xf986, 0xf986, 0xf986, 0xf986, 0xf986, 0xf986, 0xf986, 0xf986, 0xf986, 0xf986, 0xf986, 0xf986, 0xf986, 0xf986, 
	0xf986, 0xf986, 0xf986, 0xf986, 0xf986, 0xf986, 0xf986, 0xf986, 0xf986, 0xf165, 0xe965, 0xe145, 0xd945, 0xc945, 0xc124, 0xb924, 
	0xb924, 0xc124, 0xc924, 0xd145, 0xd945, 0xe165, 0xf165, 0xf986, 0xf986, 0xf986, 0xf986, 0xf986, 0xf986, 0xf986, 0xf986, 0xf986, 
	0xf986, 0xf986, 0xf986, 0xf986, 0xf986, 0xf986, 0xf986, 0xf986, 0xf986, 0xf986, 0xf986, 0xf986, 0xf986, 0xf986, 0xf986, 0xf986, 
	0xf986, 0xf986, 0xf986, 0xf986, 0xf986, 0xf986, 0xf986, 0xf986, 0xf986, 0xf986, 0xf986, 0xf986, 0xf986, 0xf986, 0xf986, 0xf986, 
	0xf986, 0xf986, 0xf986, 0xf986, 0xf986, 0xf986, 0xf986, 0xf986, 0xf986, 0xf986, 0xf986, 0xf986, 0xf986, 0xf986, 0xf986, 0xf986, 
	0xf986, 0xf986, 0xf986, 0xf986, 0xf986, 0xf986, 0xf986, 0xf986, 0xf986, 0xf986, 0xf986, 0xf986, 0xf986, 0xf986, 0xf986, 0xf986, 
	0xf986, 0xf986, 0xf986, 0xf986, 0xf986, 0xf986, 0xf986, 0xf986, 0xf986, 0xf986, 0xf986, 0xf986, 0xf986, 0xf986, 0xf986, 0xf986, 
	0xf986, 0xf986, 0xf986, 0xf986, 0xf986, 0xf986, 0xf986, 0xf986, 0xf986, 0xf986, 0xf986, 0xf986, 0xf986, 0xf986, 0xf986, 0xf986, 
	0xf986, 0xf986, 0xf986, 0xf986, 0xf986, 0xf986, 0xf986, 0xf986, 0xf165, 0xe965, 0xe165, 0xd945, 0xd145, 0xc924, 0xc124, 0xb904, 
	0xb104, 0xb924, 0xc124, 0xc924, 0xd145, 0xd945, 0xe965, 0xf165, 0xf986, 0xf986, 0xf986, 0xf986, 0xf986, 0xf986, 0xf986, 0xf986, 
	0xf986, 0xf986, 0xf986, 0xf986, 0xf986, 0xf986, 0xf986, 0xf986, 0xf986, 0xf986, 0xf986, 0xf986, 0xf986, 0xf986, 0xf986, 0xf986, 
	0xf986, 0xf986, 0xf986, 0xf986, 0xf986, 0xf986, 0xf986, 0xf986, 0xf986, 0xf986, 0xf986, 0xf986, 0xf986, 0xf986, 0xf986, 0xf986, 
	0xf986, 0xf986, 0xf986, 0xf986, 0xf986, 0xf986, 0xf986, 0xf986, 0xf986, 0xf986, 0xf986, 0xf986, 0xf986, 0xf986, 0xf986, 0xf986, 
	0xf986, 0xf986, 0xf986, 0xf986, 0xf986, 0xf986, 0xf986, 0xf986, 0xf986, 0xf986, 0xf986, 0xf986, 0xf986, 0xf986, 0xf986, 0xf986, 
	0xf986, 0xf986, 0xf986, 0xf986, 0xf986, 0xf986, 0xf986, 0xf986, 0xf986, 0xf986, 0xf986, 0xf986, 0xf986, 0xf986, 0xf986, 0xf986, 
	0xf986, 0xf986, 0xf986, 0xf986, 0xf986, 0xf986, 0xf986, 0xf986, 0xf986, 0xf986, 0xf986, 0xf986, 0xf986, 0xf986, 0xf986, 0xf986, 
	0xf986, 0xf986, 0xf986, 0xf986, 0xf986, 0xf986, 0xf986, 0xf986, 0xe965, 0xe165, 0xd945, 0xd145, 0xc924, 0xc124, 0xb904, 0xb104, 
	0xa904, 0xb104, 0xb924, 0xc124, 0xc945, 0xd945, 0xe145, 0xe965, 0xf165, 0xf986, 0xf986, 0xf986, 0xf986, 0xf986, 0xf986, 0xf986, 
	0xf986, 0xf986, 0xf986, 0xf986, 0xf986, 0xf986, 0xf986, 0xf986, 0xf986, 0xf986, 0xf986, 0xf986, 0xf986, 0xf986, 0xf986, 0xf986, 
	0xf986, 0xf986, 0xf986, 0xf986, 0xf986, 0xf986, 0xf986, 0xf986, 0xf986, 0xf986, 0xf986, 0xf986, 0xf986, 0xf986, 0xf986, 0xf986, 
	0xf986, 0xf986, 0xf986, 0xf986, 0xf986, 0xf986, 0xf986, 0xf986, 0xf986, 0xf986, 0xf986, 0xf986, 0xf986, 0xf986, 0xf986, 0xf986, 
	0xf986, 0xf986, 0xf986, 0xf986, 0xf986, 0xf986, 0xf986, 0xf986, 0xf986, 0xf986, 0xf986, 0xf986, 0xf986, 0xf986, 0xf986, 0xf986, 
	0xf986, 0xf986, 0xf986, 0xf986, 0xf986, 0xf986, 0xf986, 0xf986, 0xf986, 0xf986, 0xf986, 0xf986, 0xf986, 0xf986, 0xf986, 0xf986, 
	0xf986, 0xf986, 0xf986, 0xf986, 0xf986, 0xf986, 0xf986, 0xf986, 0xf986, 0xf986, 0xf986, 0xf986, 0xf986, 0xf986, 0xf986, 0xf986, 
	0xf986, 0xf986, 0xf986, 0xf986, 0xf986, 0xf986, 0xf986, 0xf165, 0xe165, 0xd945, 0xd145, 0xc924, 0xc124, 0xb924, 0xb104, 0xa904, 
	0xa904, 0xa904, 0xb904, 0xc124, 0xc924, 0xd145, 0xd945, 0xe145, 0xe965, 0xf165, 0xf986, 0xf986, 0xf986, 0xf986, 0xf986, 0xf986, 
	0xf986, 0xf986, 0xf986, 0xf986, 0xf986, 0xf986, 0xf986, 0xf986, 0xf986, 0xf986, 0xf986, 0xf986, 0xf986, 0xf986, 0xf986, 0xf986, 
	0xf986, 0xf986, 0xf986, 0xf986, 0xf986, 0xf986, 0xf986, 0xf986, 0xf986, 0xf986, 0xf986, 0xf986, 0xf986, 0xf986, 0xf986, 0xf986, 
	0xf986, 0xf986, 0xf986, 0xf986, 0xf986, 0xf986, 0xf986, 0xf986, 0xf986, 0xf986, 0xf986, 0xf986, 0xf986, 0xf986, 0xf986, 0xf986, 
	0xf986, 0xf986, 0xf986, 0xf986, 0xf986, 0xf986, 0xf986, 0xf986, 0xf986, 0xf986, 0xf986, 0xf986, 0xf986, 0xf986, 0xf986, 0xf986, 
	0xf986, 0xf986, 0xf986, 0xf986, 0xf986, 0xf986, 0xf986, 0xf986, 0xf986, 0xf986, 0xf986, 0xf986, 0xf986, 0xf986, 0xf986, 0xf986, 
	0xf986, 0xf986, 0xf986, 0xf986, 0xf986, 0xf986, 0xf986, 0xf986, 0xf986, 0xf986, 0xf986, 0xf986, 0xf986, 0xf986, 0xf986, 0xf986, 
	0xf986, 0xf986, 0xf986, 0xf986, 0xf986, 0xf986, 0xf165, 0xe965, 0xd945, 0xd145, 0xc924, 0xc124, 0xb924, 0xb104, 0xa904, 0xa0e3, 
	0xa0e3, 0xa904, 0xb104, 0xb904, 0xc124, 0xc924, 0xd145, 0xd945, 0xe165, 0xe965, 0xf165, 0xf986, 0xf986, 0xf986, 0xf986, 0xf986, 
	0xf986, 0xf986, 0xf986, 0xf986, 0xf986, 0xf986, 0xf986, 0xf986, 0xf986, 0xf986, 0xf986, 0xf986, 0xf986, 0xf986, 0xf986, 0xf986, 
	0xf986, 0xf986, 0xf986, 0xf986, 0xf986, 0xf986, 0xf986, 0xf986, 0xf986, 0xf986, 0xf986, 0xf986, 0xf986, 0xf986, 0xf986, 0xf986, 
	0xf986, 0xf986, 0xf986, 0xf986, 0xf986, 0xf986, 0xf986, 0xf986, 0xf986, 0xf986, 0xf986, 0xf986, 0xf986, 0xf986, 0xf986, 0xf986, 
	0xf986, 0xf986, 0xf986, 0xf986, 0xf986, 0xf986, 0xf986, 0xf986, 0xf986, 0xf986, 0xf986, 0xf986, 0xf986, 0xf986, 0xf986, 0xf986, 
	0xf986, 0xf986, 0xf986, 0xf986, 0xf986, 0xf986, 0xf986, 0xf986, 0xf986, 0xf986, 0xf986, 0xf986, 0xf986, 0xf986, 0xf986, 0xf986, 
	0xf986, 0xf986, 0xf986, 0xf986, 0xf986, 0xf986, 0xf986, 0xf986, 0xf986, 0xf986, 0xf986, 0xf986, 0xf986, 0xf986, 0xf986, 0xf986, 
	0xf986, 0xf986, 0xf986, 0xf986, 0xf986, 0xf165, 0xe965, 0xe145, 0xd145, 0xc945, 0xc124, 0xb924, 0xb104, 0xa904, 0xa104, 0x98e3, 
	0x98e3, 0xa0e3, 0xa904, 0xb104, 0xb904, 0xc124, 0xc924, 0xd145, 0xd945, 0xe165, 0xe965, 0xf165, 0xf986, 0xf986, 0xf986, 0xf986, 
	0xf986, 0xf986, 0xf986, 0xf986, 0xf986, 0xf986, 0xf986, 0xf986, 0xf986, 0xf986, 0xf986, 0xf986, 0xf986, 0xf986, 0xf986, 0xf986, 
	0xf986, 0xf986, 0xf986, 0xf986, 0xf986, 0xf986, 0xf986, 0xf986, 0xf986, 0xf986, 0xf986, 0xf986, 0xf986, 0xf986, 0xf986, 0xf986, 
	0xf986, 0xf986, 0xf986, 0xf986, 0xf986, 0xf986, 0xf986, 0xf986, 0xf986, 0xf986, 0xf986, 0xf986, 0xf986, 0xf986, 0xf986, 0xf986, 
	0xf986, 0xf986, 0xf986, 0xf986, 0xf986, 0xf986, 0xf986, 0xf986, 0xf986, 0xf986, 0xf986, 0xf986, 0xf986, 0xf986, 0xf986, 0xf986, 
	0xf986, 0xf986, 0xf986, 0xf986, 0xf986, 0xf986, 0xf986, 0xf986, 0xf986, 0xf986, 0xf986, 0xf986, 0xf986, 0xf986, 0xf986, 0xf986, 
	0xf986, 0xf986, 0xf986, 0xf986, 0xf986, 0xf986, 0xf986, 0xf986, 0xf986, 0xf986, 0xf986, 0xf986, 0xf986, 0xf986, 0xf986, 0xf986, 
	0xf986, 0xf986, 0xf986, 0xf986, 0xf165, 0xe965, 0xe145, 0xd945, 0xd145, 0xc124, 0xb924, 0xb104, 0xa904, 0xa104, 0x98e3, 0x98e3, 
	0x90e3, 0x98e3, 0xa0e3, 0xa904, 0xb104, 0xb924, 0xc124, 0xc924, 0xd145, 0xd945, 0xe165, 0xe965, 0xf165, 0xf986, 0xf986, 0xf986, 
	0xf986, 0xf986, 0xf986, 0xf986, 0xf986, 0xf986, 0xf986, 0xf986, 0xf986, 0xf986, 0xf986, 0xf986, 0xf986, 0xf986, 0xf986, 0xf986, 
	0xf986, 0xf986, 0xf986, 0xf986, 0xf986, 0xf986, 0xf986, 0xf986, 0xf986, 0xf986, 0xf986, 0xf986, 0xf986, 0xf986, 0xf986, 0xf986, 
	0xf986, 0xf986, 0xf986, 0xf986, 0xf986, 0xf986, 0xf986, 0xf986, 0xf986, 0xf986, 0xf986, 0xf986, 0xf986, 0xf986, 0xf986, 0xf986, 
	0xf986, 0xf986, 0xf986, 0xf986, 0xf986, 0xf986, 0xf986, 0xf986, 0xf986, 0xf986, 0xf986, 0xf986, 0xf986, 0xf986, 0xf986, 0xf986, 
	0xf986, 0xf986, 0xf986, 0xf986, 0xf986, 0xf986, 0xf986, 0xf986, 0xf986, 0xf986, 0xf986, 0xf986, 0xf986, 0xf986, 0xf986, 0xf986, 
	0xf986, 0xf986, 0xf986, 0xf986, 0xf986, 0xf986, 0xf986, 0xf986, 0xf986, 0xf986, 0xf986, 0xf986, 0xf986, 0xf986, 0xf986, 0xf986, 
	0xf986, 0xf986, 0xf986, 0xf165, 0xe965, 0xe145, 0xd945, 0xd145, 0xc924, 0xc124, 0xb904, 0xb104, 0xa904, 0xa0e3, 0x98e3, 0x90e3, 
	0x88c3, 0x90e3, 0x98e3, 0xa0e3, 0xa904, 0xb104, 0xb924, 0xc124, 0xc924, 0xd145, 0xd945, 0xe165, 0xe965, 0xf165, 0xf986, 0xf986, 
	0xf986, 0xf986, 0xf986, 0xf986, 0xf986, 0xf986, 0xf986, 0xf986, 0xf986, 0xf986, 0xf986, 0xf986, 0xf986, 0xf986, 0xf986, 0xf986, 
	0xf986, 0xf986, 0xf986, 0xf986, 0xf986, 0xf986, 0xf986, 0xf986, 0xf986, 0xf986, 0xf986, 0xf986, 0xf986, 0xf986, 0xf986, 0xf986, 
	0xf986, 0xf986, 0xf986, 0xf986, 0xf986, 0xf986, 0xf986, 0xf165, 0xf986, 0xf165, 0xf965, 0xf986, 0xf986, 0xf165, 0xf965, 0xf165, 
	0xf986, 0xf986, 0xf986, 0xf986, 0xf986, 0xf986, 0xf986, 0xf986, 0xf986, 0xf986, 0xf986, 0xf986, 0xf986, 0xf986, 0xf986, 0xf986, 
	0xf986, 0xf986, 0xf986, 0xf986, 0xf986, 0xf986, 0xf986, 0xf986, 0xf986, 0xf986, 0xf986, 0xf986, 0xf986, 0xf986, 0xf986, 0xf986, 
	0xf986, 0xf986, 0xf986, 0xf986, 0xf986, 0xf986, 0xf986, 0xf986, 0xf986, 0xf986, 0xf986, 0xf986, 0xf986, 0xf986, 0xf986, 0xf986, 
	0xf986, 0xf986, 0xf165, 0xe965, 0xe145, 0xd945, 0xd145, 0xc924, 0xc124, 0xb904, 0xb104, 0xa904, 0xa0e3, 0x98e3, 0x90e3, 0x88c3, 
	0x80c3, 0x88c3, 0x90e3, 0x98e3, 0xa0e3, 0xa904, 0xb104, 0xb924, 0xc124, 0xc924, 0xd145, 0xd945, 0xe165, 0xe965, 0xf165, 0xf986, 
	0xf986, 0xf986, 0xf986, 0xf986, 0xf986, 0xf986, 0xf986, 0xf986, 0xf986, 0xf986, 0xf986, 0xf986, 0xf986, 0xf986, 0xf986, 0xf986, 
	0xf986, 0xf986, 0xf986, 0xf986, 0xf986, 0xf986, 0xf986, 0xf986, 0xf986, 0xf986, 0xf986, 0xf986, 0xf986, 0xf986, 0xf986, 0xf986, 
	0xf986, 0xf986, 0xe145, 0xc124, 0xa0e3, 0x98e3, 0x98e3, 0x68a2, 0x1820, 0x2020, 0xd145, 0xf986, 0xd945, 0x2020, 0x1020, 0x6082, 
	0x98e3, 0x98e3, 0xa0e3, 0xb924, 0xe145, 0xf986, 0xf986, 0xf986, 0xf986, 0xf986, 0xf986, 0xf986, 0xf986, 0xf986, 0xf986, 0xf986, 
	0xf986, 0xf986, 0xf986, 0xf986, 0xf986, 0xf986, 0xf986, 0xf986, 0xf986, 0xf986, 0xf986, 0xf986, 0xf986, 0xf986, 0xf986, 0xf986, 
	0xf986, 0xf986, 0xf986, 0xf986, 0xf986, 0xf986, 0xf986, 0xf986, 0xf986, 0xf986, 0xf986, 0xf986, 0xf986, 0xf986, 0xf986, 0xf986, 
	0xf986, 0xf165, 0xe965, 0xe145, 0xd945, 0xd145, 0xc924, 0xc124, 0xb904, 0xb104, 0xa904, 0xa0e3, 0x98e3, 0x90e3, 0x88c3, 0x80c3, 
	0x80c3, 0x80c3, 0x88c3, 0x90e3, 0x98e3, 0xa0e3, 0xa904, 0xb104, 0xb924, 0xc124, 0xc924, 0xd145, 0xd945, 0xe165, 0xe965, 0xf165, 
	0xf986, 0xf986, 0xf986, 0xf986, 0xf986, 0xf986, 0xf986, 0xf986, 0xf986, 0xf986, 0xf986, 0xf986, 0xf986, 0xf986, 0xf986, 0xf986, 
	0xf986, 0xe1a6, 0xc9c7, 0xb9e7, 0xb1e7, 0xb208, 0xaa08, 0xaa08, 0xaa08, 0x7a49, 0x8249, 0x69a6, 0x8904, 0x78c3, 0x5882, 0x3861, 
	0x2020, 0x0000, 0x0000, 0x0000, 0x0000, 0x0000, 0x0000, 0x0000, 0x0000, 0x0000, 0x0000, 0x0000, 0x0000, 0x0000, 0x0000, 0x0000, 
	0x0000, 0x0000, 0x0000, 0x0000, 0x0000, 0x0000, 0x2020, 0x3861, 0x5882, 0x78c3, 0x8904, 0x71a6, 0x8249, 0x7a69, 0xaa08, 0xaa08, 
	0xaa08, 0xb208, 0xb1e7, 0xb9e7, 0xc9c7, 0xe1a6, 0xf986, 0xf986, 0xf986, 0xf986, 0xf986, 0xf986, 0xf986, 0xf986, 0xf986, 0xf986, 
	0xf986, 0xf986, 0xf986, 0xf986, 0xf986, 0xf986, 0xf986, 0xf986, 0xf986, 0xf986, 0xf986, 0xf986, 0xf986, 0xf986, 0xf986, 0xf986, 
	0xf165, 0xe965, 0xe145, 0xd945, 0xd145, 0xc924, 0xc124, 0xb904, 0xb104, 0xa904, 0xa0e3, 0x98e3, 0x90e3, 0x88c3, 0x80c3, 0x78c3, 
	0x78a2, 0x80c3, 0x80c3, 0x88c3, 0x90e3, 0x98e3, 0xa0e3, 0xa904, 0xb104, 0xb924, 0xc124, 0xc924, 0xd145, 0xd945, 0xe145, 0xe965, 
	0xf165, 0xf986, 0xf986, 0xf986, 0xf986, 0xf986, 0xf986, 0xf986, 0xf986, 0xf186, 0xb208, 0x9228, 0xaa08, 0x9228, 0x7a69, 0x628a, 
	0x52aa, 0x52aa, 0x52aa, 0x52aa, 0x52aa, 0x52aa, 0x52aa, 0x4a49, 0x31a6, 0x2104, 0x0841, 0x0000, 0x0000, 0x0000, 0x0000, 0x0000, 
	0x0000, 0x0000, 0x0000, 0x0000, 0x0000, 0x0000, 0x0000, 0x0000, 0x0000, 0x0000, 0x0000, 0x0000, 0x0000, 0x0000, 0x0000, 0x0000, 
	0x0000, 0x0000, 0x0000, 0x0000, 0x0000, 0x0000, 0x0000, 0x0000, 0x0000, 0x0000, 0x0000, 0x0000, 0x0841, 0x18e3, 0x31a6, 0x4a49, 
	0x52aa, 0x52aa, 0x52aa, 0x52aa, 0x52aa, 0x52aa, 0x52aa, 0x628a, 0x7a69, 0x9228, 0xaa08, 0x9228, 0xb208, 0xf186, 0xf986, 0xf986, 
	0xf986, 0xf986, 0xf986, 0xf986, 0xf986, 0xf986, 0xf986, 0xf986, 0xf986, 0xf986, 0xf986, 0xf986, 0xf986, 0xf986, 0xf986, 0xf165, 
	0xe965, 0xd945, 0xd145, 0xc945, 0xc124, 0xc124, 0xb904, 0xb104, 0xa904, 0xa0e3, 0x98e3, 0x90e3, 0x8104, 0x71a6, 0x6208, 0x528a, 
	0x70a2, 0x78a2, 0x80c3, 0x69c7, 0x88c3, 0x90e3, 0x98e3, 0xa0e3, 0xa904, 0xb104, 0xb904, 0xc124, 0xc924, 0xd145, 0xd945, 0xe145, 
	0xe965, 0xf165, 0xf986, 0xf986, 0xf986, 0xf186, 0xd1c7, 0xb208, 0x8a49, 0x5a8a, 0x52aa, 0x52aa, 0x52aa, 0x52aa, 0x52aa, 0x52aa, 
	0x52aa, 0x4a69, 0x52aa, 0x4a69, 0x39c7, 0x2104, 0x0861, 0x0000, 0x0000, 0x0000, 0x0000, 0x0000, 0x0000, 0x0000, 0x0000, 0x0000, 
	0x0000, 0x0000, 0x0000, 0x0000, 0x0000, 0x0000, 0x0000, 0x0000, 0x0000, 0x0000, 0x0000, 0x0000, 0x0000, 0x0000, 0x0000, 0x0000, 
	0x0000, 0x0000, 0x0000, 0x0000, 0x0000, 0x0000, 0x0000, 0x0000, 0x0000, 0x0000, 0x0000, 0x0000, 0x0000, 0x0000, 0x0000, 0x0000, 
	0x0861, 0x2104, 0x31a6, 0x4a69, 0x52aa, 0x4a69, 0x52aa, 0x52aa, 0x52aa, 0x52aa, 0x52aa, 0x52aa, 0x52aa, 0x528a, 0x8a49, 0xb208, 
	0xd1c7, 0xf186, 0xf986, 0xf986, 0xf986, 0xf986, 0xf986, 0xf986, 0xf986, 0xf986, 0xf986, 0xf986, 0xf986, 0xf165, 0xe965, 0xe165, 
	0xd945, 0xd145, 0xc924, 0x8208, 0xb924, 0xb104, 0xb104, 0xa904, 0x9904, 0x8165, 0x71c7, 0x5a49, 0x52aa, 0x52aa, 0x52aa, 0x52aa, 
	0x59e7, 0x6186, 0x61e7, 0x528a, 0x69a6, 0x88c3, 0x90e3, 0x98e3, 0xa0e3, 0xa904, 0xb104, 0xb904, 0xc124, 0xc924, 0xd145, 0xd145, 
	0xc986, 0xb9c7, 0xa9e7, 0x8a28, 0x6a69, 0x52aa, 0x52aa, 0x52aa, 0x52aa, 0x52aa, 0x52aa, 0x52aa, 0x52aa, 0x52aa, 0x4a49, 0x2104, 
	0x18e3, 0x0841, 0x1082, 0x0000, 0x0000, 0x0000, 0x0000, 0x0000, 0x0000, 0x0000, 0x0000, 0x0000, 0x0000, 0x0000, 0x0000, 0x0000, 
	0x0000, 0x0000, 0x0000, 0x0000, 0x0000, 0x0000, 0x0000, 0x0000, 0x0000, 0x0000, 0x0000, 0x0000, 0x0000, 0x0000, 0x0000, 0x0000, 
	0x0000, 0x0000, 0x0000, 0x0000, 0x0000, 0x0000, 0x0000, 0x0000, 0x0000, 0x0000, 0x0000, 0x0000, 0x0000, 0x0000, 0x0000, 0x0000, 
	0x0000, 0x0000, 0x0000, 0x0000, 0x0861, 0x0841, 0x18e3, 0x2104, 0x4228, 0x52aa, 0x52aa, 0x52aa, 0x52aa, 0x52aa, 0x52aa, 0x52aa, 
	0x52aa, 0x52aa, 0x6a69, 0x9228, 0xb208, 0xc9c7, 0xe9a6, 0xf986, 0xf986, 0xf986, 0xf986, 0xf986, 0xf165, 0xe965, 0xe165, 0xd945, 
	0xd145, 0xc924, 0x91c7, 0x5a8a, 0x7a08, 0x81c7, 0x7208, 0x6269, 0x52aa, 0x52aa, 0x52aa, 0x52aa, 0x52aa, 0x52aa, 0x52aa, 0x52aa, 
	0x52aa, 0x52aa, 0x52aa, 0x52aa, 0x528a, 0x5a69, 0x6228, 0x6a08, 0x71e7, 0x79e7, 0x79c7, 0x7a08, 0x7a08, 0x7228, 0x6269, 0x528a, 
	0x52aa, 0x52aa, 0x52aa, 0x52aa, 0x52aa, 0x52aa, 0x52aa, 0x52aa, 0x52aa, 0x52aa, 0x52aa, 0x52aa, 0x528a, 0x39c7, 0x18e3, 0x0020, 
	0x0000, 0x0000, 0x0000, 0x0000, 0x0000, 0x0000, 0x0000, 0x0000, 0x0000, 0x0000, 0x0000, 0x0000, 0x0000, 0x0000, 0x0000, 0x0000, 
	0x0000, 0x0000, 0x0000, 0x0000, 0x0000, 0x0000, 0x0000, 0x0000, 0x0000, 0x0000, 0x0000, 0x0000, 0x0000, 0x0000, 0x0000, 0x0000, 
	0x0000, 0x0000, 0x0000, 0x0000, 0x0000, 0x0000, 0x0000, 0x0000, 0x0000, 0x0000, 0x0000, 0x0000, 0x0000, 0x0000, 0x0000, 0x0000, 
	0x0000, 0x0000, 0x0000, 0x0000, 0x0000, 0x0000, 0x0000, 0x0020, 0x18e3, 0x39c7, 0x4a69, 0x52aa, 0x52aa, 0x52aa, 0x52aa, 0x52aa, 
	0x52aa, 0x52aa, 0x52aa, 0x52aa, 0x52aa, 0x52aa, 0x52aa, 0x5a8a, 0x6a69, 0x8249, 0x9228, 0x9228, 0x9a08, 0x9208, 0x8a08, 0x8228, 
	0x7249, 0x6269, 0x528a, 0x52aa, 0x52aa, 0x52aa, 0x52aa, 0x52aa, 0x52aa, 0x52aa, 0x52aa, 0x52aa, 0x52aa, 0x52aa, 0x52aa, 0x52aa, 
	0x52aa, 0x52aa, 0x52aa, 0x52aa, 0x52aa, 0x52aa, 0x52aa, 0x52aa, 0x52aa, 0x52aa, 0x52aa, 0x52aa, 0x52aa, 0x52aa, 0x52aa, 0x52aa, 
	0x52aa, 0x52aa, 0x52aa, 0x52aa, 0x52aa, 0x52aa, 0x52aa, 0x52aa, 0x52aa, 0x4a49, 0x3186, 0x18c3, 0x0000, 0x0000, 0x0000, 0x0000, 
	0x0000, 0x0000, 0x0000, 0x0000, 0x0000, 0x0000, 0x0000, 0x0000, 0x0000, 0x0000, 0x0000, 0x0000, 0x0000, 0x0000, 0x0000, 0x0000, 
	0x0000, 0x0000, 0x0000, 0x0000, 0x0000, 0x0000, 0x0000, 0x0000, 0x0000, 0x0000, 0x0000, 0x0000, 0x0000, 0x0000, 0x0000, 0x0000, 
	0x0000, 0x0000, 0x0000, 0x0000, 0x0000, 0x0000, 0x0000, 0x0000, 0x0000, 0x0000, 0x0000, 0x0000, 0x0000, 0x0000, 0x0000, 0x0000, 
	0x0000, 0x0000, 0x0000, 0x0000, 0x0000, 0x0000, 0x0000, 0x0000, 0x0000, 0x0000, 0x0000, 0x10a2, 0x3186, 0x4a49, 0x52aa, 0x52aa, 
	0x52aa, 0x52aa, 0x52aa, 0x52aa, 0x52aa, 0x52aa, 0x52aa, 0x52aa, 0x52aa, 0x52aa, 0x52aa, 0x52aa, 0x52aa, 0x52aa, 0x52aa, 0x52aa, 
	0x52aa, 0x52aa, 0x52aa, 0x52aa, 0x52aa, 0x52aa, 0x52aa, 0x52aa, 0x52aa, 0x52aa, 0x52aa, 0x52aa, 0x52aa, 0x52aa, 0x52aa, 0x52aa, 
	0x52aa, 0x52aa, 0x52aa, 0x52aa, 0x52aa, 0x52aa, 0x52aa, 0x52aa, 0x52aa, 0x52aa, 0x52aa, 0x52aa, 0x52aa, 0x52aa, 0x52aa, 0x52aa, 
	0x52aa, 0x52aa, 0x52aa, 0x52aa, 0x52aa, 0x52aa, 0x4208, 0x2945, 0x1082, 0x0000, 0x0000, 0x0000, 0x0000, 0x0000, 0x0000, 0x0000, 
	0x0000, 0x0000, 0x0000, 0x0000, 0x0000, 0x0000, 0x0000, 0x0000, 0x0000, 0x0000, 0x0000, 0x0000, 0x0000, 0x0000, 0x0000, 0x0000, 
	0x0000, 0x0000, 0x0000, 0x0000, 0x0000, 0x0000, 0x0000, 0x0000, 0x0000, 0x0000, 0x0000, 0x0000, 0x0000, 0x0000, 0x0000, 0x0000, 
	0x0000, 0x0000, 0x0000, 0x0000, 0x0000, 0x0000, 0x0000, 0x0000, 0x0000, 0x0000, 0x0000, 0x0000, 0x0000, 0x0000, 0x0000, 0x0000, 
	0x0000, 0x0000, 0x0000, 0x0000, 0x0000, 0x0000, 0x0000, 0x0000, 0x0000, 0x0000, 0x0000, 0x0000, 0x0000, 0x0000, 0x0861, 0x2945, 
	0x4208, 0x52aa, 0x52aa, 0x52aa, 0x52aa, 0x52aa, 0x52aa, 0x52aa, 0x52aa, 0x52aa, 0x52aa, 0x52aa, 0x52aa, 0x52aa, 0x52aa, 0x52aa, 
	0x52aa, 0x52aa, 0x52aa, 0x52aa, 0x52aa, 0x52aa, 0x52aa, 0x52aa, 0x52aa, 0x52aa, 0x52aa, 0x52aa, 0x52aa, 0x52aa, 0x52aa, 0x52aa, 
	0x52aa, 0x52aa, 0x52aa, 0x52aa, 0x52aa, 0x52aa, 0x52aa, 0x52aa, 0x52aa, 0x52aa, 0x52aa, 0x52aa, 0x52aa, 0x52aa, 0x52aa, 0x52aa, 
	0x52aa, 0x52aa, 0x4a69, 0x39c7, 0x2104, 0x0841, 0x0000, 0x0000, 0x0000, 0x0000, 0x0000, 0x0000, 0x0000, 0x0000, 0x0000, 0x0000, 
	0x0000, 0x0000, 0x0000, 0x0000, 0x0000, 0x0000, 0x0000, 0x0000, 0x0000, 0x0000, 0x0000, 0x0000, 0x0000, 0x0000, 0x0000, 0x0000, 
	0x0000, 0x0000, 0x0000, 0x0000, 0x0000, 0x0000, 0x0000, 0x0000, 0x0000, 0x0000, 0x0000, 0x0000, 0x0000, 0x0000, 0x0000, 0x0000, 
	0x0000, 0x0000, 0x0000, 0x0000, 0x0000, 0x0000, 0x0000, 0x0000, 0x0000, 0x0000, 0x0000, 0x0000, 0x0000, 0x0000, 0x0000, 0x0000, 
	0x0000, 0x0000, 0x0000, 0x0000, 0x0000, 0x0000, 0x0000, 0x0000, 0x0000, 0x0000, 0x0000, 0x0000, 0x0000, 0x0000, 0x0000, 0x0000, 
	0x0000, 0x0841, 0x2104, 0x39c7, 0x4a69, 0x52aa, 0x52aa, 0x52aa, 0x52aa, 0x52aa, 0x52aa, 0x52aa, 0x52aa, 0x52aa, 0x52aa, 0x52aa, 
	0x52aa, 0x52aa, 0x52aa, 0x52aa, 0x52aa, 0x52aa, 0x52aa, 0x52aa, 0x52aa, 0x52aa, 0x52aa, 0x52aa, 0x52aa, 0x52aa, 0x52aa, 0x52aa, 
	0x52aa, 0x52aa, 0x52aa, 0x52aa, 0x52aa, 0x52aa, 0x52aa, 0x52aa, 0x52aa, 0x52aa, 0x52aa, 0x52aa, 0x52aa, 0x52aa, 0x4a49, 0x31a6, 
	0x2104, 0x0861, 0x0000, 0x0000, 0x0000, 0x0000, 0x0000, 0x0000, 0x0000, 0x0000, 0x0000, 0x0000, 0x0000, 0x0000, 0x0000, 0x0000, 
	0x0000, 0x0000, 0x0000, 0x0000, 0x0000, 0x0000, 0x0000, 0x0000, 0x0000, 0x0000, 0x0000, 0x0000, 0x0000, 0x0000, 0x0000, 0x0000, 
	0x0000, 0x0000, 0x0000, 0x0000, 0x0000, 0x0000, 0x0000, 0x0000, 0x0000, 0x0000, 0x0000, 0x0000, 0x0000, 0x0000, 0x0000, 0x0000, 
	0x0000, 0x0000, 0x0000, 0x0000, 0x0000, 0x0000, 0x0000, 0x0000, 0x0000, 0x0000, 0x0000, 0x0000, 0x0000, 0x0000, 0x0000, 0x0000, 
	0x0000, 0x0000, 0x0000, 0x0000, 0x0000, 0x0000, 0x0000, 0x0000, 0x0000, 0x0000, 0x0000, 0x0000, 0x0000, 0x0000, 0x0000, 0x0000, 
	0x0000, 0x0000, 0x0000, 0x0000, 0x0000, 0x0861, 0x18e3, 0x3186, 0x4208, 0x528a, 0x52aa, 0x52aa, 0x52aa, 0x52aa, 0x52aa, 0x52aa, 
	0x52aa, 0x52aa, 0x52aa, 0x52aa, 0x52aa, 0x52aa, 0x52aa, 0x52aa, 0x52aa, 0x52aa, 0x52aa, 0x52aa, 0x52aa, 0x52aa, 0x52aa, 0x52aa, 
	0x52aa, 0x52aa, 0x52aa, 0x52aa, 0x52aa, 0x52aa, 0x52aa, 0x52aa, 0x4a69, 0x4208, 0x3186, 0x2124, 0x10a2, 0x0020, 0x0000, 0x0000, 
	0x0000, 0x0000, 0x0000, 0x0000, 0x0000, 0x0000, 0x0000, 0x0000, 0x0000, 0x0000, 0x0000, 0x0000, 0x0000, 0x0000, 0x0000, 0x0000, 
	0x0000, 0x0000, 0x0000, 0x0000, 0x0000, 0x0000, 0x0000, 0x0000, 0x0000, 0x0000, 0x0000, 0x0000, 0x0000, 0x0000, 0x0000, 0x0000, 
	0x0000, 0x0000, 0x0000, 0x0000, 0x0000, 0x0000, 0x0000, 0x0000, 0x0000, 0x0000, 0x0000, 0x0000, 0x0000, 0x0000, 0x0000, 0x0000, 
	0x0000, 0x0000, 0x0000, 0x0000, 0x0000, 0x0000, 0x0000, 0x0000, 0x0000, 0x0000, 0x0000, 0x0000, 0x0000, 0x0000, 0x0000, 0x0000, 
	0x0000, 0x0000, 0x0000, 0x0000, 0x0000, 0x0000, 0x0000, 0x0000, 0x0000, 0x0000, 0x0000, 0x0000, 0x0000, 0x0000, 0x0000, 0x0000, 
	0x0000, 0x0000, 0x0000, 0x0000, 0x0000, 0x0000, 0x0000, 0x0000, 0x0000, 0x0000, 0x0861, 0x18e3, 0x2965, 0x39c7, 0x4a49, 0x52aa, 
	0x52aa, 0x52aa, 0x52aa, 0x52aa, 0x52aa, 0x52aa, 0x52aa, 0x52aa, 0x52aa, 0x52aa, 0x52aa, 0x52aa, 0x52aa, 0x52aa, 0x52aa, 0x52aa, 
	0x39c7, 0x31a6, 0x2965, 0x2945, 0x2104, 0x18c3, 0x0861, 0x0000, 0x0000, 0x0000, 0x0000, 0x0000, 0x0000, 0x0000, 0x0000, 0x0000, 
	0x0000, 0x0000, 0x0000, 0x0000, 0x0000, 0x0000, 0x0000, 0x0000, 0x0000, 0x0000, 0x0000, 0x0000, 0x0000, 0x0000, 0x0000, 0x0000, 
	0x0000, 0x0000, 0x0000, 0x0000, 0x0000, 0x0000, 0x0000, 0x0000, 0x0000, 0x0000, 0x0000, 0x0000, 0x0000, 0x0000, 0x0000, 0x0000, 
	0x0000, 0x0000, 0x0000, 0x0000, 0x0000, 0x0000, 0x0000, 0x0000, 0x0000, 0x0000, 0x0000, 0x0000, 0x0000, 0x0000, 0x0000, 0x0000, 
	0x0000, 0x0000, 0x0000, 0x0000, 0x0000, 0x0000, 0x0000, 0x0000, 0x0000, 0x0000, 0x0000, 0x0000, 0x0000, 0x0000, 0x0000, 0x0000, 
	0x0000, 0x0000, 0x0000, 0x0000, 0x0000, 0x0000, 0x0000, 0x0000, 0x0000, 0x0000, 0x0000, 0x0000, 0x0000, 0x0000, 0x0000, 0x0000, 
	0x0000, 0x0000, 0x0000, 0x0000, 0x0000, 0x0000, 0x0000, 0x0000, 0x0000, 0x0000, 0x0000, 0x0000, 0x0000, 0x0000, 0x0000, 0x0000, 
	0x0841, 0x1082, 0x18e3, 0x2124, 0x2965, 0x31a6, 0x39c7, 0x39e7, 0x4208, 0x4208, 0x4228, 0x18c3, 0x2104, 0x4208, 0x39e7, 0x39e7
};

// ===== IMAGE INDEX =====
#define IMG_BOOT    0
#define IMG_NORMAL  1
#define IMG_DANGER  2

// ===== IMAGE ARRAY (มีแค่อันเดียว!) =====
const uint16_t* const epd_bitmap_allArray[] PROGMEM = {
  epd_bitmap_BOOT,
  epd_bitmap_NORMAL,
  epd_bitmap_DANGER
};

#endif